"species","population_id","site","year","sos","eos","los","ndvi_max","gpp_total","mean_temperature","total_precipitation","parameter_id","longitude","latitude","elevation"
"Quercus_ilex","POP_001","SITE_0002",2018,81,285,204,0.876424492186496,525.468515610057,12.1897582440983,619.360074369765,"PAR_0000001",-6.77709828596562,37.8949858248234,1918
"Quercus_ilex","POP_001","SITE_0012",2019,91,289,198,0.864651080255611,392.624854017554,5.97705734250066,870.996495094993,"PAR_0000002",-4.90618368145078,51.2039337400347,1362
"Quercus_ilex","POP_001","SITE_0007",2020,87,281,194,0.820743864332559,420.607164440988,8.8236297743854,672.24110043589,"PAR_0000003",-2.23859593272209,49.1792192030698,38
"Quercus_ilex","POP_001","SITE_0001",2021,87,295,208,0.825051055074773,486.428414223769,8.25507632558772,699.296347996189,"PAR_0000004",-3.80308096762747,39.5068730739877,1325
"Quercus_ilex","POP_001","SITE_0009",2022,93,279,186,0.903739491773927,489.636817423944,10.8831911194566,711.436860011768,"PAR_0000005",-0.766416369006038,46.6802561189979,1825
"Quercus_ilex","POP_001","SITE_0004",2023,87,278,191,0.778319466933831,535.311247197386,11.720394864556,780.755465134611,"PAR_0000006",1.32339509436861,48.0054684868082,852
"Quercus_ilex","POP_002","SITE_0015",2018,92,306,214,0.740496731762281,428.868937121017,9.81941948568418,1080.9345121379,"PAR_0000007",15.1009145076387,35.1973216515034,697
"Quercus_ilex","POP_002","SITE_0002",2019,89,278,189,0.921064507340412,533.805850547799,11.7279302791968,436.744217686669,"PAR_0000008",2.74653490865603,39.905596296303,1407
"Quercus_ilex","POP_002","SITE_0005",2020,87,288,201,0.894694165211545,511.79457341441,15.0446472317637,798.04028661109,"PAR_0000009",17.3664238629863,41.4694115193561,2089
"Quercus_ilex","POP_002","SITE_0003",2021,74,271,197,0.791037473634862,510.365794104532,10.2513534898446,510.212581776604,"PAR_0000010",7.61168461060151,54.8058652551845,112
"Quercus_ilex","POP_002","SITE_0012",2022,103,283,180,0.843843422931677,523.697835945934,13.4908025401835,692.328833637576,"PAR_0000011",7.90013737976551,50.6641873018816,2180
"Quercus_ilex","POP_002","SITE_0008",2023,110,290,180,0.836760452551638,457.48761868573,8.57711988875355,704.326206651963,"PAR_0000012",16.2228832999244,52.5917751342058,1361
"Quercus_ilex","POP_003","SITE_0011",2018,85,278,193,0.823440794831413,421.621066912307,14.5201446839935,490.470764443512,"PAR_0000013",11.4950564759783,54.2305074818432,1427
"Quercus_ilex","POP_003","SITE_0013",2019,91,284,193,0.835004546011391,510.203475442161,11.4624077731461,960.274991992445,"PAR_0000014",-5.38672961760312,44.7272601304576,2076
"Quercus_ilex","POP_003","SITE_0007",2020,87,288,201,0.805896038447121,510.376432823243,8.79279936779272,643.364788703697,"PAR_0000015",-1.736467811279,38.0732124345377,1991
"Quercus_ilex","POP_003","SITE_0011",2021,85,286,201,0.936947104567012,455.745131702218,10.2740382759051,441.203041203931,"PAR_0000016",0.0351092615164816,53.2005469547585,1382
"Quercus_ilex","POP_003","SITE_0011",2022,103,297,194,0.863063845258478,476.246763989548,11.5108470135483,585.758356342511,"PAR_0000017",19.0384110528976,50.5517034651712,1600
"Quercus_ilex","POP_003","SITE_0003",2023,92,292,200,0.862730178897877,522.373793300568,9.27939266368534,599.490999148771,"PAR_0000018",-3.4891303582117,48.2436452433467,358
"Quercus_ilex","POP_004","SITE_0001",2018,77,275,198,0.875306838621414,418.654717122977,12.2232769159113,887.907912957922,"PAR_0000019",2.87134013371542,48.8606402091682,600
"Quercus_ilex","POP_004","SITE_0002",2019,87,286,199,0.811112875184422,469.432196652619,11.7611164575494,764.704191175942,"PAR_0000020",8.49500294076279,54.7529181884602,214
"Quercus_ilex","POP_004","SITE_0012",2020,109,291,182,0.960243748163953,561.202696205491,12.7423236131478,716.264629278357,"PAR_0000021",-9.95992789510638,50.0935752922669,1706
"Quercus_ilex","POP_004","SITE_0005",2021,103,284,181,0.846324179457653,456.470286024365,11.2319040455677,902.067764568982,"PAR_0000022",13.9054897264577,39.3247543927282,344
"Quercus_ilex","POP_004","SITE_0012",2022,90,280,190,0.866029086452554,502.622585809972,11.9128435936627,816.693078413922,"PAR_0000023",-6.28415976185352,50.7576190726832,1479
"Quercus_ilex","POP_004","SITE_0015",2023,106,296,190,0.804488832330908,468.553631934356,13.4582753852692,725.858536172089,"PAR_0000024",-1.28140969900414,50.3823305107653,1288
"Quercus_ilex","POP_005","SITE_0009",2018,71,279,208,0.902942146812405,565.735665940239,11.7712169473202,957.163737772062,"PAR_0000025",11.2116243201308,35.9198050107807,2378
"Quercus_ilex","POP_005","SITE_0009",2019,81,256,175,0.880420416545312,520.826608732991,9.6407424502776,498.687166073938,"PAR_0000026",15.8894747379236,43.0907516181469,2215
"Quercus_ilex","POP_005","SITE_0004",2020,79,285,206,0.854555936792183,474.812925626011,10.6816991998075,488.677586291212,"PAR_0000027",8.31095269182697,36.0385117912665,2060
"Quercus_ilex","POP_005","SITE_0003",2021,96,279,183,0.811049960321026,502.393934774522,13.315575473242,637.443510191539,"PAR_0000028",6.42585362307727,47.5130913965404,642
"Quercus_ilex","POP_005","SITE_0001",2022,96,258,162,0.90384100844113,501.122953786654,11.1653029051414,608.151651567683,"PAR_0000029",15.7378588640131,35.058485600166,2275
"Quercus_ilex","POP_005","SITE_0011",2023,99,284,185,0.885773712553855,396.67556322249,8.26038515396083,1139.58019305053,"PAR_0000030",16.3494029385038,50.1333610154688,1607
"Quercus_ilex","POP_006","SITE_0014",2018,85,280,195,0.902128025594793,446.45307244904,15.3143415564895,675.512420927411,"PAR_0000031",-1.70213306322694,35.2487548114732,2240
"Quercus_ilex","POP_006","SITE_0015",2019,92,261,169,0.831768699010584,522.91568510389,6.96995434372126,905.545267277551,"PAR_0000032",16.9907528092153,54.769040979445,1475
"Quercus_ilex","POP_006","SITE_0013",2020,84,280,196,0.899686352570923,404.024400444549,9.03386240746013,716.045491835519,"PAR_0000033",-5.40736694587395,52.0884667523205,1732
"Quercus_ilex","POP_006","SITE_0013",2021,82,296,214,0.829552913042584,440.466263767537,11.458274729398,822.289893724197,"PAR_0000034",-1.61054476862773,44.7633541468531,115
"Quercus_ilex","POP_006","SITE_0004",2022,87,289,202,0.810792996697329,413.848789236504,12.0973780779563,473.722110982878,"PAR_0000035",14.3077483936213,46.9742148043588,899
"Quercus_ilex","POP_006","SITE_0007",2023,89,302,213,0.828763723624516,455.30964187671,9.07420687191759,1048.81459498016,"PAR_0000036",9.11487528821453,40.3236471489072,1629
"Quercus_ilex","POP_007","SITE_0005",2018,90,288,198,0.854312966753445,369.28444786641,9.88443439685573,723.94790613883,"PAR_0000037",-1.47679276298732,46.9492897111923,886
"Quercus_ilex","POP_007","SITE_0015",2019,87,288,201,0.89468567510822,470.948186100793,7.29772975083669,672.538226969267,"PAR_0000038",-2.73239898029715,42.451399769634,243
"Quercus_ilex","POP_007","SITE_0015",2020,82,274,192,0.856674406663685,472.999416415402,10.0579583247791,634.907449578699,"PAR_0000039",1.39068842167035,35.579112265259,382
"Quercus_ilex","POP_007","SITE_0007",2021,92,291,199,0.886628372717847,399.345237421761,11.2210396435553,442.394061846092,"PAR_0000040",-6.46964817075059,48.1647933088243,2383
"Quercus_ilex","POP_007","SITE_0001",2022,101,287,186,0.83567996975932,472.881603359146,12.2003174359623,870.796926179119,"PAR_0000041",6.67932922020555,49.0926791867241,2197
"Quercus_ilex","POP_007","SITE_0005",2023,103,276,173,0.899584111177865,479.259416304808,8.76857019938284,934.314149109545,"PAR_0000042",-7.51268257619813,44.3943751044571,780
"Quercus_ilex","POP_008","SITE_0007",2018,84,286,202,0.853343474188421,482.436934656772,9.83451883191364,694.152180778175,"PAR_0000043",8.98561904206872,37.8142258990556,630
"Quercus_ilex","POP_008","SITE_0002",2019,69,289,220,0.89814386593678,512.312999970942,11.2708208445046,780.657594857436,"PAR_0000044",7.20916872378439,39.4601339008659,1328
"Quercus_ilex","POP_008","SITE_0012",2020,98,283,185,0.731743616930635,403.755525579922,8.93391874271336,630.046906047514,"PAR_0000045",3.64197509828955,54.7774191666394,2233
"Quercus_ilex","POP_008","SITE_0003",2021,89,283,194,0.846958815686505,439.359509057729,8.61098482235697,787.833977382718,"PAR_0000046",-2.36043692566454,39.4356704037637,495
"Quercus_ilex","POP_008","SITE_0012",2022,78,307,229,0.898778638383732,501.511956730054,9.55982819723388,469.490165662767,"PAR_0000047",-3.83176759118214,47.0397450122982,138
"Quercus_ilex","POP_008","SITE_0009",2023,99,289,190,0.853302425397548,446.494548139691,11.2351778260027,654.238546989252,"PAR_0000048",-2.65036834636703,44.4082729239017,1202
"Quercus_ilex","POP_009","SITE_0012",2018,68,298,230,0.845930431452858,513.634926615799,8.87105815143995,573.282865949894,"PAR_0000049",-5.63970047049224,42.7239795867354,548
"Quercus_ilex","POP_009","SITE_0014",2019,86,282,196,0.801902089601336,518.464785525443,12.0991711108154,897.71200548902,"PAR_0000050",4.59194995462894,49.8856991715729,403
"Quercus_ilex","POP_009","SITE_0012",2020,95,289,194,0.866625849170917,484.777641776344,14.0556802435573,677.887320883843,"PAR_0000051",-9.93842345895246,41.8585901847109,1916
"Quercus_ilex","POP_009","SITE_0008",2021,99,274,175,0.891363337907323,478.717011667613,11.562350326078,769.314658975767,"PAR_0000052",-6.87023397069424,35.9883795538917,1100
"Quercus_ilex","POP_009","SITE_0001",2022,90,284,194,0.886026007034525,489.254630694243,6.60172271668625,929.204294518609,"PAR_0000053",4.1458523273468,44.9713861895725,2456
"Quercus_ilex","POP_009","SITE_0005",2023,93,284,191,0.861218136018696,555.928679361466,6.76447794256584,867.436278719222,"PAR_0000054",8.99576534284279,52.4906886182725,1323
"Quercus_ilex","POP_010","SITE_0009",2018,70,270,200,0.802318464750969,432.073619059516,9.65873692382342,871.275340190187,"PAR_0000055",6.38597430195659,46.7974799359217,2134
"Quercus_ilex","POP_010","SITE_0006",2019,88,279,191,0.843501353842013,462.289258094161,10.9180203242791,618.587135463765,"PAR_0000056",-9.83918704790995,40.1260400982574,1967
"Quercus_ilex","POP_010","SITE_0014",2020,89,270,181,0.781966887953796,530.767887749158,11.0261074921899,653.875411087449,"PAR_0000057",10.6986496038735,44.6857202239335,1221
"Quercus_ilex","POP_010","SITE_0002",2021,78,288,210,0.898409529057797,461.545257912256,9.94732959796687,918.105304330816,"PAR_0000058",11.4618374989368,42.4207054590806,2029
"Quercus_ilex","POP_010","SITE_0002",2022,103,277,174,0.929698303031848,488.43915951076,10.285587582653,822.360968071615,"PAR_0000059",-4.13335197372362,53.4393062163144,754
"Quercus_ilex","POP_010","SITE_0009",2023,93,285,192,0.833612504866431,520.021905433613,8.44091257790682,706.701640110919,"PAR_0000060",3.90432950574905,52.9173468379304,1472
"Quercus_ilex","POP_011","SITE_0004",2018,72,277,205,0.809676728597371,532.283721345117,8.43369128515875,624.589725982502,"PAR_0000061",-8.77819052431732,54.6295947674662,797
"Quercus_ilex","POP_011","SITE_0015",2019,94,296,202,0.907033435191429,453.341834120987,9.22309095200409,897.872619453941,"PAR_0000062",2.90472453460097,50.0629443349317,524
"Quercus_ilex","POP_011","SITE_0015",2020,87,288,201,0.904351767430579,510.351336536267,8.85372917590557,722.310888537879,"PAR_0000063",8.30799187533557,54.3662075186148,2263
"Quercus_ilex","POP_011","SITE_0007",2021,91,272,181,0.86868828684951,406.051554153877,9.47243878906627,574.746766292186,"PAR_0000064",0.305547504685819,41.4497675700113,2120
"Quercus_ilex","POP_011","SITE_0002",2022,90,275,185,0.848262460817635,494.898702522891,10.597388064882,1138.87877159532,"PAR_0000065",19.2803860711865,54.5527152530849,1751
"Quercus_ilex","POP_011","SITE_0001",2023,93,265,172,0.849485128465654,539.020070405236,6.93077200534779,420.256990254737,"PAR_0000066",0.700602806173265,47.4646979011595,1719
"Quercus_ilex","POP_012","SITE_0002",2018,79,276,197,0.934334774902028,478.368793051507,8.03820701765264,621.595484732686,"PAR_0000067",-2.81719165388495,52.8709411108866,2158
"Quercus_ilex","POP_012","SITE_0006",2019,86,279,193,0.818351361452374,450.761846939386,8.01847741189561,646.392041832538,"PAR_0000068",13.5949799721129,48.7942302972078,2233
"Quercus_ilex","POP_012","SITE_0013",2020,87,300,213,0.876884652471575,473.976884437027,8.17675560310322,845.321728618275,"PAR_0000069",19.3828572332859,35.9937043627724,549
"Quercus_ilex","POP_012","SITE_0015",2021,87,294,207,0.785720141379509,400.863829097155,7.70239964409086,832.319953536261,"PAR_0000070",-5.73938528541476,36.1135582206771,1909
"Quercus_ilex","POP_012","SITE_0013",2022,96,301,205,0.789521932617298,394.950450415626,10.1635648497872,670.986339037067,"PAR_0000071",8.817704312969,48.837670260109,1080
"Quercus_ilex","POP_012","SITE_0002",2023,84,297,213,0.828362856439657,485.913776979675,4.5310882435147,538.944550826399,"PAR_0000072",8.59817131655291,38.1622457271442,629
"Quercus_ilex","POP_013","SITE_0013",2018,75,304,229,0.800320650435205,420.337772808582,9.2721799044923,740.28210279576,"PAR_0000073",8.39619303587824,50.9383313776925,2479
"Quercus_ilex","POP_013","SITE_0005",2019,82,273,191,0.896264349068299,513.464907321059,10.9806193236932,665.180672982449,"PAR_0000074",11.8460958544165,48.6766739096493,61
"Quercus_ilex","POP_013","SITE_0009",2020,95,283,188,0.91927927428774,401.212312915674,9.99316171395006,782.672388589699,"PAR_0000075",-0.0882880203425884,42.9702319717035,2446
"Quercus_ilex","POP_013","SITE_0008",2021,94,294,200,0.84510961739267,452.212731766369,10.0222403982614,300.398012547439,"PAR_0000076",5.23823278490454,44.9718172568828,995
"Quercus_ilex","POP_013","SITE_0004",2022,92,282,190,0.90518123455583,454.099698830894,10.5012549244044,915.466838306471,"PAR_0000077",17.176240470726,44.1698424657807,759
"Quercus_ilex","POP_013","SITE_0010",2023,91,309,218,0.924114659471554,504.664372581777,9.843892780269,828.119305700098,"PAR_0000078",8.7865764182061,43.3598868316039,237
"Quercus_ilex","POP_014","SITE_0011",2018,81,279,198,0.881682285270572,419.3180880963,7.94699657483616,733.857723599554,"PAR_0000079",13.9348305994645,38.3985783392563,2009
"Quercus_ilex","POP_014","SITE_0013",2019,77,265,188,0.831368122734346,438.047046087696,11.9616297479335,721.385726708693,"PAR_0000080",9.14202921791002,35.4837601119652,91
"Quercus_ilex","POP_014","SITE_0003",2020,107,264,157,0.898116070686162,434.391367349359,10.6609976937933,704.558683244297,"PAR_0000081",8.05013604927808,52.134757693857,2188
"Quercus_ilex","POP_014","SITE_0005",2021,85,285,200,0.786837618089571,443.146373158158,11.2082150290016,657.120117912914,"PAR_0000082",3.22987588122487,54.3741656001657,274
"Quercus_ilex","POP_014","SITE_0009",2022,95,288,193,0.832735394611585,521.352940505407,11.442585592064,669.987808195258,"PAR_0000083",-1.0627661831677,46.9981298362836,2343
"Quercus_ilex","POP_014","SITE_0008",2023,108,306,198,0.819268396924016,367.247725722592,9.23089914003531,734.018850971835,"PAR_0000084",-9.32674243813381,53.7950133392587,62
"Quercus_ilex","POP_015","SITE_0007",2018,86,283,197,0.81316954347668,498.824842429165,12.8667732854668,593.7403715089,"PAR_0000085",12.9494713013992,45.9599877102301,1179
"Quercus_ilex","POP_015","SITE_0002",2019,72,282,210,0.964544708670156,413.780756012431,10.4238926131457,848.571084045312,"PAR_0000086",-3.34077257895842,47.6722661405802,1939
"Quercus_ilex","POP_015","SITE_0003",2020,91,278,187,0.830771436205536,457.67137385554,8.83668746639581,756.568623042186,"PAR_0000087",10.3108338778839,51.6718387091532,2236
"Quercus_ilex","POP_015","SITE_0007",2021,96,285,189,0.850790166566522,473.481498712887,8.9686020297842,642.579203352426,"PAR_0000088",-0.443820615764707,49.6064465958625,1279
"Quercus_ilex","POP_015","SITE_0009",2022,78,310,232,0.782302868300471,471.667516411217,10.5136163236872,901.790861150435,"PAR_0000089",9.07349483808503,48.8227175129578,1653
"Quercus_ilex","POP_015","SITE_0009",2023,96,277,181,0.815807900778597,482.027001961885,12.4939882204933,692.973228606013,"PAR_0000090",17.3525420902297,52.284796750173,881
"Quercus_ilex","POP_016","SITE_0003",2018,90,281,191,0.814221411854841,450.775234003442,10.4512318785294,760.493601073233,"PAR_0000091",10.921076326631,45.477106096223,1829
"Quercus_ilex","POP_016","SITE_0005",2019,87,291,204,0.902534375475283,463.319287976023,9.29227794037485,753.745774903427,"PAR_0000092",13.8171649328433,53.1224784068763,1916
"Quercus_ilex","POP_016","SITE_0013",2020,85,289,204,0.764848824812637,378.056196785299,7.01113869662114,616.92087311857,"PAR_0000093",-4.72933248151094,54.7616715123877,1884
"Quercus_ilex","POP_016","SITE_0008",2021,75,269,194,0.861267301335518,474.075053038487,6.06220372359524,568.118352848198,"PAR_0000094",13.447473871056,42.1811443567276,2237
"Quercus_ilex","POP_016","SITE_0001",2022,96,280,184,0.880736995158414,462.650373061901,9.73334512634217,574.885931071952,"PAR_0000095",9.53748275758699,36.0838592657819,312
"Quercus_ilex","POP_016","SITE_0012",2023,95,280,185,0.804873416845085,391.062606906741,10.789235400848,605.623470164416,"PAR_0000096",-1.6821450740099,50.3283317154273,1924
"Quercus_ilex","POP_017","SITE_0004",2018,78,283,205,0.944589062539605,485.397023844776,8.59751874746632,809.23786880388,"PAR_0000097",-5.37448930786923,42.3382015479729,2439
"Quercus_ilex","POP_017","SITE_0010",2019,83,264,181,0.837793397892511,552.765534510785,9.44501546978698,588.003888645646,"PAR_0000098",-3.53410666575655,44.7174018342048,14
"Quercus_ilex","POP_017","SITE_0009",2020,91,276,185,0.839201682383623,475.239145351232,6.46691686461614,541.770414246957,"PAR_0000099",-8.13711732625961,38.1562301935628,1149
"Quercus_ilex","POP_017","SITE_0003",2021,92,280,188,0.859267834854989,452.111849518388,11.2020477731902,737.91854510489,"PAR_0000100",2.56181829143316,46.3840914703906,1221
"Quercus_ilex","POP_017","SITE_0001",2022,100,282,182,0.792989149716807,400.411445175872,7.03799930470741,1066.94975132343,"PAR_0000101",14.9186067306437,52.1366962371394,2177
"Quercus_ilex","POP_017","SITE_0009",2023,81,263,182,0.879242239538316,383.719644769658,9.03676757491553,874.649900547503,"PAR_0000102",9.52132081380114,49.7556492732838,1822
"Quercus_ilex","POP_018","SITE_0011",2018,80,294,214,0.860568437217984,514.391165538955,11.597207397161,576.73143927082,"PAR_0000103",-0.348555005621165,36.1510260310024,856
"Quercus_ilex","POP_018","SITE_0007",2019,87,297,210,0.824948181588578,518.893362253141,8.97357090690867,710.554948768887,"PAR_0000104",10.818365609739,51.5863561537117,2451
"Quercus_ilex","POP_018","SITE_0008",2020,82,265,183,0.888438434681633,471.75073561848,12.8456229387466,711.164334754392,"PAR_0000105",-5.41054881410673,38.1856989581138,1084
"Quercus_ilex","POP_018","SITE_0011",2021,100,308,208,0.83103286516896,433.251948774008,11.981706989248,640.394382941134,"PAR_0000106",9.66027051443234,46.725362399593,2186
"Quercus_ilex","POP_018","SITE_0003",2022,95,284,189,0.937147649178858,489.233603967072,11.2374154292489,556.722343187524,"PAR_0000107",-2.28672842495143,38.2143451878801,1537
"Quercus_ilex","POP_018","SITE_0001",2023,103,276,173,0.922740287057223,538.371436037295,8.38236664171409,891.73937660504,"PAR_0000108",-5.43690242571756,52.3353762505576,150
"Quercus_ilex","POP_019","SITE_0013",2018,91,281,190,0.919577177917283,521.951237300022,12.8305862532502,680.289050952097,"PAR_0000109",8.04201390128583,40.7622061762959,658
"Quercus_ilex","POP_019","SITE_0009",2019,90,266,176,0.860529671036609,461.897489114341,8.90694800170147,722.818291441041,"PAR_0000110",12.5401736306958,45.3030274948105,28
"Quercus_ilex","POP_019","SITE_0004",2020,102,283,181,0.782110268871529,433.261333143659,7.53741211873009,936.877117170368,"PAR_0000111",16.3906660978682,41.3715057400987,764
"Quercus_ilex","POP_019","SITE_0014",2021,95,295,200,0.920720984416115,511.842353924584,9.84256404956789,855.793328196253,"PAR_0000112",18.9588673925027,49.7783638164401,1599
"Quercus_ilex","POP_019","SITE_0013",2022,96,267,171,0.771413304643335,390.077023488513,11.3339699708845,777.242565388746,"PAR_0000113",-9.5157693233341,43.0222911108285,1360
"Quercus_ilex","POP_019","SITE_0009",2023,95,295,200,0.83309455225734,459.790093284785,7.69766741609718,548.964444983638,"PAR_0000114",10.5046484223567,45.9500156342983,2249
"Quercus_ilex","POP_020","SITE_0004",2018,77,269,192,0.799691143352407,528.88674435667,11.0005918398884,774.321456360695,"PAR_0000115",13.0702153616585,42.2125407215208,494
"Quercus_ilex","POP_020","SITE_0006",2019,91,288,197,0.823543333355939,445.015562689306,7.16540573433432,533.993427924419,"PAR_0000116",12.649235909339,44.6634113229811,1327
"Quercus_ilex","POP_020","SITE_0008",2020,93,276,183,0.876114207240125,455.737756791222,11.8719295846617,674.888326253474,"PAR_0000117",5.28630404034629,37.9901651013643,2044
"Quercus_ilex","POP_020","SITE_0011",2021,92,282,190,0.859252792769742,430.595473525635,6.87275085498892,955.004948874838,"PAR_0000118",-4.58266121800989,53.3746962249279,2479
"Quercus_ilex","POP_020","SITE_0008",2022,100,291,191,0.81247354109839,477.56459347457,10.9189850896608,859.908883873464,"PAR_0000119",16.6541710752062,54.4576188549399,1819
"Quercus_ilex","POP_020","SITE_0010",2023,106,299,193,0.920507569242248,480.293716212936,12.3646246735817,743.99571522287,"PAR_0000120",-0.931341866962612,42.2802729019895,2240
"Quercus_ilex","POP_021","SITE_0008",2018,72,280,208,0.90877988016611,478.249166854478,11.2885392329869,1065.88975277585,"PAR_0000121",3.98666778346524,41.8948595691472,1996
"Quercus_ilex","POP_021","SITE_0008",2019,82,268,186,0.868335812184729,528.537255064224,8.64927536552901,824.087533149848,"PAR_0000122",14.1211186768487,44.0509796701372,1610
"Quercus_ilex","POP_021","SITE_0012",2020,107,295,188,0.950761712249989,366.788426337277,11.3122344919129,546.102867317814,"PAR_0000123",13.7859280523844,40.2426452655345,1756
"Quercus_ilex","POP_021","SITE_0007",2021,93,281,188,0.888630786258144,502.951422625755,8.94547041583599,893.939538598624,"PAR_0000124",6.38397882925346,40.7328239129856,441
"Quercus_ilex","POP_021","SITE_0013",2022,99,294,195,0.947969654712834,558.833056395209,10.2238607000922,690.41787681389,"PAR_0000125",17.5109715433791,44.2397262435406,2143
"Quercus_ilex","POP_021","SITE_0014",2023,100,278,178,0.8423244568019,522.18952294725,8.03588068637433,730.029778034616,"PAR_0000126",-9.75481522269547,44.3627356830984,1061
"Quercus_ilex","POP_022","SITE_0004",2018,92,268,176,0.859682345329383,496.135166764062,8.2191144562315,687.725544026176,"PAR_0000127",-7.40588946035132,45.1217281259596,293
"Quercus_ilex","POP_022","SITE_0012",2019,84,277,193,0.914422278761169,510.530500049989,8.66599648549939,639.185888925754,"PAR_0000128",7.50017983838916,45.7547869486734,1620
"Quercus_ilex","POP_022","SITE_0008",2020,95,293,198,0.832100446812923,503.425069511367,12.9191494525532,908.100998026345,"PAR_0000129",11.7673388356343,46.6800000937656,881
"Quercus_ilex","POP_022","SITE_0015",2021,95,295,200,0.848232619748691,491.340633048915,12.4295010795699,595.918394081213,"PAR_0000130",19.807077771984,37.8013679338619,572
"Quercus_ilex","POP_022","SITE_0008",2022,86,283,197,0.809659154709981,453.873320809834,8.10082318844847,680.352959826076,"PAR_0000131",3.7530732434243,49.3874513590708,51
"Quercus_ilex","POP_022","SITE_0001",2023,106,281,175,0.902757290307987,529.349203853119,12.1306521115612,953.371018546356,"PAR_0000132",-6.73097636085004,37.4009012663737,62
"Quercus_ilex","POP_023","SITE_0004",2018,87,289,202,0.914889406331072,503.054305310595,9.35159814440489,923.894503874931,"PAR_0000133",-7.7615897427313,50.9381370432675,1689
"Quercus_ilex","POP_023","SITE_0004",2019,86,268,182,0.91625329469415,470.535265136481,15.131829553046,756.643313970093,"PAR_0000134",-4.72494360525161,38.0204151663929,511
"Quercus_ilex","POP_023","SITE_0006",2020,90,279,189,0.928857243897434,481.471227575514,10.6657881421231,729.516614140687,"PAR_0000135",-9.82281705131754,51.3575622066855,2000
"Quercus_ilex","POP_023","SITE_0014",2021,96,284,188,0.843672786911624,470.756661667222,9.69560834187238,921.12145930257,"PAR_0000136",-0.22680772934109,47.198771815747,1601
"Quercus_ilex","POP_023","SITE_0007",2022,95,270,175,0.955590861090734,507.077464642531,11.6298349108963,660.978655497403,"PAR_0000137",8.629327241797,42.8089141938835,1777
"Quercus_ilex","POP_023","SITE_0010",2023,97,283,186,0.809112758525392,431.081463204284,9.87910590535715,794.186287261625,"PAR_0000138",-8.89957787469029,46.8212652672082,1935
"Quercus_ilex","POP_024","SITE_0013",2018,103,282,179,0.87047064063699,450.832870934007,8.93696426389055,751.60270588153,"PAR_0000139",13.0883883615024,45.9072510153055,901
"Quercus_ilex","POP_024","SITE_0004",2019,99,285,186,0.820751321665997,409.569678759255,10.2179517235749,547.954949019317,"PAR_0000140",2.02158713480458,35.4516802914441,616
"Quercus_ilex","POP_024","SITE_0001",2020,88,293,205,0.890574966905057,571.635821878126,10.5942358954459,612.44038507404,"PAR_0000141",12.0019315765239,36.0812313808128,1471
"Quercus_ilex","POP_024","SITE_0002",2021,84,271,187,0.814532833769226,438.932349199405,8.5505659085497,571.718724670637,"PAR_0000142",0.886000222526491,50.8672387013212,599
"Quercus_ilex","POP_024","SITE_0005",2022,95,288,193,0.881357509105708,423.868198602066,9.40201780896525,704.686258845138,"PAR_0000143",7.76932346168905,43.8300298154354,236
"Quercus_ilex","POP_024","SITE_0007",2023,95,294,199,0.864111816037075,460.302748850943,9.0398924554739,918.552837233337,"PAR_0000144",9.69444421119988,36.8240222893655,1202
"Quercus_ilex","POP_025","SITE_0009",2018,81,286,205,0.870154638986377,339.353641868099,10.6877181221859,928.178664114544,"PAR_0000145",-7.10148826939985,50.7498465897515,1492
"Quercus_ilex","POP_025","SITE_0014",2019,91,281,190,0.852937441760044,498.293998657445,10.8603210322307,649.566361409352,"PAR_0000146",14.9968979251571,43.330391459167,1190
"Quercus_ilex","POP_025","SITE_0008",2020,83,276,193,0.880490780572226,475.299194157069,12.8846056220012,898.797374053586,"PAR_0000147",13.1530714593828,44.9968994967639,667
"Quercus_ilex","POP_025","SITE_0010",2021,96,266,170,0.82515021857351,375.688091545027,11.0053408712467,783.150471130357,"PAR_0000148",17.8592830314301,43.9747767476365,1671
"Quercus_ilex","POP_025","SITE_0009",2022,98,284,186,0.842011855257816,538.331640863248,10.8564346962482,734.422183012237,"PAR_0000149",19.8554564546794,42.2141241561621,778
"Quercus_ilex","POP_025","SITE_0010",2023,101,286,185,0.889890641449464,472.309992206336,5.88944071378866,620.801381247803,"PAR_0000150",-9.10838735057041,37.6446062186733,2060
"Quercus_ilex","POP_026","SITE_0009",2018,96,263,167,0.876274638582656,393.757515838979,7.92556277458364,612.113015701019,"PAR_0000151",18.0933565553278,35.533851608634,956
"Quercus_ilex","POP_026","SITE_0005",2019,98,269,171,0.898306671734823,519.569781456471,8.62197799731537,777.265504639493,"PAR_0000152",9.87163130193949,50.4970922973007,1650
"Quercus_ilex","POP_026","SITE_0003",2020,81,275,194,0.803281357377808,375.706824315815,8.07323060220835,738.637629922024,"PAR_0000153",2.40116110304371,37.3870187578723,844
"Quercus_ilex","POP_026","SITE_0004",2021,82,294,212,0.89089427851267,505.179320588673,11.2217358620347,717.859549944947,"PAR_0000154",18.5292777908035,44.3598491325974,1325
"Quercus_ilex","POP_026","SITE_0015",2022,91,307,216,0.828414620678992,496.058272940247,13.584755482154,841.899713649055,"PAR_0000155",12.1164689492434,48.0306906020269,1281
"Quercus_ilex","POP_026","SITE_0007",2023,103,295,192,0.856240601576445,498.016310325903,8.40240119793778,620.984890272502,"PAR_0000156",3.04117671446875,52.0315659232438,747
"Quercus_ilex","POP_027","SITE_0010",2018,84,285,201,0.845519864460457,423.24270010009,10.0824434880859,752.311194483477,"PAR_0000157",7.62080162763596,46.8402507388964,522
"Quercus_ilex","POP_027","SITE_0009",2019,79,274,195,0.823190972496228,435.507639025795,8.75094533550952,775.480339701756,"PAR_0000158",-9.85033633420244,43.5899554332718,623
"Quercus_ilex","POP_027","SITE_0013",2020,95,287,192,0.911496571962758,478.950589040071,11.0658908513876,732.561042275797,"PAR_0000159",10.5426101037301,39.1031607845798,864
"Quercus_ilex","POP_027","SITE_0005",2021,85,285,200,0.818138368355533,537.274612269521,11.6118889449349,548.418621838706,"PAR_0000160",14.4217871618457,54.5680914726108,2307
"Quercus_ilex","POP_027","SITE_0013",2022,91,299,208,0.812616865117794,479.455498921819,9.50164561307412,687.456277774157,"PAR_0000161",4.71704199444503,37.3035392165184,215
"Quercus_ilex","POP_027","SITE_0008",2023,83,298,215,0.849614602345357,349.915414724847,11.0824140490885,546.593137561759,"PAR_0000162",11.0497420816682,46.2980354623869,1545
"Quercus_ilex","POP_028","SITE_0012",2018,76,290,214,0.987875015535736,502.069006439139,9.02978298113682,576.806061708107,"PAR_0000163",-7.58476132759824,53.0809849826619,1465
"Quercus_ilex","POP_028","SITE_0015",2019,83,288,205,0.863383558492776,432.693277659314,8.02157277988127,695.039114140826,"PAR_0000164",-5.36892337491736,42.6666680816561,1490
"Quercus_ilex","POP_028","SITE_0014",2020,100,282,182,0.876454515529792,405.982306734065,10.2284106369437,624.731751535063,"PAR_0000165",0.994893067982048,46.8919475981966,2014
"Quercus_ilex","POP_028","SITE_0012",2021,86,282,196,0.846682475428622,495.6989396794,7.51728115105572,650.517761886628,"PAR_0000166",15.8978133206256,36.8605504743755,1626
"Quercus_ilex","POP_028","SITE_0001",2022,105,287,182,0.841640979097933,422.859805025585,9.02808155062356,636.280133743871,"PAR_0000167",0.81442073918879,44.9478725716472,909
"Quercus_ilex","POP_028","SITE_0015",2023,105,291,186,0.790782481112743,483.844250810999,6.76807457933676,478.601556392341,"PAR_0000168",12.382787221577,54.9302205909044,438
"Quercus_ilex","POP_029","SITE_0009",2018,86,259,173,0.909723151159182,535.712908361324,11.4707105935727,788.527682261098,"PAR_0000169",12.1749736554921,53.2241850579157,1263
"Quercus_ilex","POP_029","SITE_0014",2019,98,276,178,0.961701606064431,476.654004521862,9.66596094274731,901.792931745838,"PAR_0000170",-1.57979705603793,47.7930186549202,1125
"Quercus_ilex","POP_029","SITE_0003",2020,74,266,192,0.835239672416288,480.820613110329,8.80263338207692,531.390337053433,"PAR_0000171",-6.6155453864485,45.7292025629431,321
"Quercus_ilex","POP_029","SITE_0007",2021,95,291,196,0.894488273302188,500.903709036621,8.25650248451842,628.645655088699,"PAR_0000172",-1.56099589541554,50.2437559934333,2393
"Quercus_ilex","POP_029","SITE_0014",2022,87,272,185,0.877366522633203,491.110455289018,9.29266181855177,716.287552969247,"PAR_0000173",16.340423678048,42.2018185816705,246
"Quercus_ilex","POP_029","SITE_0013",2023,106,291,185,0.872669635004514,414.667731431761,9.71279419704502,554.539619303827,"PAR_0000174",1.9995585642755,50.5483403801918,516
"Quercus_ilex","POP_030","SITE_0004",2018,77,268,191,0.919403427695,462.790194449945,7.13310753057253,941.956404622432,"PAR_0000175",-8.09521629707888,35.543351448141,144
"Quercus_ilex","POP_030","SITE_0009",2019,83,277,194,0.8415401111969,451.978757645274,9.73137688980307,870.635234915929,"PAR_0000176",-8.84515680372715,42.6156682660803,1229
"Quercus_ilex","POP_030","SITE_0014",2020,103,276,173,0.816725870946707,472.798767308534,12.9700707222726,696.763139083896,"PAR_0000177",16.326816950459,37.4572243914008,451
"Quercus_ilex","POP_030","SITE_0008",2021,100,275,175,0.825678416215018,425.771820413502,9.85988841559665,748.063457694616,"PAR_0000178",17.4782819743268,51.3635328412056,160
"Quercus_ilex","POP_030","SITE_0006",2022,99,303,204,0.85587002736358,460.865271889384,8.93030427705652,732.030976882576,"PAR_0000179",11.5961562818848,52.8463764535263,127
"Quercus_ilex","POP_030","SITE_0004",2023,94,279,185,0.7513354649081,434.89651310674,11.1357175437953,946.429596651508,"PAR_0000180",9.01398373069242,36.574079846032,1404
"Pinus_sylvestris","POP_001","SITE_0011",2018,106,308,202,0.760562265207316,503.706899406039,9.64398532477981,654.173355564644,"PAR_0000181",2.58797250455245,39.9754141364247,1359
"Pinus_sylvestris","POP_001","SITE_0001",2019,111,320,209,0.747359733809758,454.040133501414,7.59472628637999,777.218192200784,"PAR_0000182",-2.43441151687875,40.8191365655512,160
"Pinus_sylvestris","POP_001","SITE_0001",2020,111,309,198,0.764117067110089,395.373272568303,11.8993366044797,768.753376847742,"PAR_0000183",14.5328456186689,44.6225231513381,756
"Pinus_sylvestris","POP_001","SITE_0006",2021,113,308,195,0.727678339817694,411.822503460006,12.0182363820011,743.497025340268,"PAR_0000184",3.03209553007036,39.1810259781778,2166
"Pinus_sylvestris","POP_001","SITE_0012",2022,116,320,204,0.726999736816226,537.685910875128,10.5250179275955,862.59338304596,"PAR_0000185",-0.821289846207947,45.2096885722131,1664
"Pinus_sylvestris","POP_001","SITE_0003",2023,118,314,196,0.757540597035834,325.116437800191,9.39146026715142,864.925250160102,"PAR_0000186",2.54512781277299,51.0252534598112,1292
"Pinus_sylvestris","POP_002","SITE_0011",2018,118,316,198,0.743270925881635,392.315997019593,10.490832312094,671.047072757061,"PAR_0000187",-2.08143370458856,49.7574333986267,1391
"Pinus_sylvestris","POP_002","SITE_0002",2019,116,308,192,0.750359845197317,432.429783365406,12.046378032929,824.708935404663,"PAR_0000188",19.172511738725,39.8023756872863,153
"Pinus_sylvestris","POP_002","SITE_0004",2020,118,305,187,0.749812277402262,405.069715630489,11.2202903023762,676.411940183952,"PAR_0000189",10.9114528400823,50.7629143679515,1889
"Pinus_sylvestris","POP_002","SITE_0001",2021,112,311,199,0.757127958457066,471.255757157383,8.56445865803461,851.786803169885,"PAR_0000190",2.74331131251529,51.8227259628475,2105
"Pinus_sylvestris","POP_002","SITE_0009",2022,110,307,197,0.747798242591031,385.866258747322,7.77973127408772,1063.64871715526,"PAR_0000191",12.4398752395064,39.8631470650434,1909
"Pinus_sylvestris","POP_002","SITE_0009",2023,119,316,197,0.746769763385102,448.779104737618,9.7888447613918,946.621366731679,"PAR_0000192",15.5114655243233,48.9264545589685,1169
"Pinus_sylvestris","POP_003","SITE_0014",2018,117,304,187,0.734468825665896,411.971187827074,11.3640449859528,411.597722213465,"PAR_0000193",14.6290666679852,46.2433753814548,2285
"Pinus_sylvestris","POP_003","SITE_0006",2019,121,305,184,0.767049804751819,475.177258118555,11.5134669308922,539.391120642962,"PAR_0000194",-2.85588032566011,50.5524266790599,1557
"Pinus_sylvestris","POP_003","SITE_0005",2020,115,312,197,0.705503842444532,393.813820681342,10.3078357944409,682.644699169734,"PAR_0000195",-5.03210747148842,50.2806842606515,629
"Pinus_sylvestris","POP_003","SITE_0003",2021,118,313,195,0.745313894525196,481.737580933937,11.1408271335354,870.738455714266,"PAR_0000196",-5.45202493667603,52.7287374529988,695
"Pinus_sylvestris","POP_003","SITE_0001",2022,114,308,194,0.774781864568115,387.903628076001,8.00100029631695,993.262657511869,"PAR_0000197",0.537557376082987,39.9473139178008,255
"Pinus_sylvestris","POP_003","SITE_0002",2023,115,309,194,0.755669133398047,443.942507153269,12.2280867885951,620.428424016414,"PAR_0000198",2.63753003207967,41.2508546374738,1841
"Pinus_sylvestris","POP_004","SITE_0006",2018,111,314,203,0.76135526665131,484.377614901928,12.3948675176326,479.163206010896,"PAR_0000199",-0.786112863570452,40.2659069839865,37
"Pinus_sylvestris","POP_004","SITE_0004",2019,113,317,204,0.744562418783147,502.349768082477,7.87950653418259,655.043550052876,"PAR_0000200",16.2740887305699,41.1366969207302,1068
"Pinus_sylvestris","POP_004","SITE_0011",2020,114,307,193,0.740950784006814,456.564137023913,10.9884038937245,709.803265883204,"PAR_0000201",6.31489067105576,39.4447398837656,2025
"Pinus_sylvestris","POP_004","SITE_0008",2021,115,310,195,0.766014755222207,518.773533455394,9.69110375612152,733.079434334727,"PAR_0000202",15.0726005365141,50.8750444790348,1027
"Pinus_sylvestris","POP_004","SITE_0008",2022,116,319,203,0.728934033458961,362.395566220445,12.5545385196432,537.604907446675,"PAR_0000203",15.3709836048074,38.2800951693207,1934
"Pinus_sylvestris","POP_004","SITE_0006",2023,117,315,198,0.786565978578952,397.387120518951,11.1107032276518,494.223545214738,"PAR_0000204",19.7907503694296,37.4734553694725,1106
"Pinus_sylvestris","POP_005","SITE_0015",2018,118,318,200,0.736825949130065,532.224698041686,9.93946340893818,733.213626658969,"PAR_0000205",11.6840778291225,47.0938337408006,1610
"Pinus_sylvestris","POP_005","SITE_0012",2019,116,308,192,0.723534299509806,487.870648349422,11.4906669295964,649.388557183628,"PAR_0000206",6.74871214898303,35.3833263413981,534
"Pinus_sylvestris","POP_005","SITE_0012",2020,114,304,190,0.74520011752997,435.879511640816,7.84705986556388,640.031108435674,"PAR_0000207",19.3980325083248,39.2871133517474,1410
"Pinus_sylvestris","POP_005","SITE_0001",2021,115,307,192,0.768976701719927,461.804727371369,8.01589431426719,760.38736120722,"PAR_0000208",-9.16702796239406,53.1509261252359,494
"Pinus_sylvestris","POP_005","SITE_0015",2022,115,310,195,0.775346909439241,506.937806604946,9.46162234156674,800.113874426846,"PAR_0000209",17.8194474847987,36.8002140894532,1456
"Pinus_sylvestris","POP_005","SITE_0007",2023,113,305,192,0.751950789626507,396.7693520837,10.0641334911637,818.084215612712,"PAR_0000210",9.24720612820238,52.7483465056866,1204
"Pinus_sylvestris","POP_006","SITE_0010",2018,115,316,201,0.733884936675319,487.798654531365,10.507489635521,930.728614810152,"PAR_0000211",11.6748170135543,49.6998690254986,1954
"Pinus_sylvestris","POP_006","SITE_0003",2019,117,319,202,0.763995530086742,467.976846334631,10.0375935467356,701.108082400426,"PAR_0000212",-9.92482442175969,47.8153517469764,908
"Pinus_sylvestris","POP_006","SITE_0005",2020,113,313,200,0.769987637918724,465.786298527661,9.87585281607853,860.47643793086,"PAR_0000213",15.528723562602,38.8916801195592,949
"Pinus_sylvestris","POP_006","SITE_0015",2021,115,317,202,0.760292428982013,484.585088232122,13.3396404703447,721.689822842145,"PAR_0000214",16.7998987599276,46.7869331734255,1194
"Pinus_sylvestris","POP_006","SITE_0015",2022,115,307,192,0.740947446577999,417.616350429407,7.89422358604652,513.173368454316,"PAR_0000215",-1.34492259239778,42.9522255202755,498
"Pinus_sylvestris","POP_006","SITE_0001",2023,109,307,198,0.760262101921827,406.63882145698,7.26263895334679,611.337124729248,"PAR_0000216",-8.09574087150395,54.7788767842576,1004
"Pinus_sylvestris","POP_007","SITE_0011",2018,115,312,197,0.791123671443766,382.429195333738,10.5792303717736,640.97139571785,"PAR_0000217",4.59829107392579,45.7295102579519,1819
"Pinus_sylvestris","POP_007","SITE_0008",2019,121,307,186,0.779140589870537,437.073672887813,8.77020655398289,718.355318289143,"PAR_0000218",9.95748386718333,36.9924786733463,1921
"Pinus_sylvestris","POP_007","SITE_0011",2020,113,301,188,0.723619384133587,513.505583819454,8.76530792122656,760.319251404872,"PAR_0000219",6.48935502627864,37.1542854420841,478
"Pinus_sylvestris","POP_007","SITE_0008",2021,117,314,197,0.724704510432177,409.828897020881,8.19805345720884,440.357437077904,"PAR_0000220",-8.54950454551727,51.171477525495,299
"Pinus_sylvestris","POP_007","SITE_0010",2022,112,306,194,0.741822730675147,409.783640279004,8.80401978720238,798.26069817265,"PAR_0000221",6.19535278063267,38.0200736783445,1862
"Pinus_sylvestris","POP_007","SITE_0003",2023,114,308,194,0.733966329103098,417.570135870365,8.62919709882617,764.050880296798,"PAR_0000222",-0.798169455956668,54.4123881869018,1582
"Pinus_sylvestris","POP_008","SITE_0009",2018,114,315,201,0.710609921886679,429.990603380983,11.4603572874353,658.595395507436,"PAR_0000223",13.4628794807941,49.0976341953501,364
"Pinus_sylvestris","POP_008","SITE_0008",2019,118,302,184,0.754555066865728,462.035104925205,11.0057281503156,962.278980474511,"PAR_0000224",5.93588814605027,45.4658056888729,1547
"Pinus_sylvestris","POP_008","SITE_0007",2020,117,313,196,0.740754944133165,460.52974002096,8.27379778841448,859.836792073266,"PAR_0000225",-7.40673342719674,42.5928532518446,2071
"Pinus_sylvestris","POP_008","SITE_0013",2021,112,312,200,0.75271506535271,339.733479244324,11.9448677523147,733.645455963798,"PAR_0000226",-0.680298341903836,53.0070049222559,2454
"Pinus_sylvestris","POP_008","SITE_0015",2022,116,314,198,0.739373418579573,375.233311413991,10.5011988102326,510.116104186965,"PAR_0000227",-4.21759056858718,46.9579290086403,58
"Pinus_sylvestris","POP_008","SITE_0001",2023,116,311,195,0.733743233043763,447.91234757088,12.0062488046976,615.473948712823,"PAR_0000228",-7.21094413427636,46.3503149850294,1162
"Pinus_sylvestris","POP_009","SITE_0004",2018,113,314,201,0.757121737689019,479.089790246331,7.72168319077834,868.637879167158,"PAR_0000229",-5.07935591740534,45.5024193646386,1876
"Pinus_sylvestris","POP_009","SITE_0011",2019,116,316,200,0.765209732021629,467.511805416639,8.43760628086254,589.089034261652,"PAR_0000230",-4.98870251933113,36.683446187526,2370
"Pinus_sylvestris","POP_009","SITE_0004",2020,117,317,200,0.739213968636181,454.295001720363,8.24165422330042,643.549642336646,"PAR_0000231",17.1831388399005,46.0780732706189,463
"Pinus_sylvestris","POP_009","SITE_0014",2021,118,312,194,0.75937149580202,376.100500851398,9.24568396301068,960.066574764461,"PAR_0000232",13.271367745474,44.1591150779277,416
"Pinus_sylvestris","POP_009","SITE_0009",2022,114,304,190,0.705111980310042,393.325343921944,11.2020629094796,723.513741048425,"PAR_0000233",-7.55994964390993,46.2265452276915,525
"Pinus_sylvestris","POP_009","SITE_0008",2023,124,315,191,0.755137342656947,430.169338738829,7.89527109241624,649.920101631145,"PAR_0000234",-7.16329735238105,54.2276464495808,214
"Pinus_sylvestris","POP_010","SITE_0005",2018,113,314,201,0.754305028982326,442.122606625588,10.2105628347335,737.647566978154,"PAR_0000235",-3.24131024768576,47.3962062736973,1591
"Pinus_sylvestris","POP_010","SITE_0009",2019,116,309,193,0.733342492600877,509.837030043819,9.40933226563475,669.085435241505,"PAR_0000236",10.7003380125389,49.8160398146138,2118
"Pinus_sylvestris","POP_010","SITE_0002",2020,110,316,206,0.739401067275119,461.63418978573,11.757891903928,752.906783098033,"PAR_0000237",-7.69483597250655,54.5201221201569,75
"Pinus_sylvestris","POP_010","SITE_0010",2021,114,320,206,0.729334397104472,461.474625912635,10.4671449759495,614.971591710988,"PAR_0000238",-2.27199231274426,42.6429301034659,1308
"Pinus_sylvestris","POP_010","SITE_0007",2022,115,308,193,0.73425764027107,429.510863130348,9.56059611638304,586.725693476887,"PAR_0000239",19.3212414998561,47.6097892317921,574
"Pinus_sylvestris","POP_010","SITE_0007",2023,120,306,186,0.754434744130109,520.43386145858,9.09455345489776,617.404736203452,"PAR_0000240",4.00845607277006,39.3397184787318,1595
"Pinus_sylvestris","POP_011","SITE_0015",2018,114,314,200,0.736907648166976,470.995542888445,7.71772834410856,532.102507737939,"PAR_0000241",8.34470490459353,38.2701816549525,303
"Pinus_sylvestris","POP_011","SITE_0007",2019,115,301,186,0.715752226980713,415.951523318863,11.6350278526469,726.579202906273,"PAR_0000242",2.01727392617613,54.3328679120168,1659
"Pinus_sylvestris","POP_011","SITE_0014",2020,123,309,186,0.766229862928095,397.217647338744,8.26931933971187,807.703959379126,"PAR_0000243",-4.3424086808227,37.5080290436745,535
"Pinus_sylvestris","POP_011","SITE_0008",2021,112,313,201,0.745534189854221,484.405138517874,8.79497872414727,663.036443602487,"PAR_0000244",2.6795077836141,52.0220842910931,2432
"Pinus_sylvestris","POP_011","SITE_0010",2022,112,303,191,0.733507262800846,354.183469722622,13.5721355729763,459.262901839983,"PAR_0000245",-0.0327256135642529,49.4405962433666,1154
"Pinus_sylvestris","POP_011","SITE_0013",2023,117,306,189,0.722017585534834,390.140976208897,10.016948448878,862.486807497152,"PAR_0000246",3.46575547475368,47.441204614006,289
"Pinus_sylvestris","POP_012","SITE_0001",2018,109,319,210,0.751168559924924,415.592831357874,8.49621665415621,618.043193122595,"PAR_0000247",-7.36718862084672,54.9487655330449,1974
"Pinus_sylvestris","POP_012","SITE_0007",2019,115,311,196,0.7534644321419,429.082176158018,10.9918301884889,707.780590454837,"PAR_0000248",18.6827586241998,45.6497868197039,302
"Pinus_sylvestris","POP_012","SITE_0005",2020,119,308,189,0.77917399504025,449.790468786357,9.74177577398418,860.941803779433,"PAR_0000249",4.37622440978885,54.9549992429093,244
"Pinus_sylvestris","POP_012","SITE_0011",2021,110,313,203,0.758714648392076,416.258064958554,13.0649377901775,580.369701456114,"PAR_0000250",-4.2615754227154,39.3672308837995,563
"Pinus_sylvestris","POP_012","SITE_0002",2022,112,305,193,0.759027699040745,499.192283554334,12.5811686112592,404.463541871703,"PAR_0000251",12.3060381645337,41.5569861372933,851
"Pinus_sylvestris","POP_012","SITE_0002",2023,117,309,192,0.761394824326035,432.261046259391,13.6205245782833,612.510973124697,"PAR_0000252",1.12712661502883,50.9911739546806,1262
"Pinus_sylvestris","POP_013","SITE_0015",2018,115,312,197,0.756250655951848,432.24963885026,7.33392077597313,586.298871445031,"PAR_0000253",10.7302549807355,42.1073931688443,661
"Pinus_sylvestris","POP_013","SITE_0008",2019,122,318,196,0.693510731348323,517.884141502878,13.1050997508096,904.491630272053,"PAR_0000254",3.30224697943777,48.0774032277986,658
"Pinus_sylvestris","POP_013","SITE_0004",2020,116,309,193,0.758362433170495,433.815147862425,8.65743616691859,429.47660235464,"PAR_0000255",6.95772548671812,42.1075584227219,599
"Pinus_sylvestris","POP_013","SITE_0004",2021,119,308,189,0.736757864694755,514.941437846663,13.6398050029789,589.482621362123,"PAR_0000256",17.7682076324709,36.1913207033649,2442
"Pinus_sylvestris","POP_013","SITE_0002",2022,119,310,191,0.771768908428207,448.74328092967,8.59417018027965,555.579162763557,"PAR_0000257",2.21261954400688,48.9221110800281,1849
"Pinus_sylvestris","POP_013","SITE_0002",2023,115,311,196,0.758978356513607,562.184816261919,11.702733084105,472.302613285773,"PAR_0000258",3.18789778742939,48.724986971356,2140
"Pinus_sylvestris","POP_014","SITE_0010",2018,112,309,197,0.753624679796821,484.854291450328,8.51769857286877,810.986059621785,"PAR_0000259",2.98161309445277,41.9934354862198,1251
"Pinus_sylvestris","POP_014","SITE_0004",2019,115,299,184,0.760892802048338,431.87300321573,8.28003381721587,979.275181701309,"PAR_0000260",5.364785999991,48.4835716476664,1110
"Pinus_sylvestris","POP_014","SITE_0002",2020,121,311,190,0.758353022527253,517.670062947084,13.6494695343591,605.659285319241,"PAR_0000261",-2.66537901479751,38.8177852053195,1842
"Pinus_sylvestris","POP_014","SITE_0007",2021,123,302,179,0.757145898206269,556.213227902456,11.607373154015,774.403867661687,"PAR_0000262",11.008874156978,41.7131687281653,17
"Pinus_sylvestris","POP_014","SITE_0015",2022,118,316,198,0.764043038393705,511.871343122396,10.391221444702,765.299235174499,"PAR_0000263",-6.06698203831911,42.1577180875465,532
"Pinus_sylvestris","POP_014","SITE_0008",2023,115,310,195,0.75461085737508,504.664018193491,10.0497710641936,620.210592580688,"PAR_0000264",-2.30049957055598,52.2868641605601,1419
"Pinus_sylvestris","POP_015","SITE_0012",2018,115,308,193,0.701060652358594,476.726872109428,11.2841536216362,889.603159691138,"PAR_0000265",4.41887962864712,35.8681986201555,495
"Pinus_sylvestris","POP_015","SITE_0009",2019,113,314,201,0.721329838126812,464.137151190641,8.56288832178472,899.085960393823,"PAR_0000266",17.8025223477744,53.1157793942839,1277
"Pinus_sylvestris","POP_015","SITE_0014",2020,115,304,189,0.736432242019385,471.43437479804,13.1934447962104,825.393914523659,"PAR_0000267",5.48289387486875,54.416022663936,271
"Pinus_sylvestris","POP_015","SITE_0014",2021,113,306,193,0.745135449541891,505.094252758443,9.45552356176609,781.693510603399,"PAR_0000268",9.02507551014423,50.2778154611588,744
"Pinus_sylvestris","POP_015","SITE_0004",2022,119,312,193,0.757616505208969,375.928432083003,8.82811377126032,585.74504423314,"PAR_0000269",6.447687020991,45.2570774639025,2004
"Pinus_sylvestris","POP_015","SITE_0009",2023,114,306,192,0.741608462748636,531.386415995306,15.2291317630404,786.979132297615,"PAR_0000270",9.28156220121309,40.565723804757,712
"Pinus_sylvestris","POP_016","SITE_0004",2018,114,305,191,0.748904770318776,445.118316339423,11.6362371054085,670.44507338328,"PAR_0000271",17.4509987886995,49.0255541680381,1761
"Pinus_sylvestris","POP_016","SITE_0013",2019,115,314,199,0.739780534873237,395.809009052017,8.74645380931628,849.808760514284,"PAR_0000272",6.19914615061134,45.3023247653618,976
"Pinus_sylvestris","POP_016","SITE_0006",2020,118,324,206,0.779689305949443,559.037890650799,10.7803067287796,919.319875972053,"PAR_0000273",17.503129336983,51.2541204597801,846
"Pinus_sylvestris","POP_016","SITE_0006",2021,113,303,190,0.778995518403272,473.127076496222,12.6587482670083,504.040429421738,"PAR_0000274",-7.69567735493183,48.0726444302127,1377
"Pinus_sylvestris","POP_016","SITE_0009",2022,116,315,199,0.750928012001297,435.701653986361,9.41457916168677,684.863966663625,"PAR_0000275",1.46072283387184,35.2053130464628,2309
"Pinus_sylvestris","POP_016","SITE_0004",2023,117,312,195,0.752538634998232,453.381145780848,9.41787476442237,428.949110783694,"PAR_0000276",-0.558502129279077,43.6672063544393,1811
"Pinus_sylvestris","POP_017","SITE_0006",2018,119,322,203,0.750120851243703,425.033350416427,13.0373918471319,551.180224958319,"PAR_0000277",18.2601450080983,53.1455635279417,690
"Pinus_sylvestris","POP_017","SITE_0006",2019,116,307,191,0.741878517496174,546.698846767205,10.3132606575939,682.667863887873,"PAR_0000278",16.563595412299,43.9448302425444,642
"Pinus_sylvestris","POP_017","SITE_0010",2020,116,305,189,0.739554443756019,503.61292893682,12.0983884559849,851.499087568295,"PAR_0000279",-5.80362222855911,37.104857978411,95
"Pinus_sylvestris","POP_017","SITE_0010",2021,120,302,182,0.755966603389822,427.633928752983,12.2573438813366,725.336978444142,"PAR_0000280",2.5117020541802,51.5579866897315,264
"Pinus_sylvestris","POP_017","SITE_0014",2022,112,315,203,0.745611441887113,407.150115278995,10.6171807438114,400.895273342085,"PAR_0000281",10.5675292364322,44.4889176124707,2254
"Pinus_sylvestris","POP_017","SITE_0015",2023,114,303,189,0.754856449788467,444.598385323282,9.14094662667554,683.152156416488,"PAR_0000282",12.9156567621976,38.214642428793,2373
"Pinus_sylvestris","POP_018","SITE_0003",2018,114,315,201,0.740186431441915,413.765696758841,11.5863470061666,881.80336482771,"PAR_0000283",-5.78313492937014,54.9797182017937,1704
"Pinus_sylvestris","POP_018","SITE_0014",2019,115,318,203,0.745281158641069,337.159866568278,13.3160175741901,516.265629266002,"PAR_0000284",17.5624189386144,49.8106968775392,1342
"Pinus_sylvestris","POP_018","SITE_0015",2020,119,314,195,0.758942016707508,446.906854893419,9.33070084100962,700.228951224308,"PAR_0000285",2.16653459705412,54.9470767658204,136
"Pinus_sylvestris","POP_018","SITE_0009",2021,114,310,196,0.739459632050647,460.852045426867,7.49045258005955,857.712648100602,"PAR_0000286",17.6728018559515,47.5598943512887,508
"Pinus_sylvestris","POP_018","SITE_0008",2022,117,306,189,0.724144577222082,417.85764303407,11.5701958379952,865.401996349573,"PAR_0000287",15.0518544740044,37.2714466974139,1280
"Pinus_sylvestris","POP_018","SITE_0012",2023,115,307,192,0.747986553085437,394.463613100296,9.06783532074125,751.948381314143,"PAR_0000288",-5.59494155459106,47.5293510500342,140
"Pinus_sylvestris","POP_019","SITE_0012",2018,114,315,201,0.746119634414573,525.316941953653,10.104892049184,600.804950594855,"PAR_0000289",-8.22812608908862,40.8808770962059,1065
"Pinus_sylvestris","POP_019","SITE_0014",2019,113,315,202,0.711129135450146,475.044558082753,8.4097574971807,612.329426377488,"PAR_0000290",9.67699078377336,45.5168128665537,1098
"Pinus_sylvestris","POP_019","SITE_0001",2020,110,302,192,0.770819514547363,480.68940148078,7.33022744871621,638.069447171281,"PAR_0000291",19.1227166890167,54.7393850935623,74
"Pinus_sylvestris","POP_019","SITE_0015",2021,114,304,190,0.760186943393799,481.360100917245,11.202085236773,772.697309987519,"PAR_0000292",-4.93206315673888,37.7278095856309,1559
"Pinus_sylvestris","POP_019","SITE_0015",2022,116,322,206,0.78951638781287,383.297726882734,12.6016781113884,753.251531884414,"PAR_0000293",-1.22704702196643,41.6083149192855,593
"Pinus_sylvestris","POP_019","SITE_0014",2023,113,308,195,0.74643210734674,522.259815126588,11.1002265693765,491.918160118294,"PAR_0000294",1.69275243766606,50.4146434227005,2391
"Pinus_sylvestris","POP_020","SITE_0008",2018,115,305,190,0.724749564523502,492.809430153291,11.7935172986527,784.964078936754,"PAR_0000295",15.8756222808734,44.8377729719505,498
"Pinus_sylvestris","POP_020","SITE_0002",2019,118,313,195,0.742458360048161,540.614280826971,9.4421246742655,754.747947919592,"PAR_0000296",-7.12793285259977,50.8351745503023,1926
"Pinus_sylvestris","POP_020","SITE_0008",2020,115,304,189,0.744481477877505,540.857546928411,7.78445924568205,194.730958468356,"PAR_0000297",-5.33050918951631,40.6015882547945,1970
"Pinus_sylvestris","POP_020","SITE_0007",2021,119,318,199,0.757600451864926,496.319957398524,11.3179834748007,621.938741849155,"PAR_0000298",16.1573650781065,45.1384558808059,2342
"Pinus_sylvestris","POP_020","SITE_0015",2022,114,305,191,0.740781567851469,421.830263934149,8.02903317505598,812.235107216651,"PAR_0000299",3.33909442648292,45.0588224967942,1630
"Pinus_sylvestris","POP_020","SITE_0014",2023,116,310,194,0.73630755264684,449.639962891253,11.4561266481907,838.756764063001,"PAR_0000300",3.42959025874734,54.1309095174074,1979
"Pinus_sylvestris","POP_021","SITE_0003",2018,115,307,192,0.792261788958435,513.887790599363,13.400883743176,430.747398317911,"PAR_0000301",2.28134362725541,35.6868007360026,2196
"Pinus_sylvestris","POP_021","SITE_0015",2019,114,309,195,0.733678584278763,355.810254391298,11.4446384347166,739.4805117808,"PAR_0000302",7.36126637551934,51.7959859594703,2359
"Pinus_sylvestris","POP_021","SITE_0009",2020,117,310,193,0.732589729361177,425.016655177517,10.7483760330547,752.816484731992,"PAR_0000303",-3.75980008859187,43.3064529066905,1475
"Pinus_sylvestris","POP_021","SITE_0014",2021,118,305,187,0.747305958252842,415.47443661276,11.1689486308979,541.846422249418,"PAR_0000304",-5.29127438785508,35.6802246160805,1186
"Pinus_sylvestris","POP_021","SITE_0001",2022,117,308,191,0.759459182478704,509.663931451757,11.4067786019496,641.985634580412,"PAR_0000305",17.4423296516761,37.7851049462333,1731
"Pinus_sylvestris","POP_021","SITE_0005",2023,110,314,204,0.723745419481569,377.706511559205,8.61196787364228,820.855341487002,"PAR_0000306",12.6672043348663,50.9322511171922,1764
"Pinus_sylvestris","POP_022","SITE_0007",2018,112,308,196,0.727422890765794,476.63124051631,12.4405776139667,530.713903154059,"PAR_0000307",-3.19625129457563,48.1883445009589,388
"Pinus_sylvestris","POP_022","SITE_0001",2019,113,314,201,0.759005310497296,469.861701704939,11.0944551449123,820.905080219608,"PAR_0000308",9.11836432525888,41.0083049163222,1905
"Pinus_sylvestris","POP_022","SITE_0004",2020,111,309,198,0.767489493900547,540.902129602442,10.2808652254287,639.913060388679,"PAR_0000309",16.1828447505832,35.3133118990809,2500
"Pinus_sylvestris","POP_022","SITE_0006",2021,112,308,196,0.755590144021319,357.502844083175,7.07224975503529,580.87005358228,"PAR_0000310",19.2232668306679,48.6829732917249,1946
"Pinus_sylvestris","POP_022","SITE_0012",2022,112,317,205,0.767390510303932,505.196331827391,11.2792702765617,765.063810235085,"PAR_0000311",9.68951939605176,48.0915208207443,2110
"Pinus_sylvestris","POP_022","SITE_0002",2023,110,304,194,0.738056617581044,507.41794498189,6.09035747187084,483.789721450269,"PAR_0000312",-3.88398167910054,41.1902616219595,2361
"Pinus_sylvestris","POP_023","SITE_0008",2018,116,310,194,0.722857284487233,419.31050334587,5.88804853337184,373.933048961739,"PAR_0000313",14.8131189635023,38.3392918063328,592
"Pinus_sylvestris","POP_023","SITE_0013",2019,118,305,187,0.743983142475976,460.8087634555,9.24573150200811,657.163293116501,"PAR_0000314",18.4022740344517,40.9725476708263,695
"Pinus_sylvestris","POP_023","SITE_0013",2020,111,314,203,0.754261947376852,427.749689768095,7.75700607880646,644.603181984705,"PAR_0000315",-9.47474267333746,42.9795512044802,1056
"Pinus_sylvestris","POP_023","SITE_0006",2021,112,307,195,0.754391928362712,463.169334526107,11.3127803771298,758.334575813885,"PAR_0000316",-2.07359072985128,46.3501621363685,1146
"Pinus_sylvestris","POP_023","SITE_0014",2022,116,316,200,0.739292694817125,459.813806963618,12.5792376633835,623.705558187657,"PAR_0000317",7.34594717621803,40.3859398793429,984
"Pinus_sylvestris","POP_023","SITE_0012",2023,114,305,191,0.733897317244156,501.827295010939,11.1631357617361,377.856594462818,"PAR_0000318",-1.07179384212941,39.1905588842928,1125
"Pinus_sylvestris","POP_024","SITE_0015",2018,112,312,200,0.751459794711518,451.042918430254,10.5785249225694,909.185130541332,"PAR_0000319",-8.86750077828765,39.1639277711511,1155
"Pinus_sylvestris","POP_024","SITE_0010",2019,113,305,192,0.722474887681379,485.040654025062,11.9309161182685,754.985274505946,"PAR_0000320",-8.75640661455691,49.2925485037267,2456
"Pinus_sylvestris","POP_024","SITE_0009",2020,117,314,197,0.741791949831611,503.991826732997,10.1127932024347,379.441823513658,"PAR_0000321",19.4464380969293,49.0280077327043,1182
"Pinus_sylvestris","POP_024","SITE_0014",2021,119,310,191,0.763661298465807,454.634105027716,12.1128764810544,688.047714805018,"PAR_0000322",19.4214700139128,44.4758271146566,1286
"Pinus_sylvestris","POP_024","SITE_0013",2022,115,308,193,0.743810800732801,403.820788751426,10.9300085062326,666.412257220454,"PAR_0000323",19.2603635485284,48.262443752028,1410
"Pinus_sylvestris","POP_024","SITE_0007",2023,117,307,190,0.756794241157334,382.390612878711,10.5482916069927,633.118264154204,"PAR_0000324",13.5963787510991,54.3314372655004,462
"Pinus_sylvestris","POP_025","SITE_0004",2018,115,309,194,0.756263280594916,463.27232758725,12.0996762313463,388.512801268951,"PAR_0000325",-0.501298126764596,54.8936946410686,1218
"Pinus_sylvestris","POP_025","SITE_0005",2019,122,316,194,0.763093912032664,366.116318826795,8.42063515739953,616.151161882158,"PAR_0000326",16.2643824378029,47.6930292742327,365
"Pinus_sylvestris","POP_025","SITE_0004",2020,115,313,198,0.8007175351897,483.565750362153,8.71227519618824,561.820129236006,"PAR_0000327",6.33036337792873,45.9831111878157,1221
"Pinus_sylvestris","POP_025","SITE_0011",2021,114,316,202,0.789349559618953,546.072381383525,9.36817515412438,846.340078797741,"PAR_0000328",0.894668500404805,49.2432019626722,210
"Pinus_sylvestris","POP_025","SITE_0003",2022,112,311,199,0.750687813612498,505.641537103992,10.1751072357596,722.063509514588,"PAR_0000329",-9.51875506201759,49.499952243641,2140
"Pinus_sylvestris","POP_025","SITE_0009",2023,115,308,193,0.751039052022394,392.20569499294,11.1156426886586,530.070264637043,"PAR_0000330",7.31785440351814,47.2181812487543,2028
"Pinus_sylvestris","POP_026","SITE_0005",2018,116,298,182,0.749056025575295,496.634390395769,8.52927312574743,717.90980845611,"PAR_0000331",-9.74518361967057,52.5964050507173,1340
"Pinus_sylvestris","POP_026","SITE_0012",2019,114,312,198,0.768145061897847,401.516963218955,10.2612967280863,508.547421474604,"PAR_0000332",-8.83879266213626,45.8664676593617,1613
"Pinus_sylvestris","POP_026","SITE_0009",2020,114,314,200,0.730094458294483,542.115447847064,8.4169141378681,870.534867833451,"PAR_0000333",15.2311231964268,54.1828089021146,1956
"Pinus_sylvestris","POP_026","SITE_0005",2021,110,313,203,0.783589083062379,471.519211138905,10.6930836251188,633.968475517714,"PAR_0000334",18.202057776507,38.8058035774156,2157
"Pinus_sylvestris","POP_026","SITE_0008",2022,118,313,195,0.772244684454911,427.82657221056,8.7096690060725,542.254903020035,"PAR_0000335",15.7772332802415,49.8353397520259,1722
"Pinus_sylvestris","POP_026","SITE_0001",2023,111,318,207,0.744329948174687,486.648898773067,5.65717183193557,401.55473912793,"PAR_0000336",0.554266448598355,44.3646332249045,1368
"Pinus_sylvestris","POP_027","SITE_0008",2018,112,295,183,0.737793148398806,418.309026122702,10.4222484676347,944.976785986829,"PAR_0000337",1.69503640150651,37.9402067651972,2195
"Pinus_sylvestris","POP_027","SITE_0005",2019,116,316,200,0.782512530813445,397.818765388075,11.8246889977884,705.139103050688,"PAR_0000338",-7.15327852638438,52.708531068638,1077
"Pinus_sylvestris","POP_027","SITE_0013",2020,112,313,201,0.733044707363827,491.525635896975,9.71631514500388,642.369835526666,"PAR_0000339",-3.99466478731483,41.2551524257287,1281
"Pinus_sylvestris","POP_027","SITE_0003",2021,119,321,202,0.75005735017941,431.659391428811,6.16720570819297,630.818366525118,"PAR_0000340",9.61159874452278,44.8036879859865,1001
"Pinus_sylvestris","POP_027","SITE_0001",2022,113,314,201,0.735393380997222,461.741300121104,8.03910326001499,683.38494995346,"PAR_0000341",13.6252845614217,40.3101760614663,1864
"Pinus_sylvestris","POP_027","SITE_0002",2023,113,307,194,0.795246797934748,381.740883641167,7.68915837090281,235.312280240386,"PAR_0000342",-3.90745295677334,36.0803783778101,253
"Pinus_sylvestris","POP_028","SITE_0013",2018,121,309,188,0.745668372109393,469.068585244902,10.5132004272179,483.710424430936,"PAR_0000343",16.9838379346766,39.4097052887082,252
"Pinus_sylvestris","POP_028","SITE_0004",2019,122,311,189,0.74571130487657,514.296091795061,12.6251980812545,478.881788462334,"PAR_0000344",-4.12110687233508,41.4457811648026,6
"Pinus_sylvestris","POP_028","SITE_0011",2020,120,314,194,0.755832186390315,423.722354409983,10.7212423631313,877.027345853195,"PAR_0000345",-6.9092839024961,35.6809889804572,2037
"Pinus_sylvestris","POP_028","SITE_0008",2021,115,305,190,0.756507298016352,520.750380035856,9.9827664401416,856.946654714803,"PAR_0000346",10.9892762964591,53.4311435837299,2341
"Pinus_sylvestris","POP_028","SITE_0002",2022,115,308,193,0.712023806442792,491.583876007215,12.6627185487059,864.63258034261,"PAR_0000347",10.216957135126,48.6063979705796,640
"Pinus_sylvestris","POP_028","SITE_0008",2023,119,307,188,0.780339098297518,409.904061075726,9.70913961089667,626.019825278934,"PAR_0000348",9.90251700161025,46.9442847883329,1903
"Pinus_sylvestris","POP_029","SITE_0015",2018,115,319,204,0.735631370900712,461.30222618698,6.62777932766331,691.039291381248,"PAR_0000349",-3.40685750124976,43.5189471906051,659
"Pinus_sylvestris","POP_029","SITE_0006",2019,112,312,200,0.741192764626581,370.955843261441,7.36417990574449,679.289072205361,"PAR_0000350",16.0164484730922,43.5253199888393,1996
"Pinus_sylvestris","POP_029","SITE_0013",2020,118,312,194,0.742821194630225,427.166788424478,9.35196616781327,304.426947113515,"PAR_0000351",2.23480738466606,50.4207163350657,206
"Pinus_sylvestris","POP_029","SITE_0006",2021,109,306,197,0.746032603313333,431.289621794069,8.74982235219504,630.522875239892,"PAR_0000352",14.1132475947961,44.6392571832985,2394
"Pinus_sylvestris","POP_029","SITE_0006",2022,116,317,201,0.746453811172286,486.068877921076,15.5850638176095,552.686812060526,"PAR_0000353",-3.80401430651546,42.4864649772644,263
"Pinus_sylvestris","POP_029","SITE_0014",2023,113,315,202,0.759460134972455,406.377067912265,9.89747498304159,773.699660981858,"PAR_0000354",0.665820527356118,40.0876132026315,2269
"Pinus_sylvestris","POP_030","SITE_0015",2018,117,302,185,0.744269777440421,398.211933182473,10.6011177290797,750.389949071847,"PAR_0000355",11.4941276004538,50.5304380040616,2448
"Pinus_sylvestris","POP_030","SITE_0002",2019,113,306,193,0.767811114245612,446.518130373225,7.90429861740524,409.336733746362,"PAR_0000356",4.48434125166386,38.8507475331426,973
"Pinus_sylvestris","POP_030","SITE_0001",2020,111,311,200,0.743759969633343,537.455597931119,10.1790217710726,854.900173350709,"PAR_0000357",6.73963155131787,37.1038984600455,1234
"Pinus_sylvestris","POP_030","SITE_0004",2021,116,317,201,0.767450574184257,448.411682914193,6.71040812140598,1041.30677791334,"PAR_0000358",3.29144106479362,53.2435528561473,514
"Pinus_sylvestris","POP_030","SITE_0006",2022,113,310,197,0.736973519668873,481.861036430756,11.4177557648318,693.67946040828,"PAR_0000359",17.0941038406454,49.3909923313186,1213
"Pinus_sylvestris","POP_030","SITE_0012",2023,115,307,192,0.765830729271747,461.101887588613,12.8934464392809,634.156008762243,"PAR_0000360",-9.29221982369199,46.415625186637,552
"Fagus_sylvatica","POP_001","SITE_0014",2018,103,288,185,0.719972587490709,448.34989016254,7.28937408562214,740.848267604105,"PAR_0000361",0.421497381757945,42.2606213623658,500
"Fagus_sylvatica","POP_001","SITE_0003",2019,93,291,198,0.731591523401697,299.432417222803,7.11123980713315,475.95388484749,"PAR_0000362",-2.0761920325458,54.7801316017285,70
"Fagus_sylvatica","POP_001","SITE_0006",2020,117,298,181,0.783766350859964,510.409847273069,11.719167105149,648.996150191601,"PAR_0000363",-3.6268546176143,39.7228211676702,784
"Fagus_sylvatica","POP_001","SITE_0007",2021,95,294,199,0.79684570244529,517.412279523847,15.1434347514519,834.214246696081,"PAR_0000364",-6.60456330515444,48.8037214567885,1031
"Fagus_sylvatica","POP_001","SITE_0015",2022,105,291,186,0.800435925589583,494.625630952557,9.91834082537929,557.005569641263,"PAR_0000365",-0.473409383557737,53.0225754249841,1182
"Fagus_sylvatica","POP_001","SITE_0010",2023,108,305,197,0.77626824139991,494.091057149864,9.65533533055321,752.922356120081,"PAR_0000366",3.26687442604452,54.9660878581926,2295
"Fagus_sylvatica","POP_002","SITE_0010",2018,110,294,184,0.737921324602702,407.249167246656,10.3589778029516,507.489812185401,"PAR_0000367",-6.94414119236171,38.1758799869567,8
"Fagus_sylvatica","POP_002","SITE_0015",2019,108,287,179,0.809372015751429,512.532176880879,11.5273006352625,675.541680411258,"PAR_0000368",6.98779548052698,40.3916656365618,982
"Fagus_sylvatica","POP_002","SITE_0007",2020,105,299,194,0.829643703499982,483.985057689229,9.55561390386864,584.257806833105,"PAR_0000369",13.0869396193884,51.2864526268095,1449
"Fagus_sylvatica","POP_002","SITE_0003",2021,117,291,174,0.812269567118425,509.585888741606,10.1896063899781,785.158583027628,"PAR_0000370",15.3805835731328,41.2026821635664,26
"Fagus_sylvatica","POP_002","SITE_0010",2022,115,292,177,0.724977412523338,482.201810307493,10.6483362217257,748.116740436017,"PAR_0000371",4.79111830005422,37.4477074388415,332
"Fagus_sylvatica","POP_002","SITE_0001",2023,99,285,186,0.791414153238884,489.050722441865,9.17249450431172,734.076675730089,"PAR_0000372",1.09124786453322,54.6800730936229,1935
"Fagus_sylvatica","POP_003","SITE_0002",2018,99,284,185,0.749954398743441,461.931714640598,9.64609890322324,818.646089191167,"PAR_0000373",17.8315913048573,51.6103744087741,1077
"Fagus_sylvatica","POP_003","SITE_0006",2019,112,289,177,0.808679872153026,442.012059586626,12.9596510675916,694.702028963287,"PAR_0000374",17.8973761410452,35.4482496157289,2380
"Fagus_sylvatica","POP_003","SITE_0001",2020,110,287,177,0.766102255042941,466.584188919539,12.0488311586532,508.141599489557,"PAR_0000375",7.5223602540791,41.0147085785866,1861
"Fagus_sylvatica","POP_003","SITE_0015",2021,120,293,173,0.74420598480304,428.964999684031,10.804709001415,616.07125747126,"PAR_0000376",17.5893672881648,44.5200710603967,586
"Fagus_sylvatica","POP_003","SITE_0006",2022,100,288,188,0.79402013158954,503.514977960709,10.0311347252266,755.339043651606,"PAR_0000377",12.0089171244763,36.2458349531516,1578
"Fagus_sylvatica","POP_003","SITE_0011",2023,113,299,186,0.804108665459231,446.721952285949,10.6290833858218,818.88576468914,"PAR_0000378",1.16883808048442,53.0863242270425,571
"Fagus_sylvatica","POP_004","SITE_0004",2018,98,291,193,0.84721803190453,519.563095020187,10.0533897029684,653.386049800677,"PAR_0000379",-2.11598651483655,41.171674663201,1577
"Fagus_sylvatica","POP_004","SITE_0009",2019,104,276,172,0.766669206769907,485.885052388093,8.32692782268312,798.598684017392,"PAR_0000380",19.1932180151343,37.5142991682515,1581
"Fagus_sylvatica","POP_004","SITE_0002",2020,120,291,171,0.791157659761845,520.635164191037,10.8478195947544,719.058261126242,"PAR_0000381",-6.81137951556593,48.8370873499662,244
"Fagus_sylvatica","POP_004","SITE_0006",2021,104,282,178,0.785945604708065,394.242491608899,9.8546960597364,567.600960600214,"PAR_0000382",-3.90157711692154,38.6984629556537,1652
"Fagus_sylvatica","POP_004","SITE_0009",2022,113,304,191,0.856492106390124,534.922689359063,10.9148416368707,710.748268846044,"PAR_0000383",-6.17713888874277,44.0959308296442,573
"Fagus_sylvatica","POP_004","SITE_0004",2023,104,294,190,0.827986528561339,558.856418530108,9.80984442933949,771.862388529695,"PAR_0000384",-7.35842784168199,39.7096618171781,17
"Fagus_sylvatica","POP_005","SITE_0004",2018,102,284,182,0.788525951846944,554.027478483499,10.9015457923779,714.321986284117,"PAR_0000385",2.90120002813637,47.7453590696678,2290
"Fagus_sylvatica","POP_005","SITE_0006",2019,103,286,183,0.784243711830036,491.00697464275,10.2877396375567,707.917284565984,"PAR_0000386",12.4618753744289,54.4827614910901,1648
"Fagus_sylvatica","POP_005","SITE_0004",2020,103,281,178,0.731820194111548,481.250350136333,10.2927217140317,458.662499644679,"PAR_0000387",-9.35484932735562,37.7908321516588,2498
"Fagus_sylvatica","POP_005","SITE_0003",2021,110,295,185,0.789976368686591,398.104854210474,11.4052542562918,784.452054116515,"PAR_0000388",10.2342334319837,47.6133094122633,2320
"Fagus_sylvatica","POP_005","SITE_0013",2022,105,274,169,0.753165756786432,504.826484784681,10.2153695307458,537.591877622539,"PAR_0000389",11.3156239432283,53.8798601180315,1789
"Fagus_sylvatica","POP_005","SITE_0014",2023,95,305,210,0.81556120918687,488.048584605182,5.9427431757207,657.877736964293,"PAR_0000390",11.9671098119579,41.6025857487693,838
"Fagus_sylvatica","POP_006","SITE_0001",2018,102,290,188,0.847356092557861,462.246415039029,12.1009436518788,687.40638613102,"PAR_0000391",-8.85382154723629,54.4094162294641,1299
"Fagus_sylvatica","POP_006","SITE_0008",2019,110,290,180,0.82506605966836,466.10504262071,12.0715550844937,612.116687554065,"PAR_0000392",-0.798493835609406,53.4024676913396,84
"Fagus_sylvatica","POP_006","SITE_0012",2020,107,291,184,0.833098879001913,433.050526859095,9.88252261954405,488.673098847079,"PAR_0000393",6.7513205553405,47.2986770467833,1834
"Fagus_sylvatica","POP_006","SITE_0005",2021,107,291,184,0.746408895778006,475.041077006714,9.25688825627817,495.383128828155,"PAR_0000394",9.69644255470484,37.0494937989861,956
"Fagus_sylvatica","POP_006","SITE_0001",2022,117,285,168,0.802355361536313,414.12761799923,10.4197030947247,648.813145320968,"PAR_0000395",13.639619264286,36.1225359933451,2181
"Fagus_sylvatica","POP_006","SITE_0005",2023,111,295,184,0.809082148733956,515.760766503265,6.41355160588673,734.905367998315,"PAR_0000396",-6.33463986450806,37.7376491529867,2224
"Fagus_sylvatica","POP_007","SITE_0015",2018,104,291,187,0.783856434667307,458.276395424456,7.14670543508728,681.559398446877,"PAR_0000397",3.10993744060397,46.95120182354,876
"Fagus_sylvatica","POP_007","SITE_0009",2019,106,294,188,0.818331168508689,480.595825802304,10.1802715774928,942.142627163563,"PAR_0000398",16.8471423094161,53.1214883923531,1227
"Fagus_sylvatica","POP_007","SITE_0015",2020,107,300,193,0.79439195904136,464.929261531904,9.69899281787466,845.037648397737,"PAR_0000399",2.58242576615885,43.1883545638993,448
"Fagus_sylvatica","POP_007","SITE_0007",2021,111,293,182,0.730802425842773,475.144808475568,13.4610778392107,597.58817454452,"PAR_0000400",3.75624835025519,40.7471030717716,128
"Fagus_sylvatica","POP_007","SITE_0015",2022,111,299,188,0.798492531835351,499.608061160863,10.1075764047099,723.861441312561,"PAR_0000401",14.9665879504755,53.1822419119999,1057
"Fagus_sylvatica","POP_007","SITE_0007",2023,107,295,188,0.764527963379829,472.700096531924,11.8635572052437,749.38848327405,"PAR_0000402",10.0844582659192,43.909542071633,1764
"Fagus_sylvatica","POP_008","SITE_0012",2018,107,302,195,0.799568536078408,435.507132725702,10.2116628995292,461.036556836184,"PAR_0000403",9.73989699501544,39.0317120030522,1747
"Fagus_sylvatica","POP_008","SITE_0001",2019,105,286,181,0.780571975061689,307.84891124943,8.70296116143635,647.526772100402,"PAR_0000404",15.8502067090012,43.6220128415152,196
"Fagus_sylvatica","POP_008","SITE_0005",2020,109,296,187,0.791735429204156,452.087766375958,10.9378215328387,608.87433321242,"PAR_0000405",15.2400444541126,53.1018682010472,1357
"Fagus_sylvatica","POP_008","SITE_0008",2021,99,289,190,0.835845188534192,435.999158953446,7.95562263113241,584.279499895441,"PAR_0000406",7.54002980189398,54.7212552092969,762
"Fagus_sylvatica","POP_008","SITE_0003",2022,107,293,186,0.736554665050788,405.270290408874,9.98444860839865,638.83557951761,"PAR_0000407",4.97127229114994,47.3500421224162,1291
"Fagus_sylvatica","POP_008","SITE_0004",2023,104,301,197,0.802181119036429,494.380554015573,11.9867524069278,973.157956718305,"PAR_0000408",9.14509244030342,47.2292924998328,1401
"Fagus_sylvatica","POP_009","SITE_0008",2018,105,274,169,0.770855722308578,464.492330438423,11.3865217810186,542.422147376864,"PAR_0000409",11.6647815424949,36.2739620823413,1120
"Fagus_sylvatica","POP_009","SITE_0007",2019,110,287,177,0.763347923133113,550.321749531255,7.3651323250753,854.847192056556,"PAR_0000410",2.98740983009338,53.1676535168663,2284
"Fagus_sylvatica","POP_009","SITE_0010",2020,117,285,168,0.819405079908695,426.107308483701,10.6974913497541,337.533872094087,"PAR_0000411",9.94534203782678,45.6651349412277,1131
"Fagus_sylvatica","POP_009","SITE_0014",2021,118,301,183,0.84431625436056,548.061947896005,7.41700899982976,591.918861563521,"PAR_0000412",8.35101584205404,40.1062840642408,126
"Fagus_sylvatica","POP_009","SITE_0005",2022,102,270,168,0.800362954123605,439.384573931848,12.7469455911001,926.472104581231,"PAR_0000413",3.04309981642291,42.3593845451251,2353
"Fagus_sylvatica","POP_009","SITE_0004",2023,103,297,194,0.79485691394999,545.455435442478,8.489661951791,882.606151881319,"PAR_0000414",2.31384215177968,45.7139761373401,1199
"Fagus_sylvatica","POP_010","SITE_0001",2018,93,285,192,0.723084475814995,503.951782785883,11.5895078698727,693.533015116354,"PAR_0000415",14.9777635140345,48.2657324988395,1705
"Fagus_sylvatica","POP_010","SITE_0010",2019,115,297,182,0.865831533294071,445.765109933252,8.92325081276768,505.853138992856,"PAR_0000416",3.78519690129906,48.3893136167899,2424
"Fagus_sylvatica","POP_010","SITE_0014",2020,101,286,185,0.811323323596589,479.124666852487,8.79765349922227,496.375737155331,"PAR_0000417",19.1530934604816,47.5741032324731,330
"Fagus_sylvatica","POP_010","SITE_0004",2021,109,286,177,0.860139920442672,446.766716053031,9.74624695335959,411.70508060037,"PAR_0000418",14.0790122002363,38.536932412535,2412
"Fagus_sylvatica","POP_010","SITE_0006",2022,108,296,188,0.793183447446784,546.314674424961,9.65190876111904,726.551949414236,"PAR_0000419",6.41645758645609,42.0643689576536,1001
"Fagus_sylvatica","POP_010","SITE_0005",2023,111,288,177,0.791038321945547,426.403907199809,8.26619001050055,712.144210315122,"PAR_0000420",1.34278759127483,43.7519552791491,1484
"Fagus_sylvatica","POP_011","SITE_0010",2018,112,301,189,0.760982406462421,397.049097162375,8.21660379186384,608.828610011835,"PAR_0000421",19.8144390597008,45.6271980004385,621
"Fagus_sylvatica","POP_011","SITE_0004",2019,110,287,177,0.836524938411217,452.963215032852,8.17628640335947,581.282941240607,"PAR_0000422",-6.2905511027202,53.4603749401867,788
"Fagus_sylvatica","POP_011","SITE_0002",2020,120,292,172,0.744259280493557,337.775083840912,8.01445288902678,762.948870898126,"PAR_0000423",10.2807231061161,53.4588528331369,2127
"Fagus_sylvatica","POP_011","SITE_0005",2021,113,295,182,0.737048742321318,404.526411982988,7.66188287433327,739.394382853381,"PAR_0000424",15.5228772410192,54.1978026973084,2087
"Fagus_sylvatica","POP_011","SITE_0014",2022,102,276,174,0.823960226753247,409.658226774829,5.76872553552522,881.923986408255,"PAR_0000425",4.44493847666308,52.7609931398183,2339
"Fagus_sylvatica","POP_011","SITE_0011",2023,113,294,181,0.770319639386955,431.565742302099,8.01916881457518,801.481788411812,"PAR_0000426",-7.79479545541108,36.2390973325819,543
"Fagus_sylvatica","POP_012","SITE_0008",2018,111,287,176,0.762881835237892,442.843501178442,11.2043407502595,799.423489092444,"PAR_0000427",15.5761452205479,53.6785778449848,14
"Fagus_sylvatica","POP_012","SITE_0009",2019,108,298,190,0.814702041674897,448.075117240195,10.7393699356336,932.231343789395,"PAR_0000428",7.80007576337084,37.9107619496062,605
"Fagus_sylvatica","POP_012","SITE_0013",2020,112,301,189,0.802515214282142,432.061267736304,12.4495905939628,682.499810947746,"PAR_0000429",-3.42156822327524,42.2856345679611,830
"Fagus_sylvatica","POP_012","SITE_0004",2021,105,291,186,0.806770081584432,494.512677242619,9.71901728531182,736.201891666128,"PAR_0000430",3.92022824380547,37.8670220030472,1275
"Fagus_sylvatica","POP_012","SITE_0005",2022,114,300,186,0.778146844480568,480.75241829564,9.79631411079427,893.582667021214,"PAR_0000431",-4.24883680883795,38.92767556943,2270
"Fagus_sylvatica","POP_012","SITE_0012",2023,105,300,195,0.771744223429548,455.006828078415,12.2628319078289,663.162349271261,"PAR_0000432",3.84298191638663,45.6658206880093,1122
"Fagus_sylvatica","POP_013","SITE_0003",2018,111,292,181,0.840134109534569,433.054463099221,12.3882779658281,841.189642499553,"PAR_0000433",-4.39138916321099,40.0072340341285,2087
"Fagus_sylvatica","POP_013","SITE_0002",2019,113,291,178,0.810248824793004,474.782474787319,8.3986843606775,489.119102757724,"PAR_0000434",-9.39358942909166,48.4765983466059,1368
"Fagus_sylvatica","POP_013","SITE_0008",2020,108,301,193,0.818629139195765,417.049802535517,6.81590656539747,594.712919660672,"PAR_0000435",13.6744702747092,43.4107681550086,1928
"Fagus_sylvatica","POP_013","SITE_0006",2021,102,295,193,0.878422712141331,465.848253698109,12.7555078803842,716.405850282004,"PAR_0000436",17.2389914910309,47.7809992758557,928
"Fagus_sylvatica","POP_013","SITE_0010",2022,110,277,167,0.858963041046114,514.942571224087,10.5970242308474,600.034451132563,"PAR_0000437",13.0126095097512,38.0019491538405,1943
"Fagus_sylvatica","POP_013","SITE_0011",2023,118,300,182,0.767127082804452,408.531293076887,12.1074033192521,220.702613934859,"PAR_0000438",3.75869481125847,48.1639731861651,2187
"Fagus_sylvatica","POP_014","SITE_0011",2018,102,287,185,0.799392800946374,434.192056784589,11.0832819872731,839.933865546555,"PAR_0000439",10.7667940855026,35.9620007779449,539
"Fagus_sylvatica","POP_014","SITE_0005",2019,112,290,178,0.794326980222908,410.493749111955,10.896009032823,401.997707545834,"PAR_0000440",-3.79023704910651,50.401867297478,523
"Fagus_sylvatica","POP_014","SITE_0008",2020,105,294,189,0.850029844298463,408.805800732482,10.2616966332666,530.736284384161,"PAR_0000441",0.70924507919699,53.9216341171414,631
"Fagus_sylvatica","POP_014","SITE_0014",2021,102,290,188,0.791458356754729,408.186392462965,9.32973827591446,738.06539923692,"PAR_0000442",-7.05721826292574,47.8264604974538,1025
"Fagus_sylvatica","POP_014","SITE_0011",2022,116,295,179,0.798565595244856,492.071474172486,9.96818057786413,624.597486592989,"PAR_0000443",5.26107212295756,40.7433604961261,1453
"Fagus_sylvatica","POP_014","SITE_0007",2023,114,279,165,0.828862117218853,417.402347546519,8.76225961458533,1032.50621029513,"PAR_0000444",10.3043002961203,41.0032474668697,906
"Fagus_sylvatica","POP_015","SITE_0002",2018,116,306,190,0.815161425755839,395.143203793841,10.9349060837748,732.987091027605,"PAR_0000445",-7.43574808351696,48.4278286295012,1348
"Fagus_sylvatica","POP_015","SITE_0011",2019,100,291,191,0.793421220267215,481.842525397286,17.1138144962528,584.75839743039,"PAR_0000446",19.5722518395633,35.2740729693323,835
"Fagus_sylvatica","POP_015","SITE_0003",2020,111,291,180,0.773155602606314,497.678018839161,5.69378739086526,734.616879110997,"PAR_0000447",16.5864419867285,40.1883412292227,1384
"Fagus_sylvatica","POP_015","SITE_0001",2021,97,284,187,0.768492463308549,417.876705308069,13.0546175668556,706.763361688701,"PAR_0000448",-8.09835907770321,43.0410023033619,891
"Fagus_sylvatica","POP_015","SITE_0007",2022,118,288,170,0.787108157631854,462.257226491878,11.7315292941959,567.443093902327,"PAR_0000449",17.3675883049145,42.9991405270994,1776
"Fagus_sylvatica","POP_015","SITE_0006",2023,113,281,168,0.794311955860767,478.256804463946,9.58063239107274,519.314958440752,"PAR_0000450",7.25519957952201,43.0577827338129,1356
"Fagus_sylvatica","POP_016","SITE_0007",2018,98,295,197,0.766599990530447,398.347877762056,9.51255872087871,688.736017990327,"PAR_0000451",-8.70073326630518,42.6733282161877,350
"Fagus_sylvatica","POP_016","SITE_0007",2019,113,293,180,0.789219441788671,514.486653493822,10.1464336868151,958.423962329268,"PAR_0000452",-8.64603886147961,37.4309877259657,1310
"Fagus_sylvatica","POP_016","SITE_0015",2020,114,282,168,0.713649166214799,514.295298072709,9.0004566474617,999.025823128878,"PAR_0000453",7.0034674811177,48.8143153954297,548
"Fagus_sylvatica","POP_016","SITE_0003",2021,110,292,182,0.846298821766701,454.748244929198,10.8871301077808,582.070825683421,"PAR_0000454",-1.97827592492104,40.5834347708151,1486
"Fagus_sylvatica","POP_016","SITE_0008",2022,109,294,185,0.758858876102318,438.058030390855,11.5322320922884,952.939984361083,"PAR_0000455",6.1571749439463,44.0357531653717,1951
"Fagus_sylvatica","POP_016","SITE_0005",2023,107,291,184,0.800341507289446,519.729959580136,12.6934275095257,716.043669844151,"PAR_0000456",-7.79978101141751,50.765820518136,1104
"Fagus_sylvatica","POP_017","SITE_0005",2018,97,306,209,0.760862275736059,366.30699342295,12.680376286254,851.619379107415,"PAR_0000457",9.68654824886471,35.8353787893429,1198
"Fagus_sylvatica","POP_017","SITE_0003",2019,105,286,181,0.872842310534642,402.059649255647,13.6408670552716,544.882015723823,"PAR_0000458",17.4614178575575,36.1852178536355,1915
"Fagus_sylvatica","POP_017","SITE_0014",2020,100,296,196,0.770433501852058,492.478633238633,13.4818539312067,638.368411168366,"PAR_0000459",-1.78343191510066,40.3849372081459,610
"Fagus_sylvatica","POP_017","SITE_0012",2021,118,292,174,0.792541384796038,503.488797152506,7.36371097804536,529.141703488751,"PAR_0000460",6.96726298891008,50.285528069362,1462
"Fagus_sylvatica","POP_017","SITE_0014",2022,100,302,202,0.792063558951644,475.7077843357,8.78668245718382,485.561892336469,"PAR_0000461",-9.67930329963565,50.8476502774283,260
"Fagus_sylvatica","POP_017","SITE_0013",2023,113,289,176,0.816167338729014,410.901490017116,10.0512291816942,787.123501019969,"PAR_0000462",-4.65331251733005,51.6492574941367,486
"Fagus_sylvatica","POP_018","SITE_0010",2018,117,291,174,0.904691837991485,479.578780526641,8.24698203407319,661.157641941593,"PAR_0000463",19.6262270631269,39.4291592622176,2140
"Fagus_sylvatica","POP_018","SITE_0006",2019,102,282,180,0.78278755476081,526.216484604165,9.12003557214694,456.450494401427,"PAR_0000464",12.4986088555306,47.7481362549588,1646
"Fagus_sylvatica","POP_018","SITE_0011",2020,112,282,170,0.782116274439402,463.971032729707,10.0814628904323,688.612675709586,"PAR_0000465",7.4720390024595,53.8103565946221,1264
"Fagus_sylvatica","POP_018","SITE_0014",2021,111,294,183,0.754092658234127,419.971116340727,11.905897963755,888.846873106243,"PAR_0000466",15.253180146683,36.594053581357,1528
"Fagus_sylvatica","POP_018","SITE_0005",2022,108,286,178,0.747533708891164,383.561554379089,9.01020451866283,686.207908223131,"PAR_0000467",7.69893932854757,50.1433566678315,1509
"Fagus_sylvatica","POP_018","SITE_0003",2023,119,276,157,0.819564799476131,442.719313293413,10.9226724941796,572.84506408129,"PAR_0000468",3.09037678176537,38.816237510182,568
"Fagus_sylvatica","POP_019","SITE_0005",2018,99,300,201,0.819593221674237,382.154021127925,10.581084779522,470.552388022592,"PAR_0000469",6.38309817761183,35.6290593743324,2167
"Fagus_sylvatica","POP_019","SITE_0001",2019,111,292,181,0.78400256987407,499.237590794711,9.0890075186051,632.007871645547,"PAR_0000470",16.9170330697671,39.1341116465628,366
"Fagus_sylvatica","POP_019","SITE_0014",2020,109,280,171,0.786889932479371,467.103852120927,11.9402941858604,613.602287862284,"PAR_0000471",13.7857932015322,54.4730033492669,1871
"Fagus_sylvatica","POP_019","SITE_0013",2021,112,279,167,0.801220492681084,469.509970824097,13.0920340805389,848.639472410073,"PAR_0000472",11.5231325826608,46.8879345711321,1420
"Fagus_sylvatica","POP_019","SITE_0009",2022,113,291,178,0.813072492697743,450.442559767635,9.41317981274944,745.988064182387,"PAR_0000473",8.51869915379211,44.5878871669993,1862
"Fagus_sylvatica","POP_019","SITE_0009",2023,124,283,159,0.741247911621792,503.186131102357,8.34759552734492,776.609478171874,"PAR_0000474",17.8209000895731,38.3172004204243,2032
"Fagus_sylvatica","POP_020","SITE_0005",2018,96,290,194,0.772170072055312,390.518281835042,9.01735714148053,587.38562630677,"PAR_0000475",5.97948072012514,35.1791511755437,1542
"Fagus_sylvatica","POP_020","SITE_0003",2019,105,286,181,0.802177692190522,445.449533970605,8.45013679778453,753.001100806482,"PAR_0000476",7.10729669313878,50.8566402085125,1433
"Fagus_sylvatica","POP_020","SITE_0004",2020,101,286,185,0.831915977312565,524.365311897321,9.09571176155202,582.922178653054,"PAR_0000477",16.5080525353551,36.3532900251448,1297
"Fagus_sylvatica","POP_020","SITE_0014",2021,110,290,180,0.712654164970315,511.969861212229,12.0463021301411,822.250766981693,"PAR_0000478",-5.0769106997177,54.5394413918257,931
"Fagus_sylvatica","POP_020","SITE_0002",2022,112,285,173,0.742830041647148,425.37063961744,13.2348005386566,709.333422931314,"PAR_0000479",-6.85116210253909,54.0603822562844,100
"Fagus_sylvatica","POP_020","SITE_0004",2023,111,282,171,0.876256350133957,429.872763151357,9.04605366277945,690.543906042223,"PAR_0000480",18.4335213992745,45.6016643345356,188
"Fagus_sylvatica","POP_021","SITE_0009",2018,102,288,186,0.785207508760602,427.404695092905,11.4231024730532,733.401150014984,"PAR_0000481",2.7631800272502,45.3591221803799,953
"Fagus_sylvatica","POP_021","SITE_0002",2019,108,286,178,0.731389328881022,519.633123455924,10.4741427613147,882.945204051371,"PAR_0000482",16.860962077044,51.3603315223008,593
"Fagus_sylvatica","POP_021","SITE_0011",2020,108,287,179,0.762543801369719,399.422074064595,10.3783826266383,638.127535054525,"PAR_0000483",8.37949508335441,45.9883358655497,309
"Fagus_sylvatica","POP_021","SITE_0007",2021,101,265,164,0.84806812280125,552.130372500225,6.26009946158136,997.336272017833,"PAR_0000484",-2.63551630545408,54.3343552900478,1261
"Fagus_sylvatica","POP_021","SITE_0007",2022,105,305,200,0.766739431232509,467.98323206176,6.17519085455372,639.39954599964,"PAR_0000485",14.8802872886881,48.4145897254348,1641
"Fagus_sylvatica","POP_021","SITE_0010",2023,107,291,184,0.830441870173434,423.289305423487,8.8178411899582,509.44737797206,"PAR_0000486",16.2527818768285,41.7331690853462,1626
"Fagus_sylvatica","POP_022","SITE_0011",2018,115,294,179,0.7649214009397,335.360214176378,12.9900991804864,470.698625832918,"PAR_0000487",2.04863310558721,35.4845874244347,1993
"Fagus_sylvatica","POP_022","SITE_0002",2019,103,288,185,0.816723523396028,398.817030006709,7.59078007811449,808.452380436586,"PAR_0000488",-4.56392139894888,35.0032595219091,1947
"Fagus_sylvatica","POP_022","SITE_0005",2020,112,300,188,0.799133656050827,440.908794323936,8.75121396316166,741.885632677722,"PAR_0000489",8.37737526511773,35.6020563514903,2262
"Fagus_sylvatica","POP_022","SITE_0006",2021,113,300,187,0.849238081272415,503.051730674993,10.1811488775055,540.64568916369,"PAR_0000490",-9.11618039011955,52.0535956695676,77
"Fagus_sylvatica","POP_022","SITE_0005",2022,119,291,172,0.769393743250678,391.611739502414,9.600789510428,602.340974028069,"PAR_0000491",-2.46656288392842,38.9757364569232,127
"Fagus_sylvatica","POP_022","SITE_0005",2023,119,303,184,0.881603324264072,373.174673628415,11.2830633384431,600.834975408387,"PAR_0000492",0.966140045784414,36.5999778453261,1091
"Fagus_sylvatica","POP_023","SITE_0001",2018,111,284,173,0.816118766463347,494.147334499486,12.4419594438143,686.016071360378,"PAR_0000493",9.11600282881409,44.9858335219324,1644
"Fagus_sylvatica","POP_023","SITE_0009",2019,103,290,187,0.813079732055462,423.583134681371,10.227805362819,547.061755716746,"PAR_0000494",-1.64679645793512,42.520562633872,649
"Fagus_sylvatica","POP_023","SITE_0004",2020,106,294,188,0.859318788624093,453.377349505705,12.4077894568277,670.75580626375,"PAR_0000495",-9.64518813649192,42.4544603377581,156
"Fagus_sylvatica","POP_023","SITE_0001",2021,116,295,179,0.868998497600481,530.132177509605,9.60462866871592,831.887005066616,"PAR_0000496",-0.724959608633071,39.9081509979442,1823
"Fagus_sylvatica","POP_023","SITE_0012",2022,106,295,189,0.85748968522931,497.016814608388,7.87791895894774,618.413614838445,"PAR_0000497",-2.96196149662137,47.1985481120646,16
"Fagus_sylvatica","POP_023","SITE_0010",2023,114,289,175,0.829492895624921,451.967157265306,12.1274956464232,650.720197337027,"PAR_0000498",11.7605283297598,42.0023945067078,132
"Fagus_sylvatica","POP_024","SITE_0007",2018,102,285,183,0.8146189722096,456.343267614932,9.08754486306978,474.579696906062,"PAR_0000499",5.53734172601253,44.10566853825,2432
"Fagus_sylvatica","POP_024","SITE_0015",2019,114,300,186,0.812309368342297,354.042044202522,9.63709254593469,985.441727858278,"PAR_0000500",-0.747162369079888,38.4347688965499,710
"Fagus_sylvatica","POP_024","SITE_0010",2020,106,287,181,0.848656127192203,505.340996261253,8.91935640336573,749.252893323924,"PAR_0000501",16.5500672999769,41.2952943053097,2346
"Fagus_sylvatica","POP_024","SITE_0008",2021,107,291,184,0.817514235594021,477.974230527984,6.88160348679194,730.972226454751,"PAR_0000502",-0.434708551038057,41.5727956173941,2182
"Fagus_sylvatica","POP_024","SITE_0009",2022,106,298,192,0.778334026760597,477.407674579825,11.3478444208293,660.58402834242,"PAR_0000503",-9.52678868314251,47.0216542296112,729
"Fagus_sylvatica","POP_024","SITE_0010",2023,115,302,187,0.770737447498667,461.593415527432,11.7318802900378,1040.12667572377,"PAR_0000504",-0.443358570337296,37.5741508230567,2422
"Fagus_sylvatica","POP_025","SITE_0003",2018,99,294,195,0.785657680378128,465.875744056005,9.322923631599,690.783561859501,"PAR_0000505",4.90690970327705,54.3649567710236,309
"Fagus_sylvatica","POP_025","SITE_0012",2019,111,279,168,0.87304456854964,381.314465399693,10.7500037601655,591.617624441172,"PAR_0000506",-6.84164908248931,44.5607490371913,2151
"Fagus_sylvatica","POP_025","SITE_0010",2020,97,285,188,0.799868328759104,438.654790957648,10.3080738856595,472.446301415384,"PAR_0000507",17.6879897387698,36.8692176556215,2244
"Fagus_sylvatica","POP_025","SITE_0005",2021,103,298,195,0.845316666827855,454.697453034105,10.5927395309784,726.172792762033,"PAR_0000508",18.7005432345904,38.6304988199845,1544
"Fagus_sylvatica","POP_025","SITE_0003",2022,108,302,194,0.802533548032306,539.742081232908,9.71004064338782,605.180526233161,"PAR_0000509",-3.53854900458828,52.8324006451294,1093
"Fagus_sylvatica","POP_025","SITE_0014",2023,104,289,185,0.754713212789826,553.949872671146,5.16736856364896,566.910079530406,"PAR_0000510",5.6478770612739,38.160464069806,2306
"Fagus_sylvatica","POP_026","SITE_0008",2018,97,285,188,0.805955095852953,463.013275525014,12.6172079356932,704.562095103629,"PAR_0000511",-8.19744716398418,46.6533548710868,754
"Fagus_sylvatica","POP_026","SITE_0011",2019,104,293,189,0.849062131657179,376.708177958462,10.9119856815565,752.628430276272,"PAR_0000512",10.1498942053877,45.0123398145661,915
"Fagus_sylvatica","POP_026","SITE_0006",2020,110,282,172,0.773462199304335,378.57882284141,15.5975763221297,815.495684647875,"PAR_0000513",12.853761150036,40.5522159673274,217
"Fagus_sylvatica","POP_026","SITE_0004",2021,103,299,196,0.697082968834676,481.841375619071,6.15455406352357,870.088519567742,"PAR_0000514",11.8539251736365,40.3518867958337,1637
"Fagus_sylvatica","POP_026","SITE_0008",2022,109,283,174,0.778273911586797,417.037916051453,8.1305890382771,847.343607062702,"PAR_0000515",9.17963142739609,53.2713027717546,123
"Fagus_sylvatica","POP_026","SITE_0008",2023,111,299,188,0.756823857843411,522.02709796379,6.90956325758026,742.32047461768,"PAR_0000516",-5.63391445670277,54.8917447868735,1866
"Fagus_sylvatica","POP_027","SITE_0008",2018,110,291,181,0.837576799431256,503.148815568033,10.3701868397064,830.370562002806,"PAR_0000517",3.49598198663443,52.3423742689192,1047
"Fagus_sylvatica","POP_027","SITE_0002",2019,113,289,176,0.763675908650635,392.16243564417,10.1180309232954,663.059476671581,"PAR_0000518",5.9534604777582,39.1899273265153,118
"Fagus_sylvatica","POP_027","SITE_0001",2020,106,294,188,0.738994821335781,434.384033746608,10.8068444886569,488.480224108442,"PAR_0000519",-5.6777805602178,44.803338306956,714
"Fagus_sylvatica","POP_027","SITE_0002",2021,112,289,177,0.771276382555914,449.250445681988,11.6253465827504,828.929991215212,"PAR_0000520",-4.62130225263536,46.3801897317171,2270
"Fagus_sylvatica","POP_027","SITE_0006",2022,95,289,194,0.802296634746563,559.716600748161,10.5966482631627,684.328430421569,"PAR_0000521",-7.70418076775968,49.3057172000408,2387
"Fagus_sylvatica","POP_027","SITE_0011",2023,105,289,184,0.795627598944059,453.193245404498,7.34894451030849,474.784295700182,"PAR_0000522",18.3038993459195,51.8219995312393,289
"Fagus_sylvatica","POP_028","SITE_0007",2018,115,284,169,0.801942949783538,420.000048982107,6.4490304562073,659.333443200909,"PAR_0000523",9.77422706317157,45.0068524992093,455
"Fagus_sylvatica","POP_028","SITE_0003",2019,109,290,181,0.798200856719647,398.7661937758,12.0545512199032,748.273731795386,"PAR_0000524",-9.87512559629977,39.4714115886018,273
"Fagus_sylvatica","POP_028","SITE_0008",2020,114,292,178,0.810901427710496,480.95366682319,11.1941098816144,729.455514660815,"PAR_0000525",-6.57399517484009,40.1383263012394,1205
"Fagus_sylvatica","POP_028","SITE_0008",2021,96,300,204,0.851239494843202,497.508534273674,8.04714600597386,900.397786364179,"PAR_0000526",-6.44157217582688,51.1568813305348,791
"Fagus_sylvatica","POP_028","SITE_0013",2022,111,291,180,0.72471064473413,382.840555238709,7.22359602306465,662.366254187249,"PAR_0000527",14.7276293346658,37.2826993558556,264
"Fagus_sylvatica","POP_028","SITE_0010",2023,112,277,165,0.810124829697895,501.536611373385,7.43005170320319,480.835269778909,"PAR_0000528",18.3387740631588,53.574734213762,2332
"Fagus_sylvatica","POP_029","SITE_0013",2018,104,304,200,0.788332649604406,401.372042783882,9.93595953893787,969.621252830611,"PAR_0000529",-3.80651869345456,53.6606752034277,1060
"Fagus_sylvatica","POP_029","SITE_0008",2019,105,282,177,0.814970915013574,493.237115241878,9.00476466971736,918.014303732047,"PAR_0000530",7.91506638750434,42.8819093992934,2448
"Fagus_sylvatica","POP_029","SITE_0005",2020,102,279,177,0.883763700677236,479.530534288597,13.2810750535055,640.007314759696,"PAR_0000531",13.2954668696038,52.0158722344786,1152
"Fagus_sylvatica","POP_029","SITE_0011",2021,109,278,169,0.805472862421649,481.197474988077,9.90844424677966,663.579288936285,"PAR_0000532",-8.38224892038852,47.9407673701644,1766
"Fagus_sylvatica","POP_029","SITE_0010",2022,111,283,172,0.814300388374238,408.015569848524,5.74337884667763,478.723745123359,"PAR_0000533",2.42679097922519,48.4322467679158,806
"Fagus_sylvatica","POP_029","SITE_0010",2023,109,307,198,0.769740632417162,434.117483875054,8.76973182286368,796.409546178882,"PAR_0000534",8.31173777580261,44.0347794350237,2288
"Fagus_sylvatica","POP_030","SITE_0014",2018,101,290,189,0.868573334545755,411.258763411822,8.39541154398581,842.478528583626,"PAR_0000535",1.80710315238684,42.6059351069853,751
"Fagus_sylvatica","POP_030","SITE_0012",2019,107,298,191,0.787354117211923,474.535479627365,11.1900865686927,588.851405478097,"PAR_0000536",17.4614394060336,51.2734359921888,1270
"Fagus_sylvatica","POP_030","SITE_0012",2020,111,292,181,0.838562613509961,472.632600796608,10.9622281052065,682.245826734753,"PAR_0000537",-6.95835917722434,45.6752851884812,2381
"Fagus_sylvatica","POP_030","SITE_0005",2021,103,301,198,0.771268177452188,451.843949096203,10.4522737239886,697.894233780064,"PAR_0000538",19.8599139298312,46.9443046068773,2047
"Fagus_sylvatica","POP_030","SITE_0001",2022,110,292,182,0.807375256787298,409.56689747903,9.67590043626594,677.859938754518,"PAR_0000539",-9.33987827738747,41.1455069668591,354
"Fagus_sylvatica","POP_030","SITE_0015",2023,110,298,188,0.702111283161448,431.11326501468,9.65642956073554,758.326152688607,"PAR_0000540",4.27185401320457,38.0984943313524,945
"Quercus_petraea","POP_001","SITE_0014",2018,91,285,194,0.837839389801343,493.607622020019,8.98241193528439,381.203226954915,"PAR_0000541",-9.17525373166427,47.6810120651498,601
"Quercus_petraea","POP_001","SITE_0006",2019,90,286,196,0.865449697538276,435.243994858216,12.7999371972437,982.537463598035,"PAR_0000542",6.70825737528503,50.9806476579979,1011
"Quercus_petraea","POP_001","SITE_0010",2020,108,274,166,0.783344609009624,482.982022260139,12.4210715758269,560.024651067518,"PAR_0000543",-6.98642290662974,37.0382697228342,1309
"Quercus_petraea","POP_001","SITE_0014",2021,108,304,196,0.846024864970108,434.261831775248,10.4363825571498,867.884671838878,"PAR_0000544",19.2450473806821,47.0938368327916,1705
"Quercus_petraea","POP_001","SITE_0001",2022,93,281,188,0.906159909739636,475.045092967144,10.0683735853015,893.338917722369,"PAR_0000545",12.6255593937822,46.0645739175379,1119
"Quercus_petraea","POP_001","SITE_0006",2023,101,277,176,0.759445240289804,506.212383340338,10.7164442862553,790.16507196356,"PAR_0000546",11.9607151811942,41.9805858144537,81
"Quercus_petraea","POP_002","SITE_0015",2018,93,275,182,0.834470265690718,415.447243136387,10.1192320700353,732.187479983885,"PAR_0000547",7.09529238985851,45.8687715046108,2130
"Quercus_petraea","POP_002","SITE_0007",2019,110,289,179,0.851507747433441,482.728239346938,9.91773596738211,479.974108488487,"PAR_0000548",16.3946082186885,43.7246237508953,1911
"Quercus_petraea","POP_002","SITE_0003",2020,101,292,191,0.73887145428774,547.760110929684,11.0121169417184,794.778201070131,"PAR_0000549",6.84917390346527,49.9508787598461,1707
"Quercus_petraea","POP_002","SITE_0003",2021,97,303,206,0.821097133562797,484.691372165339,6.76527799174859,529.092076230905,"PAR_0000550",17.3467933759093,39.557770062238,2142
"Quercus_petraea","POP_002","SITE_0003",2022,95,275,180,0.835902234870132,441.640470203385,10.5948284959242,481.934454782113,"PAR_0000551",-4.06103644054383,51.4267048984766,2216
"Quercus_petraea","POP_002","SITE_0003",2023,117,278,161,0.820645223806999,538.18429226958,10.4061209253327,739.742481066125,"PAR_0000552",5.74890758376569,35.7543909596279,1901
"Quercus_petraea","POP_003","SITE_0004",2018,84,292,208,0.838161747941541,511.896374871409,15.4778006129709,880.64901957285,"PAR_0000553",2.40640640025958,49.6253480063751,94
"Quercus_petraea","POP_003","SITE_0010",2019,97,278,181,0.869078216976784,513.160706375861,10.097012837205,1013.46377637277,"PAR_0000554",1.80977386422455,41.9738507224247,1455
"Quercus_petraea","POP_003","SITE_0008",2020,90,281,191,0.766870282880879,500.013024522719,13.325910293599,654.67647684736,"PAR_0000555",19.121793624945,35.4645875189453,1211
"Quercus_petraea","POP_003","SITE_0011",2021,104,281,177,0.86549325486885,504.833007301763,12.1126328732236,639.231869420313,"PAR_0000556",9.42944424459711,49.8642116086558,2213
"Quercus_petraea","POP_003","SITE_0004",2022,94,270,176,0.781671483727571,442.561192371634,9.08026375890091,791.429383710553,"PAR_0000557",8.28015000093728,47.5352630205452,1069
"Quercus_petraea","POP_003","SITE_0007",2023,100,284,184,0.8209984924145,589.731331745264,7.31134940061909,694.451993470396,"PAR_0000558",-2.60225999401882,53.6103517236188,1532
"Quercus_petraea","POP_004","SITE_0008",2018,98,279,181,0.834242839640761,406.384268599669,11.6149086578705,472.13946979291,"PAR_0000559",7.58701812243089,51.4830264402553,1312
"Quercus_petraea","POP_004","SITE_0003",2019,100,284,184,0.834868607165818,455.958158450441,13.2076422808831,531.157774471424,"PAR_0000560",11.1610150942579,46.1312059499323,1187
"Quercus_petraea","POP_004","SITE_0003",2020,100,278,178,0.860128501387319,478.16087508144,10.3041992919284,659.365853754534,"PAR_0000561",17.4960318487138,47.8214785270393,539
"Quercus_petraea","POP_004","SITE_0014",2021,98,290,192,0.892663466009847,513.435509175337,8.29176501777559,821.849811004756,"PAR_0000562",14.9225867446512,54.7172388480976,122
"Quercus_petraea","POP_004","SITE_0008",2022,95,293,198,0.908444558872674,512.954905905224,11.6231469317911,917.843642348192,"PAR_0000563",-4.81077900156379,43.3581629954278,2250
"Quercus_petraea","POP_004","SITE_0011",2023,107,298,191,0.808621488292977,476.899768007746,6.50869727729362,834.970388158497,"PAR_0000564",18.7184620602056,42.3577644210309,1765
"Quercus_petraea","POP_005","SITE_0010",2018,91,287,196,0.813960173914611,425.980121505656,14.0157418554981,678.975495136962,"PAR_0000565",5.32941718352959,47.2905689058825,27
"Quercus_petraea","POP_005","SITE_0014",2019,98,304,206,0.808205946656183,479.982893928547,10.7738667867454,782.744858408622,"PAR_0000566",2.71970210364088,54.1181373875588,1681
"Quercus_petraea","POP_005","SITE_0014",2020,91,273,182,0.688644843227167,446.903807145407,12.0448024107501,824.805737211264,"PAR_0000567",18.9071350754239,36.4665779145434,818
"Quercus_petraea","POP_005","SITE_0012",2021,96,286,190,0.866274147454507,490.243115832034,10.7901091036518,759.576252979317,"PAR_0000568",1.35301880771294,46.1138638341799,1674
"Quercus_petraea","POP_005","SITE_0006",2022,106,295,189,0.792092786109191,430.287774058949,9.42554986660564,667.192256062818,"PAR_0000569",-4.98186446493492,35.1891414867714,1872
"Quercus_petraea","POP_005","SITE_0013",2023,103,281,178,0.849780373876004,479.16994457933,9.8067121221303,416.061464762462,"PAR_0000570",7.6828490709886,38.4039648389444,713
"Quercus_petraea","POP_006","SITE_0001",2018,84,288,204,0.876604788128365,434.712345879482,12.3889758795807,1009.80570839978,"PAR_0000571",8.83205327903852,49.4897024286911,715
"Quercus_petraea","POP_006","SITE_0007",2019,99,272,173,0.823465663877114,432.299975319797,10.6629111807565,617.659382994171,"PAR_0000572",9.28333319956437,44.7137748915702,446
"Quercus_petraea","POP_006","SITE_0014",2020,99,291,192,0.833935159171502,391.642448534327,12.6702936939975,1091.8240444833,"PAR_0000573",9.98323602136225,41.7510960949585,2454
"Quercus_petraea","POP_006","SITE_0015",2021,100,281,181,0.865900093631914,494.029630104204,13.9619972842846,647.148938391956,"PAR_0000574",-6.14726178348064,42.8086241241544,1887
"Quercus_petraea","POP_006","SITE_0009",2022,101,296,195,0.787108001852077,449.527752497887,12.6258141468365,727.183138695489,"PAR_0000575",-6.29294092999771,40.8372734766454,465
"Quercus_petraea","POP_006","SITE_0007",2023,113,292,179,0.779044218950508,501.360476812236,7.20793927578509,653.573526743464,"PAR_0000576",17.7089883759618,40.061983386986,1470
"Quercus_petraea","POP_007","SITE_0006",2018,105,286,181,0.82457304899392,475.86460884536,10.7962286043556,737.463232737546,"PAR_0000577",-9.33047505328432,41.7984034633264,1784
"Quercus_petraea","POP_007","SITE_0006",2019,106,284,178,0.743338928051312,416.555502371495,12.4660798089249,819.371352980658,"PAR_0000578",4.35839157551527,51.0775559209287,941
"Quercus_petraea","POP_007","SITE_0012",2020,92,273,181,0.749983741223608,444.061823744589,11.2639978033106,855.270566302088,"PAR_0000579",-6.14379802485928,36.8671888764948,894
"Quercus_petraea","POP_007","SITE_0009",2021,106,288,182,0.840801126745904,514.029107281835,7.0590340380182,659.043578713759,"PAR_0000580",4.09668145701289,50.9511567652225,1263
"Quercus_petraea","POP_007","SITE_0007",2022,103,285,182,0.811058879154954,365.091546849007,8.25459575611704,1020.59659817728,"PAR_0000581",12.6069550053217,37.5152218155563,1395
"Quercus_petraea","POP_007","SITE_0014",2023,95,298,203,0.878017605760405,472.03757065152,11.9074888912944,889.754832113409,"PAR_0000582",16.1488190642558,50.3169148042798,968
"Quercus_petraea","POP_008","SITE_0006",2018,105,292,187,0.864282782206568,549.075414573292,4.38361927982359,921.458839581746,"PAR_0000583",-1.99587842449546,51.0345414560288,2459
"Quercus_petraea","POP_008","SITE_0002",2019,108,275,167,0.812122530609301,439.432790829623,5.99423791846121,657.151272672304,"PAR_0000584",9.06305658863857,50.5615830328315,600
"Quercus_petraea","POP_008","SITE_0013",2020,99,278,179,0.798019215929688,516.704918386476,9.45805739399901,814.632858557018,"PAR_0000585",-8.61598045565188,37.5336303375661,851
"Quercus_petraea","POP_008","SITE_0012",2021,102,293,191,0.810604654331962,468.958399948447,10.953228107143,579.590279571294,"PAR_0000586",14.5498453336768,44.5526572223753,171
"Quercus_petraea","POP_008","SITE_0003",2022,97,278,181,0.828019222028945,450.352025747064,6.5628769510782,752.388136821639,"PAR_0000587",-9.14267613785341,44.3421458173543,1506
"Quercus_petraea","POP_008","SITE_0014",2023,98,282,184,0.813311899913375,515.226679657022,10.9788607644715,781.43975839946,"PAR_0000588",3.10014481423423,37.9294034698978,83
"Quercus_petraea","POP_009","SITE_0009",2018,113,283,170,0.850704348707435,486.553714617135,12.4405624852475,781.637998197905,"PAR_0000589",3.87109767645597,53.633158900775,147
"Quercus_petraea","POP_009","SITE_0010",2019,91,282,191,0.823387856919768,522.227928949645,8.52166350615557,698.471816701569,"PAR_0000590",-7.26086223032326,49.0575758181512,1451
"Quercus_petraea","POP_009","SITE_0008",2020,95,276,181,0.905165616539688,502.12346169481,11.0901306960375,691.826126466997,"PAR_0000591",2.64921313384548,51.6893140552565,1892
"Quercus_petraea","POP_009","SITE_0007",2021,85,293,208,0.848813691238343,412.554134855497,10.083164150616,624.292286361785,"PAR_0000592",14.1189384530298,37.4818539014086,1221
"Quercus_petraea","POP_009","SITE_0003",2022,103,274,171,0.817102155920728,500.964770485585,10.1561295015913,682.488055455772,"PAR_0000593",3.3212914946489,44.1546175349504,2192
"Quercus_petraea","POP_009","SITE_0006",2023,117,282,165,0.818561565055797,410.40491984569,10.856951968299,773.972634067505,"PAR_0000594",-5.47111122868955,37.1291479887441,1016
"Quercus_petraea","POP_010","SITE_0014",2018,93,287,194,0.828095080326966,461.693930048944,8.50809137533223,832.425317073078,"PAR_0000595",11.3089188677259,49.8837649729103,821
"Quercus_petraea","POP_010","SITE_0012",2019,87,277,190,0.82183701789254,469.066752951586,10.6101890015912,624.390660473326,"PAR_0000596",19.9016997078434,51.0983950505033,523
"Quercus_petraea","POP_010","SITE_0014",2020,95,277,182,0.864795847099296,494.033317216365,9.40881488513721,558.020210830719,"PAR_0000597",11.0264081554487,37.0535878092051,187
"Quercus_petraea","POP_010","SITE_0001",2021,97,297,200,0.791334386741991,495.350032214762,12.5192900580877,889.043579586956,"PAR_0000598",10.9299887553789,50.7449103333056,1709
"Quercus_petraea","POP_010","SITE_0011",2022,107,290,183,0.820385068122179,559.873380860921,7.25385188651314,633.625774652756,"PAR_0000599",-5.78194664791226,40.0370990345255,1540
"Quercus_petraea","POP_010","SITE_0012",2023,100,285,185,0.734211477914129,408.190441799596,9.31603730730606,575.376677020691,"PAR_0000600",10.2856634557247,47.5822169240564,238
"Quercus_petraea","POP_011","SITE_0011",2018,89,290,201,0.845699732234188,569.26981469085,7.53737283861097,704.63069902316,"PAR_0000601",-4.73535116994753,46.8191592814401,867
"Quercus_petraea","POP_011","SITE_0004",2019,93,281,188,0.777961985071526,434.158172160472,9.78933185517921,980.721256066591,"PAR_0000602",-2.81317758839577,35.2980734920129,454
"Quercus_petraea","POP_011","SITE_0002",2020,93,288,195,0.789111264917031,452.092307713445,9.88118711108076,690.774704435463,"PAR_0000603",-6.07257971074432,48.5280454019085,565
"Quercus_petraea","POP_011","SITE_0006",2021,115,283,168,0.825880208275594,536.915901958588,11.0489454718604,830.666339107896,"PAR_0000604",-8.8226204784587,52.5046417070553,281
"Quercus_petraea","POP_011","SITE_0014",2022,102,295,193,0.793641033826206,463.143829910909,12.353792373011,629.416320433086,"PAR_0000605",14.4102673465386,43.9767354121432,1666
"Quercus_petraea","POP_011","SITE_0006",2023,100,298,198,0.88048545377796,455.507080923688,9.22671830210199,783.555410042214,"PAR_0000606",-3.08546202955768,51.8516514915973,156
"Quercus_petraea","POP_012","SITE_0006",2018,103,298,195,0.831239432408065,407.624641374018,10.7528479316719,823.461617649408,"PAR_0000607",1.57666608225554,49.9010645085946,2319
"Quercus_petraea","POP_012","SITE_0003",2019,99,290,191,0.833398230246282,382.086886658531,9.15279793810241,672.335479741091,"PAR_0000608",-4.41562210442498,45.7168188039213,454
"Quercus_petraea","POP_012","SITE_0001",2020,93,288,195,0.839301564593254,525.744730681986,10.3063986750824,853.715099853403,"PAR_0000609",4.65471362462267,40.0467518623918,2421
"Quercus_petraea","POP_012","SITE_0011",2021,97,282,185,0.764706981090815,437.490853695544,9.39996995655888,689.720603802258,"PAR_0000610",6.65011155419052,49.5420605875552,1560
"Quercus_petraea","POP_012","SITE_0006",2022,107,261,154,0.891033732228241,453.174811685693,10.6515048277159,711.847261659715,"PAR_0000611",10.2227839478292,39.0209885360673,2398
"Quercus_petraea","POP_012","SITE_0005",2023,108,285,177,0.824776130601346,509.780055259935,8.6598086454208,661.044041155075,"PAR_0000612",17.588326681871,42.3681328305975,907
"Quercus_petraea","POP_013","SITE_0001",2018,85,283,198,0.760548688404628,428.228134184865,8.20023525120031,878.468396579779,"PAR_0000613",13.7982927425765,38.7705562310293,367
"Quercus_petraea","POP_013","SITE_0007",2019,81,283,202,0.816016568674766,460.922598019895,10.7782678984887,647.075751377939,"PAR_0000614",13.2842523022555,43.676064866595,2464
"Quercus_petraea","POP_013","SITE_0010",2020,93,297,204,0.85775295997203,483.383423031883,11.518977796072,971.278412495949,"PAR_0000615",4.0249252691865,35.1111035840586,984
"Quercus_petraea","POP_013","SITE_0012",2021,88,294,206,0.81269847415728,449.581205237939,10.0239356119911,811.361704784285,"PAR_0000616",11.9715023902245,54.3016578070819,1776
"Quercus_petraea","POP_013","SITE_0015",2022,86,279,193,0.801000914518666,442.225807284889,12.1869472628241,623.777545687419,"PAR_0000617",15.5108708771877,40.9884076658636,1534
"Quercus_petraea","POP_013","SITE_0011",2023,110,279,169,0.850534308916787,410.928133704842,11.2162726645814,682.435252144611,"PAR_0000618",-0.707716671749949,46.2386126955971,1067
"Quercus_petraea","POP_014","SITE_0005",2018,98,277,179,0.817349876497892,513.678107183706,6.55579170518289,839.47392185756,"PAR_0000619",11.5497277886607,37.383434958756,953
"Quercus_petraea","POP_014","SITE_0007",2019,92,278,186,0.84898022276278,521.95056410903,12.6140939167271,599.228514143102,"PAR_0000620",3.32161968806759,36.7550799390301,1660
"Quercus_petraea","POP_014","SITE_0008",2020,103,280,177,0.779525275154497,511.694950202327,6.96974987290862,254.222838000827,"PAR_0000621",3.48678693408147,43.490277393721,1687
"Quercus_petraea","POP_014","SITE_0012",2021,111,286,175,0.784256688826545,455.8557812638,7.12445662581214,811.296091462003,"PAR_0000622",7.73891657125205,44.5001750439405,168
"Quercus_petraea","POP_014","SITE_0002",2022,107,275,168,0.814084875225824,471.812240036899,12.5028231503367,691.845939119075,"PAR_0000623",-4.22783898888156,47.7770589152351,2134
"Quercus_petraea","POP_014","SITE_0008",2023,91,273,182,0.867208271130507,543.77440380073,8.09571060084159,727.169676052558,"PAR_0000624",14.5233612298034,51.0257482109591,22
"Quercus_petraea","POP_015","SITE_0013",2018,103,284,181,0.871725349903941,506.137976645075,12.7102685390574,770.981784045262,"PAR_0000625",2.8172251698561,54.7078408719972,452
"Quercus_petraea","POP_015","SITE_0006",2019,97,289,192,0.846550498868822,457.956514470177,7.94059327588708,675.843208053517,"PAR_0000626",0.79211967298761,45.3443619003519,1918
"Quercus_petraea","POP_015","SITE_0009",2020,110,282,172,0.803746471403561,483.05664399251,11.672893416606,595.462817402529,"PAR_0000627",-8.79284974653274,50.0438166409731,45
"Quercus_petraea","POP_015","SITE_0004",2021,96,284,188,0.850607525079708,467.216593891341,7.85740046679816,689.125603809317,"PAR_0000628",-7.47290387284011,41.112099965103,1620
"Quercus_petraea","POP_015","SITE_0011",2022,92,281,189,0.839930024438053,470.777211778057,13.9071960619375,439.33540762181,"PAR_0000629",5.92221378348768,46.3800637423992,532
"Quercus_petraea","POP_015","SITE_0007",2023,103,277,174,0.752616187815869,468.498627082721,10.5569378464931,794.161902925991,"PAR_0000630",3.98092267336324,35.7107647275552,1518
"Quercus_petraea","POP_016","SITE_0013",2018,89,285,196,0.798650119623788,429.012533329455,12.7305683992693,702.783703231407,"PAR_0000631",13.7360879778862,48.2945232698694,2289
"Quercus_petraea","POP_016","SITE_0011",2019,102,285,183,0.857208852670293,546.049485191624,7.4617234688101,598.626769618421,"PAR_0000632",1.69739383272827,42.3989792540669,6
"Quercus_petraea","POP_016","SITE_0004",2020,104,287,183,0.749951735031598,459.216985266817,8.02762088008422,680.557155357882,"PAR_0000633",-5.39273994509131,45.7188233314082,1071
"Quercus_petraea","POP_016","SITE_0011",2021,93,276,183,0.754224581668149,520.319297809192,9.40705385050209,1048.09937309991,"PAR_0000634",0.052709064912051,40.4654938634485,2252
"Quercus_petraea","POP_016","SITE_0004",2022,103,290,187,0.755846733004683,408.39340160691,9.9854329299533,549.378395947387,"PAR_0000635",16.775384969078,48.7752301059663,1437
"Quercus_petraea","POP_016","SITE_0009",2023,97,280,183,0.830996375884858,525.646260395456,10.9381823468807,620.458064091576,"PAR_0000636",-4.53676913864911,50.8540612645447,1996
"Quercus_petraea","POP_017","SITE_0002",2018,101,285,184,0.766606552572512,413.895381635043,6.65015151653044,888.175919489532,"PAR_0000637",-9.44087831769139,49.7314582439139,408
"Quercus_petraea","POP_017","SITE_0011",2019,80,287,207,0.827052716935689,440.176260870387,7.39586852278343,500.842146526144,"PAR_0000638",-6.3469708734192,50.979492594488,2236
"Quercus_petraea","POP_017","SITE_0007",2020,105,282,177,0.833128295290053,522.115876038713,9.03667493384614,722.5976277336,"PAR_0000639",-5.70558227831498,39.6182262804359,728
"Quercus_petraea","POP_017","SITE_0011",2021,91,282,191,0.87359841255406,447.10736867603,9.02648756687628,706.405870584367,"PAR_0000640",8.14767142990604,48.7436811579391,2435
"Quercus_petraea","POP_017","SITE_0010",2022,101,271,170,0.737881799990542,394.0569128351,11.6973506970417,532.331476879556,"PAR_0000641",-2.6258997968398,48.3105958858505,1273
"Quercus_petraea","POP_017","SITE_0004",2023,103,297,194,0.759265586701684,400.56689856847,7.81674376432186,477.940501900681,"PAR_0000642",7.7108741668053,36.379740908742,875
"Quercus_petraea","POP_018","SITE_0009",2018,95,280,185,0.784843613108107,472.8036423075,6.73541024784589,831.774233529432,"PAR_0000643",4.13917051162571,52.8650729171932,392
"Quercus_petraea","POP_018","SITE_0001",2019,94,288,194,0.896499455942942,511.655164446682,10.084340070162,747.008822092446,"PAR_0000644",15.0989264249802,37.0226052217185,2399
"Quercus_petraea","POP_018","SITE_0010",2020,100,286,186,0.808493747084622,464.522085108805,10.6590528125801,605.575536677139,"PAR_0000645",1.0745281050913,43.2726884260774,408
"Quercus_petraea","POP_018","SITE_0005",2021,103,279,176,0.797538136625398,422.065152819185,10.1010135964131,429.337963785279,"PAR_0000646",2.26875906577334,42.593036792241,1439
"Quercus_petraea","POP_018","SITE_0015",2022,92,278,186,0.79886896289716,588.321178692211,3.9964002521785,285.290681196055,"PAR_0000647",8.34955432452261,49.7159623587504,273
"Quercus_petraea","POP_018","SITE_0011",2023,103,280,177,0.776373442002158,415.960505759878,6.97203334721582,684.29934265196,"PAR_0000648",-1.69974674936384,38.875353820622,623
"Quercus_petraea","POP_019","SITE_0003",2018,95,285,190,0.826466896651294,512.39863290132,8.6827831733345,606.124878319293,"PAR_0000649",-6.58659030450508,50.1393196545541,46
"Quercus_petraea","POP_019","SITE_0006",2019,96,299,203,0.82889994675026,600.612966186328,8.69119206945884,569.577776892294,"PAR_0000650",9.20777558116242,41.8127176910639,884
"Quercus_petraea","POP_019","SITE_0003",2020,102,293,191,0.855288371964718,511.827452678452,8.88911486019907,847.981608193454,"PAR_0000651",5.0182901439257,35.9696784522384,441
"Quercus_petraea","POP_019","SITE_0010",2021,85,279,194,0.806384847042747,574.734821581102,7.74050832054389,643.321468509886,"PAR_0000652",-8.55147331487387,50.28586671222,1666
"Quercus_petraea","POP_019","SITE_0008",2022,97,289,192,0.82809380118386,463.074120996056,9.62305135206704,786.409046745163,"PAR_0000653",-8.68704843334854,47.3560828668997,2290
"Quercus_petraea","POP_019","SITE_0014",2023,97,281,184,0.786681944735788,491.359334832162,6.57173939069575,691.953137233993,"PAR_0000654",-3.93711213255301,47.0995060121641,315
"Quercus_petraea","POP_020","SITE_0013",2018,89,280,191,0.863681967069681,555.763352651808,11.1434717672533,353.409337034681,"PAR_0000655",1.30873361602426,40.4096458991989,1556
"Quercus_petraea","POP_020","SITE_0013",2019,96,277,181,0.856929967644144,444.898168965368,13.1431556512511,776.818631112846,"PAR_0000656",15.173746526707,46.2749512027949,2450
"Quercus_petraea","POP_020","SITE_0010",2020,97,281,184,0.884746531541832,425.681207842191,7.50083882475574,397.376256781133,"PAR_0000657",5.34864797955379,44.3311034888029,2428
"Quercus_petraea","POP_020","SITE_0004",2021,100,295,195,0.920776586652359,460.096668961112,10.0966805611668,840.022066726763,"PAR_0000658",11.3063058513217,45.1497785979882,1687
"Quercus_petraea","POP_020","SITE_0001",2022,93,273,180,0.772498121904874,390.925112920293,9.31022305165832,742.491461064978,"PAR_0000659",-7.78968131402507,41.8432314135134,1536
"Quercus_petraea","POP_020","SITE_0001",2023,100,292,192,0.884370617408753,484.786444109945,8.31521713018583,506.476051308225,"PAR_0000660",8.6583307152614,48.0526317004114,788
"Quercus_petraea","POP_021","SITE_0013",2018,98,279,181,0.819198346774994,491.18769067261,7.21411976418486,824.975622566999,"PAR_0000661",16.3413218758069,44.431332568638,245
"Quercus_petraea","POP_021","SITE_0002",2019,93,281,188,0.667664574707848,462.787021512099,9.85342130501721,742.999201567234,"PAR_0000662",6.40296143712476,52.9596153274179,292
"Quercus_petraea","POP_021","SITE_0001",2020,87,271,184,0.857513292564536,476.106143804288,7.03420020490747,897.824526082871,"PAR_0000663",-5.63502917299047,54.989447039552,1997
"Quercus_petraea","POP_021","SITE_0009",2021,92,286,194,0.738579193044271,477.252752438196,11.2427300627182,782.287236526627,"PAR_0000664",13.7712814239785,42.9821830801666,30
"Quercus_petraea","POP_021","SITE_0001",2022,103,275,172,0.84222179543973,498.28539541473,8.61246102056409,555.58122524035,"PAR_0000665",-1.36024738661945,46.579511212185,2026
"Quercus_petraea","POP_021","SITE_0011",2023,97,293,196,0.787842826414925,452.601642704032,16.6507713412153,744.866037130527,"PAR_0000666",11.5648274379782,44.1819049743935,284
"Quercus_petraea","POP_022","SITE_0004",2018,96,277,181,0.726536410609328,532.030487211731,8.13190274497664,389.384058901891,"PAR_0000667",7.99492274876684,42.9888704279438,203
"Quercus_petraea","POP_022","SITE_0009",2019,95,276,181,0.78901162444759,449.051616291687,9.58143995693131,1020.66317158147,"PAR_0000668",7.56206428166479,48.6685167765245,1161
"Quercus_petraea","POP_022","SITE_0008",2020,86,301,215,0.812131534744662,478.425258878808,7.93604425322035,765.620199544062,"PAR_0000669",-9.45039534708485,49.8181024938822,2379
"Quercus_petraea","POP_022","SITE_0014",2021,95,282,187,0.89648475434415,478.483020352047,13.1740002564827,789.307055842873,"PAR_0000670",-2.91199829895049,44.1067083366215,1987
"Quercus_petraea","POP_022","SITE_0005",2022,105,277,172,0.813395124260142,485.208059203983,12.658918603142,610.635750423999,"PAR_0000671",5.48952555283904,53.9393508341163,1301
"Quercus_petraea","POP_022","SITE_0012",2023,81,289,208,0.812328356259924,529.923414885615,9.37020966029177,666.878156944459,"PAR_0000672",8.62577958730981,39.0356299374253,2452
"Quercus_petraea","POP_023","SITE_0007",2018,92,275,183,0.865993704680531,477.050620221554,9.90071725780889,801.691600869342,"PAR_0000673",1.14192858804017,53.8312821555883,2389
"Quercus_petraea","POP_023","SITE_0012",2019,94,282,188,0.817807605169343,374.295789827775,8.87795891484853,664.006353563698,"PAR_0000674",9.47951945941895,50.4829007480294,559
"Quercus_petraea","POP_023","SITE_0005",2020,98,272,174,0.848961699558994,510.007077696776,8.20984986286166,1026.91347495099,"PAR_0000675",6.52736507821828,36.7288177134469,713
"Quercus_petraea","POP_023","SITE_0011",2021,101,269,168,0.851946751706353,442.401192875268,11.7337373577833,545.41591171527,"PAR_0000676",14.6392638189718,40.776442931965,1299
"Quercus_petraea","POP_023","SITE_0007",2022,97,278,181,0.869273595964221,531.441068148948,13.8227836179708,805.023829745735,"PAR_0000677",12.1876297495328,53.7047781934962,2432
"Quercus_petraea","POP_023","SITE_0014",2023,108,287,179,0.84660087063754,480.76132943046,9.54536232765755,936.085530303378,"PAR_0000678",1.26963764661923,36.2670492194593,2212
"Quercus_petraea","POP_024","SITE_0012",2018,92,300,208,0.853984096489512,441.051773888173,7.65631833736551,800.917025801186,"PAR_0000679",1.8030511168763,49.3452105671167,2080
"Quercus_petraea","POP_024","SITE_0001",2019,89,284,195,0.816983568488424,486.825592676991,10.4822930737053,685.989445865028,"PAR_0000680",1.28227875102311,38.1896970747039,350
"Quercus_petraea","POP_024","SITE_0002",2020,104,278,174,0.914977476757481,463.570247021681,9.61839937915147,915.024998274915,"PAR_0000681",12.3875690205023,52.3482149606571,545
"Quercus_petraea","POP_024","SITE_0015",2021,115,274,159,0.885813646588974,438.228001339941,10.3033960839507,1061.62958541974,"PAR_0000682",18.2822416955605,48.3854585979134,865
"Quercus_petraea","POP_024","SITE_0007",2022,103,278,175,0.741271045737144,403.590358298856,8.15681849475163,645.512664381778,"PAR_0000683",18.1011013570242,48.8045040797442,1143
"Quercus_petraea","POP_024","SITE_0005",2023,102,271,169,0.745425713707839,477.205323041352,10.6818441885075,623.507415955197,"PAR_0000684",-4.31970239151269,51.3092127069831,89
"Quercus_petraea","POP_025","SITE_0003",2018,99,279,180,0.830155058887735,558.988827273361,6.63394220341998,587.321919873604,"PAR_0000685",15.4882947308943,46.5334459533915,1147
"Quercus_petraea","POP_025","SITE_0004",2019,98,289,191,0.903570947613899,475.980398592479,7.35039296660887,749.074738305303,"PAR_0000686",16.9886269629933,37.3216312937438,744
"Quercus_petraea","POP_025","SITE_0014",2020,100,277,177,0.756088309083369,509.899719257213,7.49914093149243,781.000269628346,"PAR_0000687",12.4189442722127,47.3033693386242,2062
"Quercus_petraea","POP_025","SITE_0006",2021,101,283,182,0.866391729146697,398.453295133172,11.3616516950835,623.717936942944,"PAR_0000688",0.674880938604474,42.6787133002654,108
"Quercus_petraea","POP_025","SITE_0006",2022,114,290,176,0.833187406753183,445.253887917284,10.713803484965,706.905848613779,"PAR_0000689",5.42843391885981,38.8791076233611,815
"Quercus_petraea","POP_025","SITE_0008",2023,94,278,184,0.844306039939722,368.8479958594,9.31116415391019,674.304891977272,"PAR_0000690",7.02470356365666,54.420483969152,1684
"Quercus_petraea","POP_026","SITE_0009",2018,98,300,202,0.812230579764332,451.186633755502,8.04826188624227,721.889191299732,"PAR_0000691",-5.04667415749282,35.8862510323524,58
"Quercus_petraea","POP_026","SITE_0011",2019,100,285,185,0.828320838976613,442.45216968089,14.2330012574662,794.867630983773,"PAR_0000692",12.7533370652236,51.4175584865734,1378
"Quercus_petraea","POP_026","SITE_0001",2020,96,282,186,0.722213396823119,440.125706752978,8.69931137312191,897.352264765518,"PAR_0000693",1.57621953636408,42.9749651951715,1005
"Quercus_petraea","POP_026","SITE_0006",2021,102,287,185,0.924271694107842,493.272908936518,6.18853183415588,582.443287199632,"PAR_0000694",3.9489506999962,51.8066376447678,2297
"Quercus_petraea","POP_026","SITE_0004",2022,99,281,182,0.886504321124038,482.624595879707,9.88906638817934,752.275910632372,"PAR_0000695",7.24014141364023,48.9729696046561,1102
"Quercus_petraea","POP_026","SITE_0002",2023,101,301,200,0.796891702197938,334.388010103527,9.72471230952123,582.380405007397,"PAR_0000696",0.613448251970112,47.8680742997676,930
"Quercus_petraea","POP_027","SITE_0011",2018,87,283,196,0.823205794857613,455.75411571544,10.9288504964206,696.391520055403,"PAR_0000697",13.4137460426427,41.5062248334289,1553
"Quercus_petraea","POP_027","SITE_0015",2019,81,283,202,0.810285102742309,443.197722235618,10.0220419556052,723.206367332201,"PAR_0000698",5.25268653873354,49.2665627598763,2352
"Quercus_petraea","POP_027","SITE_0002",2020,94,273,179,0.88510110138383,509.228608784683,12.5257369704215,675.676562464391,"PAR_0000699",-6.88837182242423,44.8834402300417,2014
"Quercus_petraea","POP_027","SITE_0008",2021,97,287,190,0.794382997203226,451.442454530934,9.96367284340399,940.124479513426,"PAR_0000700",-9.00306002702564,47.9018128244206,1873
"Quercus_petraea","POP_027","SITE_0007",2022,103,273,170,0.862102682174002,475.241797667727,10.2389443497427,897.408709405429,"PAR_0000701",17.0963953342289,42.7103428263217,2256
"Quercus_petraea","POP_027","SITE_0002",2023,107,290,183,0.769121829429763,589.540806624705,12.3275327347277,932.521037973668,"PAR_0000702",18.6883855354972,38.6083931662142,1133
"Quercus_petraea","POP_028","SITE_0012",2018,104,281,177,0.859283793338081,552.34919265117,10.0618609950989,685.034542805495,"PAR_0000703",18.3042754349299,42.6032941788435,183
"Quercus_petraea","POP_028","SITE_0008",2019,94,279,185,0.842799176875826,407.92774508875,8.9272695503305,792.325985462272,"PAR_0000704",-9.77320517413318,42.53599234391,1514
"Quercus_petraea","POP_028","SITE_0005",2020,99,283,184,0.833958231945281,546.083838598172,11.4556073399286,556.76775370386,"PAR_0000705",-5.80692210700363,44.2071774229407,1380
"Quercus_petraea","POP_028","SITE_0010",2021,101,273,172,0.909472447395038,314.671457470404,9.34207005230792,559.327488143463,"PAR_0000706",2.45913237798959,45.1063167536631,363
"Quercus_petraea","POP_028","SITE_0003",2022,100,289,189,0.834069162802324,447.956682560956,8.20291812844467,682.539355179352,"PAR_0000707",-5.15131740598008,41.7414253670722,1094
"Quercus_petraea","POP_028","SITE_0015",2023,116,285,169,0.741986455843995,314.858440202046,6.36725751728631,793.795341097148,"PAR_0000708",-2.45500274468213,43.8700342876837,6
"Quercus_petraea","POP_029","SITE_0010",2018,89,281,192,0.777290039878487,526.981276402468,8.36116526713215,785.662678678617,"PAR_0000709",12.2054794873111,53.4616031358019,2212
"Quercus_petraea","POP_029","SITE_0006",2019,94,278,184,0.869076924492383,431.029056290493,10.5696422338926,732.136103310297,"PAR_0000710",19.9682709411718,54.5888065127656,1429
"Quercus_petraea","POP_029","SITE_0007",2020,92,292,200,0.874394795524003,482.491932630876,13.7912681377266,553.097562585702,"PAR_0000711",17.2002998087555,36.4802896883339,238
"Quercus_petraea","POP_029","SITE_0003",2021,94,286,192,0.828563918208844,475.868100874662,10.9623136079169,638.863092304437,"PAR_0000712",-8.097470079083,39.8411003639922,460
"Quercus_petraea","POP_029","SITE_0001",2022,103,282,179,0.828948839287011,421.565249441129,10.8927767204175,618.169862322724,"PAR_0000713",-2.96248118858784,49.9633150175214,1560
"Quercus_petraea","POP_029","SITE_0009",2023,101,292,191,0.875062776749446,504.847324116601,8.6821544970594,557.945863323349,"PAR_0000714",-4.26678422372788,46.2998650176451,2311
"Quercus_petraea","POP_030","SITE_0002",2018,106,289,183,0.70532810845062,510.153108166248,12.1644810982134,734.892040694021,"PAR_0000715",12.1530742081814,50.8011415367946,1873
"Quercus_petraea","POP_030","SITE_0009",2019,99,285,186,0.823492782965205,426.54183186929,14.628191280874,514.362243844114,"PAR_0000716",5.84487348096445,35.8360539656132,524
"Quercus_petraea","POP_030","SITE_0015",2020,98,277,179,0.865650388301103,450.507152990841,8.07078400311924,647.112654230395,"PAR_0000717",12.5929375854321,47.7693642443046,368
"Quercus_petraea","POP_030","SITE_0009",2021,103,297,194,0.783499312700875,513.951577321322,8.61226385279872,799.904860528007,"PAR_0000718",18.3764540427364,46.4427502732724,752
"Quercus_petraea","POP_030","SITE_0003",2022,111,267,156,0.727926142571063,473.946439587317,5.89748836857051,508.828235086085,"PAR_0000719",1.20442082406953,36.4643502607942,238
"Quercus_petraea","POP_030","SITE_0005",2023,94,293,199,0.804131404577852,464.319630507533,10.8280494967966,457.170619409554,"PAR_0000720",-3.33452682476491,35.9491953393444,514
"Pinus_pinaster","POP_001","SITE_0010",2018,103,301,198,0.819828486406029,426.10040821074,10.2566578135969,610.376682248057,"PAR_0000721",-4.20449923723936,42.7015286544338,732
"Pinus_pinaster","POP_001","SITE_0008",2019,109,301,192,0.795762244164108,384.53439530626,9.72339808887623,716.380383690288,"PAR_0000722",-6.62633782718331,50.7325526466593,1076
"Pinus_pinaster","POP_001","SITE_0013",2020,101,300,199,0.806256520233479,511.966445246216,11.8112438154869,623.021851716796,"PAR_0000723",17.6913905632682,36.5708219911903,1767
"Pinus_pinaster","POP_001","SITE_0003",2021,108,309,201,0.814797067180356,423.493199306707,8.77179662933548,623.232045053949,"PAR_0000724",8.82300333818421,42.7908089896664,2082
"Pinus_pinaster","POP_001","SITE_0002",2022,109,307,198,0.779052074298664,416.957710941318,9.23669484082058,577.701550678058,"PAR_0000725",-4.28399247350171,41.5759239858016,706
"Pinus_pinaster","POP_001","SITE_0009",2023,114,308,194,0.788703596260402,482.955707727717,7.20053785372786,422.192083578911,"PAR_0000726",2.74026675382629,42.7274300763384,776
"Pinus_pinaster","POP_002","SITE_0003",2018,114,286,172,0.811711454490025,447.304629782934,10.9415856186659,783.009188706975,"PAR_0000727",13.4748497535475,46.1289068078622,1385
"Pinus_pinaster","POP_002","SITE_0010",2019,109,303,194,0.755122304059526,513.995992830691,9.04688086184188,902.316627277456,"PAR_0000728",19.5658071897924,44.1544411564246,247
"Pinus_pinaster","POP_002","SITE_0001",2020,106,297,191,0.790504957038157,412.362716839552,7.60078897476052,729.170558978143,"PAR_0000729",15.7503064512275,48.8550516683608,923
"Pinus_pinaster","POP_002","SITE_0008",2021,112,308,196,0.806108839641286,512.991819901087,9.05134991779577,946.852026206993,"PAR_0000730",-6.80363768944517,43.2709038630128,1613
"Pinus_pinaster","POP_002","SITE_0007",2022,107,306,199,0.768404174912442,428.484689943913,7.53491029791567,718.372559258827,"PAR_0000731",18.5951876291074,39.2029759706929,2141
"Pinus_pinaster","POP_002","SITE_0004",2023,113,311,198,0.823751240234508,519.84974571163,8.68353360020308,725.908690871313,"PAR_0000732",-7.35985508421436,38.6712907673791,2341
"Pinus_pinaster","POP_003","SITE_0012",2018,102,305,203,0.788008835121864,439.848447289437,9.2131542083195,909.626152087017,"PAR_0000733",-5.50963406451046,37.4208819679916,129
"Pinus_pinaster","POP_003","SITE_0011",2019,109,308,199,0.801235283501015,464.092109807294,12.4402084543618,577.647953987814,"PAR_0000734",11.3881281320937,39.2685284931213,2140
"Pinus_pinaster","POP_003","SITE_0013",2020,110,308,198,0.792886953248407,368.355351906105,12.4256546521663,815.70235017993,"PAR_0000735",18.6389946402051,42.3830928746611,939
"Pinus_pinaster","POP_003","SITE_0004",2021,106,311,205,0.792827363422364,440.341854811815,9.680375567417,669.351283854919,"PAR_0000736",17.3058461514302,51.2172358948737,99
"Pinus_pinaster","POP_003","SITE_0008",2022,108,315,207,0.772745659678324,339.516429906228,9.03897589470141,602.173725153384,"PAR_0000737",-8.10197343118489,47.9343165876344,687
"Pinus_pinaster","POP_003","SITE_0011",2023,111,311,200,0.754681055334967,425.165413735893,11.8116160197712,516.363529526701,"PAR_0000738",2.31670980341733,50.264081438072,1725
"Pinus_pinaster","POP_004","SITE_0005",2018,107,292,185,0.783195616765726,555.073772829111,9.69054733325647,756.152277120546,"PAR_0000739",5.80757129471749,35.4226976167411,746
"Pinus_pinaster","POP_004","SITE_0001",2019,109,308,199,0.817792217031336,421.732269890265,10.6151807015226,838.033233257231,"PAR_0000740",13.612063373439,40.6472979765385,1806
"Pinus_pinaster","POP_004","SITE_0002",2020,106,312,206,0.844224125780748,411.99314408533,9.90428357744051,695.024110524745,"PAR_0000741",-6.56205854844302,38.0991060566157,748
"Pinus_pinaster","POP_004","SITE_0003",2021,108,297,189,0.758383294764594,436.422334233059,12.3959006907757,594.287503351769,"PAR_0000742",14.9292906257324,48.7171662133187,1660
"Pinus_pinaster","POP_004","SITE_0003",2022,118,307,189,0.799614961997606,509.743438452546,7.9274112804976,648.78588314211,"PAR_0000743",-8.24052427196875,46.4653325360268,979
"Pinus_pinaster","POP_004","SITE_0010",2023,107,310,203,0.788358271268483,437.654724708984,10.172038848788,553.921136664314,"PAR_0000744",11.8987756059505,54.2188984062523,1584
"Pinus_pinaster","POP_005","SITE_0004",2018,105,310,205,0.775428009773954,510.840120774104,11.6574650793088,524.834006250498,"PAR_0000745",9.86891934415326,38.2975168293342,1950
"Pinus_pinaster","POP_005","SITE_0010",2019,106,312,206,0.759588315262507,498.754226883617,9.70894230799593,639.226096014914,"PAR_0000746",15.7964163483121,40.8516278443858,1679
"Pinus_pinaster","POP_005","SITE_0004",2020,107,328,221,0.750231413285137,456.135956723197,14.1046970622234,728.8521370457,"PAR_0000747",-5.87147272191942,51.4130570879206,2275
"Pinus_pinaster","POP_005","SITE_0013",2021,107,307,200,0.78731259082074,380.635246354024,8.20369259574347,732.746459911511,"PAR_0000748",0.0483525078743696,37.4914873205125,1331
"Pinus_pinaster","POP_005","SITE_0010",2022,101,307,206,0.760736522896931,417.974244727387,9.79779710008505,782.045529672755,"PAR_0000749",10.6911833398044,43.6989465216175,2089
"Pinus_pinaster","POP_005","SITE_0013",2023,108,305,197,0.808307739340709,393.68779514871,9.74356223075523,718.325872996488,"PAR_0000750",-3.99135771440342,50.3942877333611,126
"Pinus_pinaster","POP_006","SITE_0011",2018,103,305,202,0.756392470617994,375.754702089986,14.0383707102308,688.641866741035,"PAR_0000751",-1.00718504982069,50.8532952517271,1301
"Pinus_pinaster","POP_006","SITE_0009",2019,109,304,195,0.787126147166928,459.964692857017,15.5233255382866,794.482954785906,"PAR_0000752",9.56497869687155,46.4472209941596,691
"Pinus_pinaster","POP_006","SITE_0005",2020,113,308,195,0.73807259456545,401.586780699048,12.1811434346558,639.895587337007,"PAR_0000753",6.62671370897442,52.4263688689098,2198
"Pinus_pinaster","POP_006","SITE_0006",2021,106,300,194,0.826342521074558,440.978457888154,11.0881018137963,703.056825699332,"PAR_0000754",7.22300148336217,50.5074041290209,2403
"Pinus_pinaster","POP_006","SITE_0004",2022,114,318,204,0.778746513685562,494.504245096917,7.92417330796939,592.09324989792,"PAR_0000755",6.86798714799806,35.4540380835533,1884
"Pinus_pinaster","POP_006","SITE_0009",2023,107,296,189,0.767919201612214,530.895061094662,8.11688732163966,549.078733388305,"PAR_0000756",18.230613656342,38.6191457416862,949
"Pinus_pinaster","POP_007","SITE_0004",2018,105,295,190,0.794982442986539,541.949644729322,10.5926351908109,605.360336564962,"PAR_0000757",-0.915222866460681,53.1786762364209,864
"Pinus_pinaster","POP_007","SITE_0004",2019,105,309,204,0.768288145638298,390.14751762285,9.55186089868203,617.944499611261,"PAR_0000758",-1.38784714974463,51.2004868965596,321
"Pinus_pinaster","POP_007","SITE_0007",2020,110,314,204,0.752375768342561,470.179384306677,7.95504575268804,574.121526643168,"PAR_0000759",15.2147983992472,39.3411869509146,1516
"Pinus_pinaster","POP_007","SITE_0002",2021,111,292,181,0.774022280207626,466.211578770141,13.0780962168745,650.591019269604,"PAR_0000760",-1.50624642847106,45.4211274953559,1504
"Pinus_pinaster","POP_007","SITE_0003",2022,108,291,183,0.83174039165903,553.034964032535,8.42894244362173,508.777967293632,"PAR_0000761",19.0490475553088,35.1234512683004,2373
"Pinus_pinaster","POP_007","SITE_0003",2023,113,305,192,0.820869264046845,480.382280598869,11.2584187111395,737.706760857131,"PAR_0000762",8.88410282321274,40.2929740492254,1805
"Pinus_pinaster","POP_008","SITE_0011",2018,105,306,201,0.775495452846271,429.792823155027,8.52039566614035,483.940589527022,"PAR_0000763",18.2664407673292,43.8176141958684,1297
"Pinus_pinaster","POP_008","SITE_0012",2019,112,321,209,0.813848926049745,458.429268632479,14.4905240760611,742.831169836355,"PAR_0000764",6.52517409063876,50.3961230395362,1752
"Pinus_pinaster","POP_008","SITE_0005",2020,116,303,187,0.80569257440771,453.126458070349,12.4645185183606,348.158843227582,"PAR_0000765",0.367517024278641,36.4502392476425,1786
"Pinus_pinaster","POP_008","SITE_0009",2021,113,285,172,0.77858946458628,386.498293174302,7.19038887068905,693.868794206044,"PAR_0000766",18.7760008638725,50.7430669572204,837
"Pinus_pinaster","POP_008","SITE_0003",2022,109,303,194,0.812445965420493,476.410069360548,5.89406171464373,765.263161348985,"PAR_0000767",19.7126932186075,44.8360761627555,1985
"Pinus_pinaster","POP_008","SITE_0006",2023,109,306,197,0.738314614439205,444.691456529001,12.0434369433467,844.767642607283,"PAR_0000768",-8.89773982809857,52.6859881682321,568
"Pinus_pinaster","POP_009","SITE_0006",2018,109,297,188,0.756447802648163,397.849436559436,10.5614813434355,544.77449954473,"PAR_0000769",-3.4098360594362,35.648217946291,1251
"Pinus_pinaster","POP_009","SITE_0005",2019,110,307,197,0.757129452026587,467.554980598043,11.0999302663222,761.316742394644,"PAR_0000770",10.3039640840143,49.9975083488971,1289
"Pinus_pinaster","POP_009","SITE_0009",2020,106,304,198,0.725857391260012,497.13509633254,8.65004082804975,701.079926195032,"PAR_0000771",15.6881725625135,41.2816428020597,574
"Pinus_pinaster","POP_009","SITE_0010",2021,120,301,181,0.737216380511588,417.209048761438,8.81102546669323,515.810872876985,"PAR_0000772",-1.12182702869177,37.9204593086615,1895
"Pinus_pinaster","POP_009","SITE_0013",2022,109,311,202,0.770394678242316,451.189897429411,13.5096296191684,659.601262050979,"PAR_0000773",0.0340735237114131,41.005008709617,1413
"Pinus_pinaster","POP_009","SITE_0003",2023,106,294,188,0.784348047646636,397.790440491327,10.8504654876031,643.153188848091,"PAR_0000774",4.03338066767901,37.6448412518948,1136
"Pinus_pinaster","POP_010","SITE_0002",2018,109,294,185,0.794829813484448,398.302402938641,10.1456896297717,840.949229327248,"PAR_0000775",18.5719094285741,36.6847911803052,2043
"Pinus_pinaster","POP_010","SITE_0010",2019,109,296,187,0.768668766409151,496.729641035208,10.6905236601974,795.890866098112,"PAR_0000776",10.3248713654466,42.1944047790021,1731
"Pinus_pinaster","POP_010","SITE_0001",2020,111,316,205,0.750804988976117,408.562740456333,11.1159826701265,641.960510431869,"PAR_0000777",-0.947986887767911,53.7077481346205,959
"Pinus_pinaster","POP_010","SITE_0004",2021,114,307,193,0.7946552765654,401.96996686835,10.4118032807747,748.745871024006,"PAR_0000778",14.0962295653298,54.6165782958269,192
"Pinus_pinaster","POP_010","SITE_0001",2022,112,316,204,0.829921201827916,441.018823567917,7.33615869735717,765.051632707139,"PAR_0000779",-4.90740674780682,47.1545878751203,1456
"Pinus_pinaster","POP_010","SITE_0001",2023,108,299,191,0.802275135112966,441.700074523649,12.3030473924417,1071.17654798454,"PAR_0000780",2.9126185271889,44.0313031151891,1730
"Pinus_pinaster","POP_011","SITE_0001",2018,107,323,216,0.77360280468821,399.898037925586,13.2753134916407,936.076888981535,"PAR_0000781",0.885977535508573,41.0539019061252,2134
"Pinus_pinaster","POP_011","SITE_0014",2019,105,299,194,0.809471609104341,380.18304337218,10.2387208672065,530.016908327271,"PAR_0000782",3.65697654662654,42.2712361672893,1161
"Pinus_pinaster","POP_011","SITE_0009",2020,109,311,202,0.802026327067239,470.158259055075,10.4178031597548,945.059830916963,"PAR_0000783",-8.86569069931284,43.1081348378211,1391
"Pinus_pinaster","POP_011","SITE_0004",2021,104,294,190,0.776056613922665,533.469267685429,10.7125953027428,818.193936846906,"PAR_0000784",17.6277843234129,35.130306170322,857
"Pinus_pinaster","POP_011","SITE_0004",2022,113,316,203,0.805724523181154,479.626601249989,10.8825146450882,532.737631322262,"PAR_0000785",-3.4249663585797,41.6521124076098,2302
"Pinus_pinaster","POP_011","SITE_0009",2023,112,295,183,0.802598649940983,550.92622567156,11.7226046001107,483.574994935512,"PAR_0000786",16.4315863745287,48.0454666214064,2005
"Pinus_pinaster","POP_012","SITE_0012",2018,107,312,205,0.783253465867905,477.972105226137,9.96041014477013,760.464816757937,"PAR_0000787",17.4478323361836,50.907521545887,1256
"Pinus_pinaster","POP_012","SITE_0015",2019,106,311,205,0.817764413338715,472.494630082829,9.6574133440648,859.693235343046,"PAR_0000788",18.750970615074,54.2665103636682,19
"Pinus_pinaster","POP_012","SITE_0008",2020,110,311,201,0.759493934918176,445.78541416323,8.8738608656328,836.005796924188,"PAR_0000789",7.49714042060077,49.2354351701215,2383
"Pinus_pinaster","POP_012","SITE_0006",2021,108,311,203,0.800899030053719,423.695309090609,11.2504481413605,569.835244855717,"PAR_0000790",1.21275344165042,49.7259192634374,2135
"Pinus_pinaster","POP_012","SITE_0006",2022,113,312,199,0.739341343079618,419.513406008127,13.3749656737789,707.343496172421,"PAR_0000791",1.31849798839539,37.0486636692658,1096
"Pinus_pinaster","POP_012","SITE_0013",2023,106,299,193,0.742701929788816,412.220990174241,9.73249599626701,777.754627326078,"PAR_0000792",16.5055347373709,44.2163316113874,1826
"Pinus_pinaster","POP_013","SITE_0005",2018,112,300,188,0.767047581142991,440.576836396283,14.2965170262094,855.856578821062,"PAR_0000793",-3.82433055900037,51.742917811498,1804
"Pinus_pinaster","POP_013","SITE_0001",2019,105,303,198,0.773259371285006,415.063345079008,7.44870262085893,736.282288975698,"PAR_0000794",17.3462073202245,49.3085558060557,22
"Pinus_pinaster","POP_013","SITE_0008",2020,108,316,208,0.774999741910021,444.763631022961,5.95463986389795,685.89177160998,"PAR_0000795",-8.25447722105309,47.3516272567213,1481
"Pinus_pinaster","POP_013","SITE_0014",2021,106,311,205,0.780655549617403,464.522143194908,10.1325074350268,680.042821793225,"PAR_0000796",2.35520778689533,49.7337809065357,1734
"Pinus_pinaster","POP_013","SITE_0012",2022,108,316,208,0.766151372958645,347.055187251,10.0096483847641,702.722710097909,"PAR_0000797",9.78378274710849,54.7355677234009,1097
"Pinus_pinaster","POP_013","SITE_0004",2023,115,298,183,0.777534706405858,370.4527963095,8.06283936385805,559.575454451947,"PAR_0000798",3.65953364875168,35.4237927217036,1253
"Pinus_pinaster","POP_014","SITE_0003",2018,110,307,197,0.79758765519503,405.403624138877,10.8526852570932,472.341469471988,"PAR_0000799",13.6239240737632,52.5197986932471,551
"Pinus_pinaster","POP_014","SITE_0004",2019,105,306,201,0.753547467571714,471.691420367934,10.979223552825,860.624322833143,"PAR_0000800",-6.22959510190412,45.1053147064522,1957
"Pinus_pinaster","POP_014","SITE_0002",2020,114,302,188,0.78875286872704,415.542845345945,4.8832623703703,444.568326382448,"PAR_0000801",-1.48405033163726,46.8250439083204,148
"Pinus_pinaster","POP_014","SITE_0011",2021,107,295,188,0.785680600370954,412.307573268484,10.7923619321026,667.753177931438,"PAR_0000802",9.07481704140082,41.2408341793343,461
"Pinus_pinaster","POP_014","SITE_0004",2022,110,307,197,0.804251608356038,369.344569847532,11.7165549101327,830.912881828552,"PAR_0000803",6.35207560844719,38.7713819043711,1904
"Pinus_pinaster","POP_014","SITE_0007",2023,103,303,200,0.743869790974142,493.018228165067,6.37294732083846,878.839401236645,"PAR_0000804",-6.33187869796529,48.5002062655985,1529
"Pinus_pinaster","POP_015","SITE_0008",2018,112,300,188,0.766939856029095,427.770943759191,9.1533597977212,900.341050373303,"PAR_0000805",-1.71472321962938,46.5553369186819,1830
"Pinus_pinaster","POP_015","SITE_0006",2019,102,306,204,0.771286798761612,460.710938719367,7.06211763298613,992.051435815088,"PAR_0000806",13.1769248400815,36.9963232288137,1203
"Pinus_pinaster","POP_015","SITE_0005",2020,106,307,201,0.802999318338284,393.519560032066,8.88822235318198,773.417951838208,"PAR_0000807",3.67452332051471,35.2570630889386,949
"Pinus_pinaster","POP_015","SITE_0004",2021,112,313,201,0.788173657996848,439.669967227338,13.6249370820538,630.555985452573,"PAR_0000808",-0.0256058224476874,46.1710352869704,2058
"Pinus_pinaster","POP_015","SITE_0010",2022,109,302,193,0.793023889313552,428.835119499169,11.4914830187111,621.04352820895,"PAR_0000809",-2.6868163049221,47.876329482533,1065
"Pinus_pinaster","POP_015","SITE_0002",2023,111,305,194,0.748583337820787,489.284720206423,9.84370819228082,860.265335935896,"PAR_0000810",-3.70941225672141,51.5298384800553,717
"Pinus_pinaster","POP_016","SITE_0013",2018,108,323,215,0.764524675396049,509.141519445167,7.06475313105964,859.365189784334,"PAR_0000811",3.42423435533419,48.1776093551889,189
"Pinus_pinaster","POP_016","SITE_0010",2019,106,304,198,0.759498474025023,478.70570469975,6.25369057946679,745.65052549713,"PAR_0000812",18.9669783646241,41.4907108992338,182
"Pinus_pinaster","POP_016","SITE_0013",2020,108,313,205,0.819888739577806,490.664344961027,9.73067166430005,724.009522782636,"PAR_0000813",18.6173124168999,43.3946856018156,1730
"Pinus_pinaster","POP_016","SITE_0011",2021,107,306,199,0.738341501217901,395.691188357944,5.30044052382628,886.418835359206,"PAR_0000814",3.8351981388405,48.9278353797272,407
"Pinus_pinaster","POP_016","SITE_0002",2022,107,315,208,0.719103302967569,432.256307693454,10.3061046703459,666.475126459422,"PAR_0000815",-9.72750067478046,42.7991059003398,251
"Pinus_pinaster","POP_016","SITE_0001",2023,112,306,194,0.798167104999496,453.781223583817,6.59262411685334,488.401278857047,"PAR_0000816",-8.51662022992969,40.3855772130191,157
"Pinus_pinaster","POP_017","SITE_0013",2018,106,284,178,0.773653912743487,404.87640979474,11.5190578729611,737.795913496983,"PAR_0000817",10.2794822701253,43.7539816834033,1867
"Pinus_pinaster","POP_017","SITE_0006",2019,106,283,177,0.743509508555019,405.209840349344,10.2465146320389,957.84431316262,"PAR_0000818",-6.69763577636331,49.0630641952157,1755
"Pinus_pinaster","POP_017","SITE_0013",2020,111,298,187,0.764137070636115,493.342833087079,12.5335135883184,628.882372930491,"PAR_0000819",3.86537009850144,50.2427683817223,932
"Pinus_pinaster","POP_017","SITE_0015",2021,110,302,192,0.747967754239271,495.169420005661,10.7001764976169,518.085004752016,"PAR_0000820",-5.23539532674477,36.9347063126042,2163
"Pinus_pinaster","POP_017","SITE_0005",2022,105,301,196,0.770911297349406,441.487872945622,11.44239249298,933.561012663459,"PAR_0000821",12.0254573714919,44.6711821714416,2142
"Pinus_pinaster","POP_017","SITE_0003",2023,107,302,195,0.761713893369101,424.70540747359,12.3266676180567,781.599727183941,"PAR_0000822",-9.80039627058432,52.0265376148745,670
"Pinus_pinaster","POP_018","SITE_0007",2018,109,310,201,0.828863922075127,402.454790638261,8.0279833019902,750.492842619505,"PAR_0000823",2.31724072713405,52.196690319106,765
"Pinus_pinaster","POP_018","SITE_0015",2019,106,315,209,0.781959853495744,483.570419278522,12.3317377228667,674.048404971376,"PAR_0000824",13.0951317911968,38.5044901352376,2472
"Pinus_pinaster","POP_018","SITE_0009",2020,112,308,196,0.796817043914676,436.056241430592,5.64403332173573,675.912130630236,"PAR_0000825",5.13096149545163,44.4391687447205,1728
"Pinus_pinaster","POP_018","SITE_0006",2021,116,295,179,0.832714792266203,420.998801858782,9.36346462642331,634.089304515599,"PAR_0000826",18.818276990205,46.8014569906518,347
"Pinus_pinaster","POP_018","SITE_0012",2022,111,306,195,0.69848569576566,529.269816290171,10.4980205173716,947.561210299734,"PAR_0000827",-5.19295556470752,41.2163093499839,2394
"Pinus_pinaster","POP_018","SITE_0008",2023,113,304,191,0.777244391950687,462.004381285528,9.85117953872302,812.001072271664,"PAR_0000828",17.138845755253,50.690022520721,708
"Pinus_pinaster","POP_019","SITE_0011",2018,109,324,215,0.746833862228592,447.374103877426,9.26901761724355,420.098050555146,"PAR_0000829",13.3380427747034,52.2646224731579,319
"Pinus_pinaster","POP_019","SITE_0002",2019,113,317,204,0.82885773993471,363.178227304931,12.6291367925823,1055.31810153899,"PAR_0000830",9.41313325660303,50.5262036900967,1625
"Pinus_pinaster","POP_019","SITE_0011",2020,107,296,189,0.752404774077451,400.765967993885,9.23564172300583,624.905743716511,"PAR_0000831",-1.31125850137323,52.2736367769539,326
"Pinus_pinaster","POP_019","SITE_0001",2021,110,305,195,0.772182024600333,445.972158424294,10.3366835325405,640.766328729717,"PAR_0000832",-9.80213222559541,40.1722394442186,976
"Pinus_pinaster","POP_019","SITE_0007",2022,113,309,196,0.775454464808384,514.183356909546,9.58192053121503,569.775295312554,"PAR_0000833",3.32781506003812,47.5184643967077,1333
"Pinus_pinaster","POP_019","SITE_0009",2023,107,306,199,0.859637057577622,412.995939923941,11.9305720523711,620.588659470608,"PAR_0000834",18.3530251425691,39.1371172713116,1120
"Pinus_pinaster","POP_020","SITE_0010",2018,109,304,195,0.800863528650166,512.245688986122,10.9493855651169,429.57244874998,"PAR_0000835",19.2002772190608,53.0042087705806,1780
"Pinus_pinaster","POP_020","SITE_0008",2019,110,299,189,0.806915073772591,459.372857239311,11.2778381592637,645.078158250052,"PAR_0000836",-1.11089033540338,36.3698399532586,659
"Pinus_pinaster","POP_020","SITE_0009",2020,109,320,211,0.794869857382911,460.031963944358,7.52319039069103,793.223668925493,"PAR_0000837",6.15806329995394,54.4679026026279,157
"Pinus_pinaster","POP_020","SITE_0006",2021,106,316,210,0.751436467957152,455.412975455738,9.64973984730373,712.967452177264,"PAR_0000838",11.6101637063548,42.7927783271298,289
"Pinus_pinaster","POP_020","SITE_0009",2022,107,313,206,0.759181944925556,454.344107186649,10.1974749284273,1037.32500199757,"PAR_0000839",0.803926603402942,48.5756834596395,108
"Pinus_pinaster","POP_020","SITE_0011",2023,107,311,204,0.755306077476428,433.716703532675,7.34975474445946,665.053805935293,"PAR_0000840",18.3724427153356,35.9411760373041,981
"Pinus_pinaster","POP_021","SITE_0009",2018,105,312,207,0.734549111941817,381.767281212032,9.11719301331308,742.730270670782,"PAR_0000841",11.3256806135178,45.112921227701,2241
"Pinus_pinaster","POP_021","SITE_0003",2019,104,302,198,0.780527230994196,395.951221066436,8.45780422736508,732.683048131868,"PAR_0000842",10.4639480728656,36.7761366814375,1385
"Pinus_pinaster","POP_021","SITE_0005",2020,116,310,194,0.769838920316239,432.576110542415,9.49328625129091,544.034673990743,"PAR_0000843",4.19303561095148,47.3676807573065,1354
"Pinus_pinaster","POP_021","SITE_0009",2021,102,307,205,0.766264060391706,449.669858640292,11.2074093145086,530.205197774847,"PAR_0000844",15.7704725279473,43.9929690491408,1796
"Pinus_pinaster","POP_021","SITE_0013",2022,117,301,184,0.73876136571614,426.981686312304,9.10680691404385,566.313498946873,"PAR_0000845",13.0149584822357,50.0017480785027,1245
"Pinus_pinaster","POP_021","SITE_0008",2023,116,300,184,0.747319481062285,463.969531703111,10.1776699366765,692.847498040127,"PAR_0000846",15.8856685226783,52.6834035338834,835
"Pinus_pinaster","POP_022","SITE_0005",2018,112,315,203,0.790899841313086,482.949980783443,11.9299214884667,908.313933492983,"PAR_0000847",-5.33535852562636,51.2392050726339,399
"Pinus_pinaster","POP_022","SITE_0014",2019,105,310,205,0.776979263165438,395.607637319498,9.32276246573706,421.150673701165,"PAR_0000848",3.83490482112393,37.3519671801478,2005
"Pinus_pinaster","POP_022","SITE_0012",2020,115,309,194,0.776450443833866,519.078382898096,10.5709927302402,641.026082902204,"PAR_0000849",0.32240538392216,48.0959489475936,2050
"Pinus_pinaster","POP_022","SITE_0005",2021,113,314,201,0.77387757966407,483.074349520866,6.9058421439871,544.915542017556,"PAR_0000850",-4.3873163475655,47.3313785763457,1958
"Pinus_pinaster","POP_022","SITE_0005",2022,111,299,188,0.77671127822138,450.685117351561,9.78277167341091,1097.2267384507,"PAR_0000851",19.5599048770964,41.7725770035759,1673
"Pinus_pinaster","POP_022","SITE_0004",2023,111,302,191,0.753290515297474,443.382644090295,6.06927175750118,857.65925467244,"PAR_0000852",5.52792903035879,35.0166043825448,483
"Pinus_pinaster","POP_023","SITE_0001",2018,108,298,190,0.775149541073167,397.709172604494,13.9941728449264,450.831791367308,"PAR_0000853",6.0487503465265,38.3937201602384,495
"Pinus_pinaster","POP_023","SITE_0009",2019,106,298,192,0.742850792782242,450.693651513226,7.79453017390831,684.810905640468,"PAR_0000854",0.496048606000841,51.412951326929,1341
"Pinus_pinaster","POP_023","SITE_0015",2020,106,306,200,0.746032415749531,417.137471534689,11.5607511552218,849.937484281526,"PAR_0000855",-1.21537239989266,43.9217900531366,259
"Pinus_pinaster","POP_023","SITE_0011",2021,111,313,202,0.759645526162278,479.335751113035,11.1680707487706,590.251565942942,"PAR_0000856",6.42673085909337,39.8217168916017,515
"Pinus_pinaster","POP_023","SITE_0001",2022,113,311,198,0.815875481840371,509.0791200273,12.1352415182922,645.312739098035,"PAR_0000857",6.31148746469989,36.8789578787982,991
"Pinus_pinaster","POP_023","SITE_0014",2023,118,294,176,0.784734673606377,574.56684422865,10.3198500288386,971.806384934657,"PAR_0000858",-1.10486860154197,45.8012120891362,1808
"Pinus_pinaster","POP_024","SITE_0002",2018,110,307,197,0.79001583708625,441.206609984735,9.59188415227337,980.97883309253,"PAR_0000859",3.23723223060369,39.0391934895888,275
"Pinus_pinaster","POP_024","SITE_0014",2019,103,301,198,0.756981358579103,436.53289861648,8.7397653749448,657.687775145561,"PAR_0000860",-6.44903966225684,54.0564511111006,1210
"Pinus_pinaster","POP_024","SITE_0002",2020,109,309,200,0.781097717754187,480.2835625598,8.26158310155136,970.700158585563,"PAR_0000861",18.140939460136,44.0915979677811,1633
"Pinus_pinaster","POP_024","SITE_0009",2021,117,292,175,0.754692219009536,482.917181609631,9.91391891417212,818.195383146657,"PAR_0000862",-5.43932351050898,42.2849080432206,1390
"Pinus_pinaster","POP_024","SITE_0001",2022,115,306,191,0.760622097685425,377.149558963965,10.4912405139894,1115.36340678326,"PAR_0000863",4.56974929664284,49.6607943903655,481
"Pinus_pinaster","POP_024","SITE_0009",2023,106,321,215,0.774171326448803,393.954074533801,10.9064297954548,596.638473680645,"PAR_0000864",-4.36615339713171,47.2499599121511,1438
"Pinus_pinaster","POP_025","SITE_0015",2018,110,296,186,0.765365734735569,406.775222358783,8.71727153147934,668.219898415134,"PAR_0000865",-2.32730391900986,51.5538317384198,2238
"Pinus_pinaster","POP_025","SITE_0001",2019,112,301,189,0.767540874795589,425.283379915995,8.99170379938467,821.043748996126,"PAR_0000866",2.92031787103042,46.7020719125867,384
"Pinus_pinaster","POP_025","SITE_0008",2020,113,305,192,0.800847411109573,522.481899753185,11.7478811443581,488.504974178554,"PAR_0000867",10.8153898245655,38.7069631833583,1812
"Pinus_pinaster","POP_025","SITE_0015",2021,108,301,193,0.813515065161632,505.339321113865,5.47246047860951,642.126020853446,"PAR_0000868",-0.600263774394989,41.0542336385697,2451
"Pinus_pinaster","POP_025","SITE_0002",2022,113,300,187,0.784039190662973,351.317172580177,9.36696377581846,854.438350090704,"PAR_0000869",-9.4227341725491,52.6281393691897,2218
"Pinus_pinaster","POP_025","SITE_0009",2023,112,301,189,0.79575709252871,499.763410666234,9.70523717539671,533.958260643033,"PAR_0000870",10.6046097562648,46.2662936933339,1181
"Pinus_pinaster","POP_026","SITE_0004",2018,111,303,192,0.776978144847957,413.903871322251,8.37638402883147,711.59008387673,"PAR_0000871",0.0861403555609286,51.9458298943937,832
"Pinus_pinaster","POP_026","SITE_0007",2019,104,299,195,0.836064505130929,445.804653599145,10.0120229102772,621.807367123694,"PAR_0000872",3.5038120043464,47.2406341833994,2339
"Pinus_pinaster","POP_026","SITE_0007",2020,110,300,190,0.796512004690645,467.824674051324,9.25661679530968,964.481001656556,"PAR_0000873",-3.36434488650411,39.1968007059768,2110
"Pinus_pinaster","POP_026","SITE_0010",2021,113,309,196,0.784772150348374,417.40624959985,8.8932003129146,650.899313003867,"PAR_0000874",-7.39498327020556,36.7643742775545,637
"Pinus_pinaster","POP_026","SITE_0015",2022,116,307,191,0.760826436072587,500.099129265984,13.733954954985,605.308678255565,"PAR_0000875",4.03112819883972,49.3998309317976,224
"Pinus_pinaster","POP_026","SITE_0003",2023,109,306,197,0.804016608386854,529.905117666091,9.41474592980232,702.080129629855,"PAR_0000876",8.82219539955258,47.0117814233527,93
"Pinus_pinaster","POP_027","SITE_0005",2018,102,319,217,0.787403197209162,473.759386836422,9.04620984138469,587.018331207709,"PAR_0000877",10.258742661681,45.2598054427654,1838
"Pinus_pinaster","POP_027","SITE_0012",2019,105,304,199,0.782023461101618,429.408620723712,9.31288392328386,987.127230796049,"PAR_0000878",15.6160171865486,43.1232861755416,123
"Pinus_pinaster","POP_027","SITE_0003",2020,108,294,186,0.8164907070044,378.40987186621,12.1003414295698,599.267790767414,"PAR_0000879",1.51920406380668,48.8211152330041,1908
"Pinus_pinaster","POP_027","SITE_0015",2021,102,309,207,0.763163203599587,538.515265468758,10.2204785576236,830.433100921388,"PAR_0000880",-0.0413255719467998,42.9437088500708,1325
"Pinus_pinaster","POP_027","SITE_0004",2022,117,296,179,0.768409231274654,457.940957437905,11.2827798839162,808.987463302198,"PAR_0000881",6.15319666219875,40.6840771390125,19
"Pinus_pinaster","POP_027","SITE_0014",2023,108,311,203,0.845668204978411,583.737937515897,8.53125455059189,692.639151528087,"PAR_0000882",1.10287856543437,50.477150240913,431
"Pinus_pinaster","POP_028","SITE_0015",2018,111,312,201,0.748571967849476,499.198949489303,10.2332129017434,461.769158897768,"PAR_0000883",4.44472846807912,40.5364191439003,1665
"Pinus_pinaster","POP_028","SITE_0001",2019,106,313,207,0.833302417159836,377.258311991957,9.15190422074083,664.245424410683,"PAR_0000884",13.8476397865452,38.8714709552005,2313
"Pinus_pinaster","POP_028","SITE_0012",2020,111,304,193,0.862550197162621,457.858601283403,12.0939395752888,1027.70594884754,"PAR_0000885",0.0563674722798169,52.9426759947091,2384
"Pinus_pinaster","POP_028","SITE_0011",2021,111,302,191,0.773424668909647,513.497651799,12.9257709060513,799.985884698698,"PAR_0000886",5.39959471672773,52.1870499197394,870
"Pinus_pinaster","POP_028","SITE_0008",2022,115,306,191,0.779530884407522,450.329676858931,9.41542417130564,751.357847416324,"PAR_0000887",-8.62460019532591,51.6765543213114,1587
"Pinus_pinaster","POP_028","SITE_0001",2023,110,305,195,0.755941605989139,465.125594640468,9.36990465367486,858.069508627544,"PAR_0000888",4.52460704836994,40.162827083841,75
"Pinus_pinaster","POP_029","SITE_0013",2018,110,311,201,0.823573561104493,478.497401505121,11.6460610054293,628.343888311144,"PAR_0000889",3.8900342467241,40.4183787247166,1949
"Pinus_pinaster","POP_029","SITE_0007",2019,109,303,194,0.754680743028793,324.391945815456,10.9020130334194,826.818076241776,"PAR_0000890",2.5299246609211,42.9493816941977,1801
"Pinus_pinaster","POP_029","SITE_0014",2020,107,318,211,0.769839861477017,496.083236484513,12.2453012400321,556.517375225743,"PAR_0000891",16.9166160770692,41.8093929253519,581
"Pinus_pinaster","POP_029","SITE_0002",2021,108,300,192,0.782467384794946,556.494017046344,6.01548753695174,853.276313265387,"PAR_0000892",16.1518384283409,39.0614235494286,494
"Pinus_pinaster","POP_029","SITE_0002",2022,111,308,197,0.773158157204798,448.518127310455,11.8639299967811,719.204541495484,"PAR_0000893",3.02042893366888,44.1132453177124,373
"Pinus_pinaster","POP_029","SITE_0002",2023,109,296,187,0.786844236619689,331.891635075666,9.41310719217957,645.065320519113,"PAR_0000894",-7.84794058417901,45.1928461110219,552
"Pinus_pinaster","POP_030","SITE_0008",2018,107,309,202,0.8164309598513,401.758509245507,11.8462401078421,858.007743803024,"PAR_0000895",15.0523161911406,36.3557106256485,714
"Pinus_pinaster","POP_030","SITE_0002",2019,116,304,188,0.83459710721781,464.568993622748,10.7383009703328,398.600034247561,"PAR_0000896",5.73999783024192,43.6743018589914,170
"Pinus_pinaster","POP_030","SITE_0007",2020,106,316,210,0.77214420608668,489.065955395343,9.5651919731041,713.216127592407,"PAR_0000897",-7.27408176288009,45.5763295711949,1554
"Pinus_pinaster","POP_030","SITE_0003",2021,114,303,189,0.781861895606371,417.957376136926,12.0401717010285,787.255188292282,"PAR_0000898",1.57109565800056,51.731054126285,97
"Pinus_pinaster","POP_030","SITE_0005",2022,111,307,196,0.770522353872602,546.906156260371,4.76512591805439,453.580822093405,"PAR_0000899",10.1453192858025,37.1852599037811,934
"Pinus_pinaster","POP_030","SITE_0003",2023,117,303,186,0.84304309284907,453.677132006313,10.556046816414,893.715335637112,"PAR_0000900",5.42651972966269,45.1630450226367,2451
