"tree_species","insect_species","fungi_strain","site","year","interaction_id","temperature","humidity","tree_dbh","tree_height","tree_health","insect_size_base","insect_size","insect_resistance_base","insect_resistance","fungus_growth_base","fungus_growth","fungus_virulence_base","fungus_virulence","tree_damage","infection_success","vector_efficiency","tree_defense_response","observation_date","observer_id"
"Tree_E","Insect_E","Fungi_2","SITE_0012",2023,1,21.9489420594204,95,42.0323754134481,31.7327221327146,0.71060982493218,14,17.2369302194517,0.6,0.611331495751613,15,30.5029531369186,0.6,0.616138779597121,0.0462493424374109,0,6.63782775506316,1.06917919908844,2023-07-05,"OBSV_1819"
"Tree_A","Insect_C","Fungi_1","SITE_0015",2019,2,11.149968439788,64.8236365169042,21.1764810741122,15.2542476799613,0.537042809673585,18,16.0776036378933,0.5,0.538235139170693,12,13.7376474893241,0.8,0.789002443083272,0.167811038898538,0,6.97879590867344,0.495310230483597,2019-05-03,"OBSV_1304"
"Tree_A","Insect_A","Fungi_2","SITE_0004",2021,3,3.26156581633979,70.3382197911302,30.9477538022389,23.7078517468771,0.356739012547769,15,12.9169714212129,0.7,0.640476707228634,15,18.1974184681257,0.6,0.42374114016954,0.00506189388449653,0,4.55300803832443,0.638745774635077,2021-05-27,"OBSV_1003"
"Tree_D","Insect_B","Fungi_1","SITE_0004",2023,4,4.44394387485286,31.3079692555883,14.4858238844516,12.6468149773003,0.463702671183273,12,8.96541319919267,0.9,0.90379642858407,12,2.64275605234306,0.8,0.737103246836709,0.0969096744360732,0,1.07440596086591,0.162201498665752,2023-06-21,"OBSV_1249"
"Tree_A","Insect_C","Fungi_3","SITE_0007",2022,5,5.52167612098367,77.0054812079798,25.0143196028054,13.4463640800976,0.365988441952504,18,14.5862041202762,0.5,0.559503331918479,10,16.2374229374139,0.9,0.651943741437362,0,0,6.28655953079943,0.387096818383675,2022-06-04,"OBSV_1245"
"Tree_A","Insect_E","Fungi_2","SITE_0005",2019,6,2.85833142137961,54.5719855499872,28.2746322307491,17.6054764333776,0.497583333682269,14,10.9540146495366,0.6,0.589891562434726,15,9.54802675454901,0.6,0.450017542136062,0.11078341187016,0,4.22236620226844,0.165303819458806,2019-07-04,"OBSV_1919"
"Tree_E","Insect_D","Fungi_4","SITE_0010",2019,7,-0.151074910272825,43.7931793986914,47.4080343584673,36.8914128343988,0.495055272011086,10,8.54898905677418,0.8,0.931705869806642,18,9.85167690448079,0.5,0.285548153861895,0.0737700960116128,0,0.222520961711081,0.995831997176062,2019-07-27,"OBSV_1046"
"Tree_A","Insect_E","Fungi_4","SITE_0010",2019,8,31.8374696167137,80.1799360125565,43.6817347794747,32.7656983527538,0.417686246731318,14,20.0066364138097,0.6,0.689903259761739,18,28.1055546795897,0.5,0.538358504700942,0.0347813478430492,0,5.7502564218616,0.290125473416756,2019-09-25,"OBSV_1302"
"Tree_C","Insect_C","Fungi_1","SITE_0008",2021,9,11.3982856435145,57.9461577131564,36.7034349382021,24.4933428862708,0.969513906352222,18,15.5185422565958,0.5,0.540805974904736,12,8.77901631287157,0.8,0.746145537460589,0.31298443713224,1,7.30076666133098,1.22420204845494,2021-04-13,"OBSV_1610"
"Tree_A","Insect_D","Fungi_4","SITE_0004",2020,10,1.44844431840352,94.2131599746793,48.1427654878394,37.3090587141097,0.971617903816514,10,7.73597610039319,0.8,0.93857873474934,18,35.3037786866742,0.5,0.156696145169945,0,0,0.574328602280062,0.827654940735369,2020-05-24,"OBSV_1333"
"Tree_C","Insect_C","Fungi_2","SITE_0010",2022,11,20.3994665621072,90.5588424087083,24.1846008627601,15.566515492079,0.951882797782309,18,16.4668835245971,0.5,0.47172386980827,15,29.257511898182,0.6,0.719258632701289,0.262519098780287,0,8.74202014061178,0.527318348690671,2022-09-02,"OBSV_1578"
"Tree_A","Insect_E","Fungi_3","SITE_0008",2021,12,25.3481382195138,71.4862929321987,19.413121560868,12.5907766273649,0.997490418306552,14,15.9742367692943,0.6,0.279581519004842,10,13.0011695695484,0.9,0.935483321493078,0.64230484743691,1,11.3136013413231,0.201535262609434,2021-08-02,"OBSV_1794"
"Tree_B","Insect_D","Fungi_1","SITE_0006",2018,13,13.0001107555089,56.2484470368904,41.7033602627841,29.8029035067205,0.456648761313409,10,8.37811826648091,0.8,0.789821815281511,12,12.8599740073081,0.8,0.774694515529811,0.0919529771784641,0,1.437435453792,0.2947714034099,2018-06-27,"OBSV_1874"
"Tree_B","Insect_C","Fungi_1","SITE_0008",2022,14,10.15094189712,72.2723121298771,46.5830189390392,31.7035927813702,0.989347124937922,18,18.1428800686246,0.5,0.565946568274558,12,14.2919520996477,0.8,0.851070466720748,0.314744174409039,1,8.19698235409757,1.1741251393916,2022-07-05,"OBSV_1498"
"Tree_D","Insect_B","Fungi_3","SITE_0001",2020,15,-4.14519859019205,85.7632669463177,18.6096504268183,11.5607186259437,0.715387610835023,12,6.39497835379761,0.9,0.918731430572219,10,13.2482163750116,0.9,0.467700007278756,0.135855636316922,0,1.25510563407935,0.82558153828181,2020-07-13,"OBSV_1193"
"Tree_C","Insect_E","Fungi_4","SITE_0002",2023,16,-3.82555696345634,30,21.9244645495054,15.790517378333,0.754066113941371,14,8.77950522845069,0.6,0.736965940127523,18,1.68940283874156,0.5,0.395250323426473,0.0412128995211776,0,2.65805439170948,0.336690138670678,2023-04-13,"OBSV_1761"
"Tree_A","Insect_D","Fungi_1","SITE_0011",2023,17,6.28936358616143,66.1113172900524,22.5709167644304,17.1878857581422,0.934762938064523,10,8.60595155626934,0.8,0.787186804280386,12,17.860088720399,0.8,0.618902307076109,0.226843725532401,0,1.14839353647777,0.292628199007791,2023-09-28,"OBSV_1271"
"Tree_E","Insect_B","Fungi_3","SITE_0006",2020,18,7.89751902938425,61.683429999816,51.4146296216939,40.2449558698561,0.730566417216323,12,10.0941422258744,0.9,0.930780739748854,10,10.2668632694534,0.9,0.791383055495279,0.121472429518557,0,-0.0325244964464224,0.152728753446473,2020-08-10,"OBSV_1467"
"Tree_E","Insect_E","Fungi_3","SITE_0005",2021,19,10.9693382978547,79.187470224775,39.5186599579114,26.3916790564109,0.484323415160179,14,13.8273863708822,0.6,0.638205876668054,10,14.0259014061314,0.9,0.892438878912393,0.390579627295141,1,4.80028525830677,0.255167915152853,2021-09-08,"OBSV_1234"
"Tree_B","Insect_E","Fungi_2","SITE_0008",2019,20,11.7240613546345,61.6459882212734,64.2641272819749,46.4859251154239,0.984027460915968,14,14.9764164417697,0.6,0.544000793367666,15,15.9426034868264,0.6,0.666775070618427,0.304980150893294,1,6.6101959714373,0.451602490663228,2019-04-06,"OBSV_1143"
"Tree_B","Insect_E","Fungi_2","SITE_0002",2020,21,0.0188359941573339,72.5128095934811,9.73960792152558,5.32696658838852,0.396536557539366,14,11.1887066064529,0.6,0.789873817085663,15,20.6818091008211,0.6,0.29216919741747,0.0561469012861609,0,2.49061431421866,0.781697971386938,2020-04-20,"OBSV_1260"
"Tree_B","Insect_E","Fungi_4","SITE_0006",2019,22,8.96430672618625,68.4195706977554,7.93318356660143,6.27078544044581,0.799049521703273,14,11.9200291326231,0.6,0.513270598828563,18,21.9849259607589,0.5,0.352769926926287,0,0,5.73304825222866,1.08061038486414,2019-09-10,"OBSV_1207"
"Tree_C","Insect_D","Fungi_4","SITE_0015",2019,23,24.167548620572,38.8659573319726,17.1891727932841,14.2316942922195,0.718204658175819,10,9.52293359226777,0.8,0.847685809690739,18,6.14414969221309,0.5,0.415614028454705,0.095841019154471,0,0.785405864804513,0.164299476961312,2019-04-19,"OBSV_1373"
"Tree_B","Insect_C","Fungi_2","SITE_0009",2023,24,4.03291850723687,60.2358562796029,24.4586737771773,18.0373553842019,0.727322042942978,18,15.0774274243036,0.5,0.61523399405137,15,16.1543653623894,0.6,0.447130436538779,0.0436948936331539,0,6.26414209711889,0.0348870243364469,2023-04-10,"OBSV_1328"
"Tree_D","Insect_A","Fungi_3","SITE_0006",2022,25,15.9508796656312,30,25.7094963241686,18.0607666569952,0.762575263343751,15,13.8198617450602,0.7,0.739581793160917,10,2.19808632237283,0.9,0.999304134512238,0.312458474071425,1,3.06179445814482,0.70873573099985,2022-04-26,"OBSV_1228"
"Tree_C","Insect_E","Fungi_2","SITE_0003",2023,26,-7.84043134744486,60.4901007151845,20.6454859375285,10.4696998716445,0.800429210206494,14,8.96251122074424,0.6,0.600380144152893,15,14.4090907153815,0.6,0.462629750419546,0.0567001576385028,0,3.72743103164693,0.325076152372914,2023-08-27,"OBSV_1864"
"Tree_C","Insect_B","Fungi_3","SITE_0011",2019,27,27.6409281670516,73.1398521102556,19.1553091822236,15.2238580664927,0.566882061562501,12,14.745748686504,0.9,0.816072630033388,10,11.5416555647338,0.9,1,0.208902175583682,0,2.94690204703996,0.34519174129731,2019-08-23,"OBSV_1887"
"Tree_D","Insect_A","Fungi_2","SITE_0014",2023,28,9.41275267326535,75.5220030179171,44.4783574959858,29.9119575041445,0.906744162901305,15,13.5287422839354,0.7,0.769717532012681,15,18.904332118467,0.6,0.422237915590899,0.130357085206927,0,3.23526494436883,1.62730231351595,2023-07-14,"OBSV_1496"
"Tree_A","Insect_C","Fungi_2","SITE_0015",2023,29,25.4129712912181,30,5.88692438767673,5.83405216738371,0.891891417698935,18,21.7959107072204,0.5,0.543232307036546,15,0.629819356321453,0.6,0.570295622253015,0.199703669471217,0,9.91916155722235,0.328611953946493,2023-08-26,"OBSV_1122"
"Tree_C","Insect_A","Fungi_3","SITE_0008",2022,30,26.2134636820852,68.4452802464163,49.42391247166,35.7285450476965,0.359088652394712,15,17.7407035839797,0.7,0.532406704498784,10,13.5576381073072,0.9,1,0.279031549225289,0,9.11155203259236,0.251440582742001,2022-05-17,"OBSV_1122"
"Tree_C","Insect_A","Fungi_3","SITE_0011",2023,31,0.459208506536354,95,12.5558918513331,5.89225111402409,0.758034954941831,15,8.92561781620668,0.7,0.737163053961016,10,20.7312899501356,0.9,0.663621232618485,0.146540212738612,0,2.40775779574161,0.771723267326449,2023-06-03,"OBSV_1144"
"Tree_E","Insect_B","Fungi_3","SITE_0010",2020,32,13.3450313697592,47.674050173481,27.6298055756247,18.5808278979155,0.902007521665655,12,9.26836851894666,0.9,1,10,4.29380276003273,0.9,0.860927161001215,0.135562573300095,0,0.125633190260508,0.394897265764895,2020-04-21,"OBSV_1227"
"Tree_D","Insect_C","Fungi_2","SITE_0006",2019,33,9.10116101851077,62.6209271836927,32.2077600542199,20.3298158463993,0.433260614308529,18,17.5345724132569,0.5,0.637087784594701,15,15.9671441012267,0.6,0.482795237940031,0,0,7.13289438550077,0.236071306376326,2019-09-23,"OBSV_1123"
"Tree_E","Insect_C","Fungi_1","SITE_0003",2020,34,1.17650036232782,43.3650245552341,46.7892279404241,34.9341221121385,0.773099639266729,18,11.8585050290098,0.5,0.485261181574083,12,5.87084778877296,0.8,0.605642216517702,0.362632525605175,1,6.0174736099847,0.372430399561153,2020-07-18,"OBSV_1210"
"Tree_B","Insect_A","Fungi_2","SITE_0012",2023,35,13.0353230322296,71.1830110749766,33.843041232284,21.9562814409616,0.301895616715774,15,16.0237672504632,0.7,0.728089008041102,15,23.7233128301965,0.6,0.518416280100169,0.00673721177288007,0,4.15976863694522,0.518701409860765,2023-04-27,"OBSV_1309"
"Tree_E","Insect_D","Fungi_2","SITE_0012",2019,36,15.9952633691399,39.8644715911079,26.8459627985015,19.1234354438205,0.357660010294057,10,12.9803650791344,0.8,0.767917544669029,15,5.2914920506134,0.6,0.623557446318538,0.135977839157948,0,3.40298962050698,0.114609200802276,2019-08-25,"OBSV_1151"
"Tree_E","Insect_B","Fungi_3","SITE_0011",2023,37,15.9750577425536,63.8370061586203,37.7311447868357,26.1440434500696,0.741108317230828,12,13.9622802684234,0.9,0.929984536435682,10,11.1932683700108,0.9,0.83178456559191,0.059651234704553,0,1.03624527200865,0.469208398375919,2023-07-27,"OBSV_1782"
"Tree_C","Insect_D","Fungi_1","SITE_0001",2020,38,19.1133591839838,47.2013802888977,26.4081168259474,18.174344942433,0.456286820583045,10,12.48745509384,0.8,0.939275508353282,12,5.26241940215062,0.8,0.890837426805054,0.0698033723671745,0,-0.284580134653687,0.0712926738441504,2020-09-08,"OBSV_1842"
"Tree_A","Insect_A","Fungi_2","SITE_0010",2018,39,22.9593223593948,58.7448447797532,65.4707116221539,44.5738759206881,0.496013283333741,15,20.0691640269335,0.7,0.69957146826328,15,16.8207912173376,0.6,0.704318865814337,0.1094788152048,0,6.45061291517031,0.754042251647695,2018-04-17,"OBSV_1002"
"Tree_C","Insect_B","Fungi_3","SITE_0007",2021,40,4.01702130435734,36.0205140724067,52.6184845758755,33.7046532957377,0.630842080386355,12,10.2807372214684,0.9,0.913389542033431,10,1.53803187191037,0.9,0.711198368910303,0.172563978412303,0,0.885815393101817,0.321943140005745,2021-05-02,"OBSV_1477"
"Tree_E","Insect_B","Fungi_2","SITE_0004",2019,41,0.412517137282173,68.6999167658158,26.0230615142944,17.0345319361203,0.705294095608406,12,9.86423059947319,0.9,0.986778629024092,15,20.298511337544,0.6,0.467691136195588,0,0,0.670203851696999,1.12720246968963,2019-08-03,"OBSV_1906"
"Tree_A","Insect_C","Fungi_1","SITE_0005",2020,42,13.9235941707739,95,15.49334701129,11.4073652831488,0.366396216163412,18,21.4913719098456,0.5,0.463272645971891,12,24.3720458321987,0.8,0.753492854275652,0.206825092719588,0,11.9385840653702,0.115139860046129,2020-05-01,"OBSV_1785"
"Tree_B","Insect_D","Fungi_1","SITE_0001",2023,43,10.7778749417483,86.2176334366795,2.54788300388038,2.62717994979707,0.310254566976801,10,11.5223333830818,0.8,0.662502558563432,12,23.6046248573297,0.8,0.825249151605959,0.0117966152049681,0,5.10167625249297,0.0581347054880028,2023-07-02,"OBSV_1426"
"Tree_C","Insect_A","Fungi_1","SITE_0007",2023,44,14.1732331145418,86.0966579032204,24.1376728661369,21.2290708596725,0.550487296865322,15,13.8052932488949,0.7,0.717935314809023,12,20.0981209596614,0.8,0.681925715789673,0.136660757503757,0,5.3365012415777,0.836462815521673,2023-05-06,"OBSV_1896"
"Tree_B","Insect_A","Fungi_3","SITE_0007",2020,45,2.20048142254535,71.3222960432626,19.4824585935267,14.268508655743,0.99762942485977,15,9.26019701244838,0.7,0.745606571952853,10,13.7222508330836,0.9,0.694917049086925,0.321759489715773,1,2.75501086726313,0.0685097515907171,2020-08-27,"OBSV_1631"
"Tree_E","Insect_C","Fungi_4","SITE_0015",2022,46,31.9235381244013,68.449912256641,45.3446681291764,33.2946255147459,0.730254202452488,18,21.4958843946635,0.5,0.599927033710115,18,17.9551284435371,0.5,0.551946851488362,0.0147827841858632,0,8.44653835540358,0.324973543661508,2022-05-01,"OBSV_1543"
"Tree_A","Insect_B","Fungi_2","SITE_0004",2019,47,3.94316262040483,70.3909159633897,40.2714505469945,28.9898282771706,0.792994791455567,12,9.39514786584125,0.9,0.85732689766622,15,19.9927442536832,0.6,0.372734815760747,0.182423494996881,0,0.944353470105791,0.397312517509579,2019-06-20,"OBSV_1994"
"Tree_C","Insect_C","Fungi_2","SITE_0005",2019,48,-2.57245261790745,81.1530173938749,20.639560985733,14.4024392891613,0.509968957770616,18,10.6429955947333,0.5,0.663516820931754,15,23.4928578452952,0.6,0.439156985288137,0.0272531070559852,0,3.66975934096584,0.549091627649345,2019-06-04,"OBSV_1521"
"Tree_E","Insect_D","Fungi_3","SITE_0011",2021,49,25.0347160481563,70.3173855167928,37.9909271094542,27.2029169548581,0.878892011009157,10,13.6332383335592,0.8,0.830132690046702,10,11.7018579603351,0.9,1,0.122033730970209,0,1.83395167280597,0.42770932468236,2021-07-10,"OBSV_1581"
"Tree_C","Insect_C","Fungi_3","SITE_0009",2023,50,12.9866668816879,37.0662806618949,8.63695533632256,6.28550379527557,0.534344714018516,18,17.5393916189883,0.5,0.470557961175144,10,3.31296792919094,0.9,0.880087230181978,0.219205779885762,0,8.82636867616177,0.335126842840754,2023-08-07,"OBSV_1550"
"Tree_C","Insect_B","Fungi_3","SITE_0003",2022,51,6.5579688331827,86.3637164521946,25.803089811116,19.8671379622186,0.81632883856073,12,10.4062979948039,0.9,0.793528867887908,10,16.8977078553629,0.9,0.864392254825057,0.0679462334012234,0,2.31652478402032,1.23834716995468,2022-05-09,"OBSV_1999"
"Tree_D","Insect_D","Fungi_3","SITE_0003",2021,52,5.2291834384958,93.2331153951264,98.223869505067,70.0267879515564,0.846181779750623,10,8.67387198624496,0.8,0.740799185053979,10,21.2675194203201,0.9,0.747478689315523,0.0999101239965764,0,1.0244821480418,1.65190974259178,2021-09-06,"OBSV_1932"
"Tree_B","Insect_E","Fungi_1","SITE_0002",2021,53,7.13852448627438,44.6462451295845,11.0594994885663,8.43695373039256,0.562428046949208,14,11.8480808081039,0.6,0.619425398094691,12,6.3037759549985,0.8,0.742850729076196,0.287330196693942,0,4.54408129859079,0.289060623381093,2021-06-27,"OBSV_1768"
"Tree_B","Insect_D","Fungi_3","SITE_0012",2021,54,16.9175057694549,30,5.25611499299656,3.89688337239002,0.340623726486228,10,8.8929348654906,0.8,0.745702343850811,10,-1.04408113709045,0.9,0.905150802835019,0.201391555922967,0,2.03867656632387,0.160648580282057,2021-07-16,"OBSV_1050"
"Tree_D","Insect_E","Fungi_3","SITE_0009",2019,55,13.9832486969026,88.1395414593466,33.9489542572754,21.4404550157375,0.456638705194928,14,13.0450063352119,0.6,0.653007466875088,10,18.9323665599438,0.9,0.840559106874467,0.098736474006605,0,4.72066447336804,0.175082956545724,2019-04-22,"OBSV_1149"
"Tree_C","Insect_B","Fungi_4","SITE_0003",2018,56,-3.5937225938817,31.9118212113262,11.6978646689461,12.1151304313088,0.347429169830866,12,7.89096417586982,0.9,0.943761654053215,18,3.38692940321288,0.5,0.339647288353959,0.0532934797925845,0,0.519279937601283,0.119429481456379,2018-07-20,"OBSV_1684"
"Tree_C","Insect_E","Fungi_3","SITE_0009",2020,57,11.5358979688289,86.7735214778433,13.7634205165677,13.4085533705103,0.377997944294475,14,9.98629021041993,0.6,0.601373979565253,10,16.858258249416,0.9,0.771711203506729,0.324125274382732,1,3.63247980854775,0.185432817012585,2020-05-20,"OBSV_1711"
"Tree_C","Insect_A","Fungi_3","SITE_0015",2023,58,2.17042011694345,52.7359689044267,26.1094453872842,14.5530850509035,0.998207565862685,15,11.0074086797845,0.7,0.673142171400547,10,4.78239908438325,0.9,0.569853881638867,0.222309173784132,0,3.75260429218781,0.70653705283923,2023-04-26,"OBSV_1746"
"Tree_C","Insect_B","Fungi_1","SITE_0006",2019,59,12.2124493000289,43.2100535302411,17.6852339022587,11.6262390116862,0.88257416812703,12,11.5943988582162,0.9,0.742653828554052,12,6.75654645002922,0.8,0.731726358971619,0.342405943047458,1,2.89217741248049,0.664343990084234,2019-06-21,"OBSV_1852"
"Tree_E","Insect_C","Fungi_2","SITE_0007",2023,60,9.84244438710709,77.4065118753036,28.5742130747355,19.1776712476993,0.70364696693141,18,12.9575349352391,0.5,0.571825939819505,15,20.594738350746,0.6,0.760753534421723,0.24984959138469,0,5.86356912448552,0.339360049997586,2023-07-04,"OBSV_1792"
"Tree_E","Insect_D","Fungi_2","SITE_0005",2018,61,9.98044365582649,45.9310110359219,66.6727163817949,48.2968890708821,0.942995028127916,10,7.21315620933553,0.8,0.706860252924524,15,7.48489014633836,0.6,0.567653146776975,0.21489561133062,0,2.12797046742719,0.912993058508425,2018-05-07,"OBSV_1761"
"Tree_D","Insect_A","Fungi_4","SITE_0009",2020,62,8.58734892020935,80.7138354655309,40.7651893200565,25.8506254679827,0.901328389206901,15,11.4412664976493,0.7,0.79573122605612,18,30.5624857802864,0.5,0.592969266728013,0.0879847099030865,0,1.70880565752888,0.535350446422727,2020-08-10,"OBSV_1377"
"Tree_B","Insect_A","Fungi_3","SITE_0015",2023,63,12.4456961987359,51.0668224561688,12.5273830637611,9.37766040443173,0.579027887783013,15,13.3741197677164,0.7,0.623998875245285,10,6.22059825636529,0.9,0.850921888125697,0.0839984286750523,0,4.71959286345874,0.843218961445337,2023-07-17,"OBSV_1335"
"Tree_D","Insect_B","Fungi_3","SITE_0007",2020,64,20.683411359728,47.2011956798424,59.1904936448344,41.019020201072,0.384597611497156,12,14.5620152941434,0.9,0.75404887899692,10,5.5569109895044,0.9,0.848938984534928,0.040096063297344,0,3.446524148218,0.434761398823061,2020-08-15,"OBSV_1942"
"Tree_B","Insect_A","Fungi_3","SITE_0007",2023,65,14.4766436376356,41.0971665114858,18.8978938042592,12.3256003651477,0.51906640632078,15,15.3367667525063,0.7,0.639420727657667,10,5.88494220851013,0.9,0.801684668599054,0.158294638060496,0,6.2243293836695,0.51469345985952,2023-08-15,"OBSV_1640"
"Tree_B","Insect_D","Fungi_3","SITE_0006",2023,66,14.0727343400006,59.9035060038238,35.0538914781311,25.3863824442323,0.872691028215922,10,13.0586304940837,0.8,0.715661503939912,10,11.555947556698,0.9,0.934126196005048,0.303861601840449,1,3.33018267144978,0.219812585054986,2023-09-04,"OBSV_1715"
"Tree_B","Insect_C","Fungi_1","SITE_0014",2022,67,23.6678457154162,30,38.9385900904857,25.4869917601209,0.381455762661062,18,21.4116996328817,0.5,0.47881579207573,12,-0.481385481898546,0.8,1,0.125308881625392,0,11.8288240918527,0.163923672025968,2022-04-13,"OBSV_1874"
"Tree_E","Insect_E","Fungi_1","SITE_0007",2021,68,7.98763752515527,30,43.8259756611669,27.7580621522443,0.873480244376697,14,10.2894549028124,0.6,0.4680600123043,12,1.61397083475917,0.8,0.616675926770462,0.300638479261698,1,5.17690457803127,1.46005444248796,2021-04-08,"OBSV_1199"
"Tree_D","Insect_D","Fungi_1","SITE_0008",2023,69,8.35595959532846,45.2660245663528,12.3787452500337,11.9248572476543,0.496148964739405,10,9.84144640950161,0.8,0.952627404785069,12,5.59139360463138,0.8,0.677192045989424,0,0,0.554786187523368,0.219777946675934,2023-07-26,"OBSV_1869"
"Tree_A","Insect_B","Fungi_2","SITE_0007",2020,70,8.04908547376979,30.1235113043941,39.1167190695566,28.1454878349507,0.813247647020034,12,10.4184391304725,0.9,0.780091503465953,15,2.27494969787761,0.6,0.572671197553829,0.137242049145406,0,1.4534503403313,1.31997845277474,2020-04-23,"OBSV_1079"
"Tree_E","Insect_C","Fungi_2","SITE_0009",2023,71,11.3974417774076,34.7918769708692,58.6226715702086,40.4858872665894,0.314858627202921,18,16.5792621335188,0.5,0.563298401307993,15,4.87965623216219,0.6,0.560484483311562,0,0,7.63338774155298,0.211751380422504,2023-04-03,"OBSV_1770"
"Tree_E","Insect_D","Fungi_2","SITE_0013",2021,72,5.38792316347153,43.70684086137,5.15784549083641,4.50094208184509,0.776930414279923,10,7.06727259896384,0.8,0.879854098556391,15,6.96748530532007,0.6,0.452949980465729,0.0124817725900164,0,0.996115778849249,0.52940976556964,2021-09-13,"OBSV_1740"
"Tree_A","Insect_A","Fungi_2","SITE_0008",2022,73,23.7653806267846,93.7019543779969,41.9808411657844,28.2877136636447,0.321824580384418,15,17.389979174509,0.7,0.780348046491871,15,31.426934474701,0.6,0.569499117066565,0.128155813190984,0,3.62649818582763,0.121089011509008,2022-04-08,"OBSV_1938"
"Tree_A","Insect_B","Fungi_1","SITE_0006",2018,74,18.0660356622653,80.9649507633643,10.5108006503758,10.6083377311809,0.574676580005325,12,12.8063435932017,0.9,0.900692330260536,12,20.4130023469347,0.8,0.813056606002196,0,0,2.30141590083797,0.388422692261535,2018-06-19,"OBSV_1679"
"Tree_E","Insect_C","Fungi_3","SITE_0004",2023,75,5.20181411274162,35.4616739714102,24.7212851146026,14.7722271682875,0.568917016172782,18,13.4238016927381,0.5,0.46103096145553,10,2.46379480157594,0.9,0.646561199251616,0.171057682139529,0,7.28840144260425,0.66439541231577,2023-09-03,"OBSV_1556"
"Tree_E","Insect_A","Fungi_1","SITE_0015",2021,76,14.4735272078561,63.6875139755679,16.5985337993192,11.3872076710939,0.571877884701826,15,14.9376100236555,0.7,0.699858412770141,12,11.1726031891931,0.8,0.734464394578102,0.286273614933249,0,4.27394181466844,0.2735203466619,2021-05-18,"OBSV_1143"
"Tree_B","Insect_D","Fungi_2","SITE_0007",2022,77,16.0831800136787,30,14.8532149070168,10.4245878922217,0.338514873804524,10,9.87049413164659,0.8,0.723199562721158,15,-0.424639820387703,0.6,0.508354307304829,0.0309216555892453,0,2.4475658089642,0.465333975683063,2022-06-18,"OBSV_1740"
"Tree_A","Insect_A","Fungi_3","SITE_0006",2019,78,18.3582379801388,56.0751190937205,22.6948202166963,16.8894676165205,0.918363351235166,15,14.5889039931584,0.7,0.733093919902307,10,10.856895175985,0.9,0.907262587148342,0.105383673812089,0,4.01528051277814,0.729381433331925,2019-07-09,"OBSV_1452"
"Tree_C","Insect_A","Fungi_4","SITE_0011",2021,79,5.87974850389373,59.6651017556234,34.9739663903456,24.0763102652528,0.83000232479535,15,12.0672317686184,0.7,0.719627512764191,18,19.7254857047325,0.5,0.42236261192028,0.0462123451200358,0,3.16760942535594,0.242757246903511,2021-04-11,"OBSV_1421"
"Tree_B","Insect_A","Fungi_4","SITE_0007",2021,80,3.54467311818477,39.4136103190662,41.2341686629932,30.3851692825097,0.554888335661963,15,14.4134961847278,0.7,0.634644101901521,18,6.43815931994084,0.5,0.344773181852942,0.0152211332006516,0,5.11293697491406,0.829748138593892,2021-04-22,"OBSV_1040"
"Tree_B","Insect_D","Fungi_2","SITE_0005",2023,81,2.49266500941138,32.528517670517,32.0183491933564,27.6210295272747,0.897320544137619,10,7.48919639470409,0.8,0.741184767795144,15,2.6213716126732,0.6,0.446371846114465,0.0418840510974338,0,2.54030713428588,0.531393554309486,2023-07-06,"OBSV_1250"
"Tree_D","Insect_C","Fungi_4","SITE_0009",2023,82,5.27757832908777,59.3216394440273,43.5781729138749,31.5056354619077,0.877070330665447,18,11.9490062860556,0.5,0.500082503073789,18,15.4948489105786,0.5,0.401662257410212,0.289586410254976,0,5.90938082310585,0.192737342428105,2023-08-15,"OBSV_1141"
"Tree_A","Insect_C","Fungi_4","SITE_0007",2020,83,14.5002163526509,43.6726639208876,27.7956076297376,20.0046881807972,0.787339228857309,18,19.7879264532353,0.5,0.603284253920319,18,5.18333464716794,0.5,0.355866221571958,0.0781035636177878,0,8.46786597580861,1.28722296080764,2020-06-25,"OBSV_1467"
"Tree_B","Insect_E","Fungi_1","SITE_0005",2020,84,-1.96355040559946,30.9078361617449,12.1762998323112,8.55482031956234,0.44884509195108,14,7.85080878935158,0.6,0.611666284154313,12,1.3865889105604,0.8,0.467290790505429,0.166331660985158,0,2.80974265149846,0.16705685663718,2020-05-07,"OBSV_1946"
"Tree_A","Insect_A","Fungi_2","SITE_0005",2023,85,-6.17227394495286,95,4.75963216824853,5.21751415299488,0.791479557962157,15,9.52378891220885,0.7,0.590645579946105,15,32.5673696882156,0.6,0.329742196217227,0.175739911072037,0,4.46249028967932,0.387369678846405,2023-09-02,"OBSV_1270"
"Tree_B","Insect_E","Fungi_4","SITE_0012",2018,86,17.6211083577447,95,49.4293119637193,32.4090762887775,0.839096793881617,14,13.2059182426636,0.6,0.725352699897156,18,33.9638937073346,0.5,0.494663057135795,0,0,4.13939026434742,0.327006340754871,2018-08-24,"OBSV_1906"
"Tree_B","Insect_A","Fungi_2","SITE_0001",2020,87,-11.8713288441852,56.3418118640143,56.9747341525587,39.2228546361064,0.438627850660123,15,6.80772450894992,0.7,0.721644573831528,15,13.8669753153199,0.6,0.342217533160844,0.0711341983636357,0,1.57822241832201,0.565069536589778,2020-06-21,"OBSV_1172"
"Tree_B","Insect_D","Fungi_4","SITE_0011",2019,88,24.5563818200315,47.5526929592923,84.3266507608383,61.27537832049,0.794012550474144,10,11.1631111898037,0.8,0.775472976966246,18,10.1692478700013,0.5,0.586608439195314,0.0811554712521913,0,2.63543242442741,0.393907754911378,2019-05-12,"OBSV_1118"
"Tree_C","Insect_A","Fungi_1","SITE_0015",2021,89,29.6486087500997,95,39.8189397254549,29.3898543700128,0.304219076689333,15,17.2733283642476,0.7,0.688046893221106,12,24.0873507500512,0.8,1,0.0665514725112103,0,4.72182892353099,0.26767616625565,2021-06-21,"OBSV_1987"
"Tree_C","Insect_E","Fungi_4","SITE_0004",2019,90,-3.51386310452996,58.0170689386761,48.9264009191481,33.5701766427837,0.61265520050656,14,7.88134756589961,0.6,0.634071332236531,18,19.6336697893666,0.5,0.216141302445793,0.133331339266753,0,2.38676636116264,0.324854139016954,2019-04-23,"OBSV_1242"
"Tree_D","Insect_D","Fungi_3","SITE_0009",2018,91,17.150025718252,69.8090882361869,32.3695864384437,21.2104017041245,0.333754226379096,10,9.73898600175769,0.8,0.745786786524558,10,10.6564745724712,0.9,0.983896990435994,0.16933595736114,0,2.91764217112628,0.41314899692099,2018-09-02,"OBSV_1535"
"Tree_C","Insect_A","Fungi_4","SITE_0001",2022,92,4.64583264552854,35.9935052963835,23.5550920937407,17.8569748311817,0.731485216668807,15,14.7618118962565,0.7,0.653040680187512,18,4.78034881338828,0.5,0.362946236507343,0.226880026604438,0,4.43724631322599,1.02587748605547,2022-06-04,"OBSV_1635"
"Tree_A","Insect_A","Fungi_4","SITE_0015",2020,93,7.46869897597642,64.0611339536625,35.3467061506866,25.0051181441142,0.987282853713259,15,10.2264981123266,0.7,0.520593222691454,18,18.0053445250685,0.5,0.251204818950064,0.0905876184166307,0,5.22373215272363,0.170491012933,2020-06-22,"OBSV_1797"
"Tree_D","Insect_B","Fungi_4","SITE_0012",2019,94,8.91810761307745,30,58.8996245161211,39.3153561881021,0.731922848592512,12,11.1242246723214,0.9,0.946002250675141,18,0.158535984990918,0.5,0.492109889454016,0,0,0.0956675012978774,1.00799486607853,2019-07-22,"OBSV_1414"
"Tree_E","Insect_E","Fungi_1","SITE_0011",2023,95,29.3526111563997,38.4344894236079,69.1777189920436,48.8226553835215,0.527198211941868,14,20.5932645753706,0.6,0.499155086823349,12,3.78679012576453,0.8,1,0.186266498668993,0,11.2445654890306,0.0968192400218196,2023-08-15,"OBSV_1610"
"Tree_A","Insect_C","Fungi_3","SITE_0006",2018,96,3.35046811962405,60.0327363440135,30.4366219673239,18.9195407678351,0.557101818034425,18,10.8344515657827,0.5,0.648384605882741,10,8.04635805658199,0.9,1,0.182679488014966,0,3.43532077978785,0.407548167363847,2018-09-27,"OBSV_1951"
"Tree_B","Insect_A","Fungi_1","SITE_0002",2019,97,10.8194775542202,68.1020475962074,14.4087026934923,7.47370609277044,0.923514348035678,15,10.837128717015,0.7,0.791935716188587,12,15.1416425041281,0.8,0.761989773832608,0.207112908827473,0,2.61673621262257,0.769235840530457,2019-06-21,"OBSV_1730"
"Tree_D","Insect_C","Fungi_3","SITE_0013",2020,98,13.0403318899932,38.4469997326576,13.5428165693511,8.83719092721255,0.929075935203582,18,16.8075344731496,0.5,0.390087510731624,10,2.2478330954893,0.9,0.933603539779123,0.556994259999005,1,10.2572318097776,0.244479481238366,2020-06-22,"OBSV_1837"
"Tree_E","Insect_A","Fungi_4","SITE_0003",2020,99,-7.7709745820639,34.2513514771034,7.61706886575444,7.90663555347982,0.634786059055477,15,11.6791149965207,0.7,0.759783377012029,18,4.33989673266846,0.5,0.179352024575963,0.0636867730072678,0,4.15808063339478,0.47940312472471,2020-08-18,"OBSV_1593"
"Tree_B","Insect_C","Fungi_2","SITE_0002",2022,100,18.6635377478258,95,17.9581392938521,16.7743901071097,0.355195108009502,18,19.3815521559104,0.5,0.56236543788265,15,33.2508898968476,0.6,0.563103967536606,0,0,7.88441998540439,0.186576103636296,2022-06-12,"OBSV_1057"
"Tree_A","Insect_A","Fungi_1","SITE_0005",2021,101,15.8658309433666,79.787338703033,11.7405589882328,11.3120395315222,0.99401923106052,15,15.5249961640074,0.7,0.723564851742792,12,22.3210797238445,0.8,0.976658909705439,0.342206198309815,1,5.32676653540359,1.2108200088995,2021-08-02,"OBSV_1606"
"Tree_D","Insect_A","Fungi_1","SITE_0013",2022,102,21.10486069328,71.5155193776195,65.0320133765865,49.1725134665742,0.490404257155024,15,16.1853573005364,0.7,0.754384342442762,12,17.6424064048801,0.8,0.729985150467342,0.260554545229583,0,3.72466352959488,0.510720746486037,2022-05-19,"OBSV_1407"
"Tree_D","Insect_E","Fungi_3","SITE_0005",2019,103,-4.49119970358477,95,27.0851543283417,19.3175966992391,0.642050293553621,14,7.76517306026065,0.6,0.590591459937673,10,18.6778373214542,0.9,0.509928294667679,0,0,3.70195342119486,0.811693706473811,2019-06-20,"OBSV_1512"
"Tree_C","Insect_C","Fungi_4","SITE_0012",2023,104,17.2547540623213,57.2111439225894,23.6537719175155,16.2106332498519,0.74098413742613,18,19.4024244089135,0.5,0.591106160351091,18,16.0012002409705,0.5,0.536209787825177,0.221611436701481,0,8.17400720540834,0.0577665656335168,2023-07-19,"OBSV_1489"
"Tree_C","Insect_D","Fungi_1","SITE_0008",2023,105,10.4824517064372,73.3722236848163,11.9501951721247,10.8807935527726,0.575684751966037,10,5.24643400829643,0.8,0.942481545353382,12,16.2748081632673,0.8,0.640553681338262,0,0,0.686578379058155,0.0253054250462544,2023-05-23,"OBSV_1994"
"Tree_D","Insect_C","Fungi_1","SITE_0003",2021,106,14.5301300019297,47.1309434524756,20.2792184022576,14.5450054236722,0.613480015727691,18,17.8264104230702,0.5,0.473556608031686,12,4.90725020618437,0.8,0.66644667653638,0.131740624550189,0,9.5566529259707,0.91776549422093,2021-06-07,"OBSV_1335"
"Tree_B","Insect_E","Fungi_4","SITE_0003",2022,107,13.8997346998541,30,14.1511143928878,11.3671848922067,0.916622136137448,14,13.6379790505633,0.6,0.516876835445045,18,1.13937371240716,0.5,0.517524388222022,0.241476657279478,0,6.90329599648494,0.0998374206012031,2022-06-25,"OBSV_1942"
"Tree_C","Insect_D","Fungi_2","SITE_0003",2022,108,3.66179909379977,67.8538362838861,30.5369829493591,22.0719319769789,0.712308191065677,10,7.91647358559992,0.8,0.941440564802101,15,22.2061593535915,0.6,0.429528961821274,0.188719228781876,0,0.297312730686778,0.376061890992652,2022-05-01,"OBSV_1488"
"Tree_C","Insect_E","Fungi_4","SITE_0008",2021,109,4.25994147258363,36.6798081994315,25.7393532593142,18.5716315309921,0.582233348605223,14,11.1141605066058,0.6,0.540981349798999,18,6.70839096192958,0.5,0.274240439241597,0.152435703581505,0,5.18802033282163,0.772437743773673,2021-04-05,"OBSV_1505"
"Tree_C","Insect_E","Fungi_2","SITE_0001",2021,110,5.35310938939488,58.8013333394594,7.82099248760065,5.03708965339594,0.721350653911941,14,10.9394961050248,0.6,0.678057215308409,15,15.00258921586,0.6,0.45660510223302,0.113012197361083,0,3.87539018109434,0.338324761459304,2021-06-14,"OBSV_1371"
"Tree_D","Insect_B","Fungi_3","SITE_0003",2021,111,-1.62626879891468,75.9337942364197,14.7095118457818,11.4142002708418,0.338356853835285,12,9.32096424571351,0.9,0.884714926099486,10,17.7381633074468,0.9,0.576499169852178,0,0,0.50109068467263,0.274537940251386,2021-04-03,"OBSV_1475"
"Tree_A","Insect_B","Fungi_3","SITE_0005",2018,112,-5.98554763409382,30,20.0578470128566,16.8864033777003,0.376592180551961,12,7.66391767554438,0.9,0.884710598449008,10,5.03138330072064,0.9,0.760589579911086,0.110707883351595,0,0.348236817479629,0.27052642999749,2018-06-25,"OBSV_1976"
"Tree_B","Insect_D","Fungi_2","SITE_0010",2023,113,22.7819120382417,40.3940804471217,34.8713623371866,23.269421845902,0.655229265545495,10,13.1833899973777,0.8,0.81981786380315,15,7.89354583470536,0.6,0.763840517703182,0.228145495512825,0,2.53553201461493,0.448613033376662,2023-09-23,"OBSV_1461"
"Tree_D","Insect_E","Fungi_1","SITE_0012",2023,114,18.7217719252218,76.2114702765396,15.9383629686673,11.4538879913473,0.892488515074365,14,13.9830004934907,0.6,0.61376209662029,12,19.6983852877997,0.8,0.79915045218368,0.328120412722443,1,5.90087867532655,0.619915048572293,2023-05-22,"OBSV_1018"
"Tree_B","Insect_E","Fungi_1","SITE_0002",2018,115,11.5033381764223,34.6386394852294,22.301387853488,14.430134819328,0.683649430610239,14,12.4683454993026,0.6,0.600947540050598,12,1.51221121505971,0.8,0.760745246752801,0.329335944330676,1,5.0610617466074,0.064836028913872,2018-07-11,"OBSV_1244"
"Tree_E","Insect_D","Fungi_3","SITE_0015",2019,116,29.6477275060581,33.8306285962342,10.3223612557117,7.30234813690323,0.381529567181133,10,12.1547551519917,0.8,0.881927106940584,10,2.72188356744484,0.9,1,0.0921305849614071,0,0.839213904108443,0.109375027473744,2019-07-02,"OBSV_1380"
"Tree_C","Insect_B","Fungi_2","SITE_0003",2020,117,4.68494519691226,53.4486443334767,26.7897447427939,21.0992477456824,0.630216560512781,12,8.27281862801963,0.9,0.825386583224264,15,16.1626256823131,0.6,0.497228720769811,0.120525061410512,0,0.658254506579044,0.908310042950912,2020-08-10,"OBSV_1489"
"Tree_D","Insect_C","Fungi_1","SITE_0003",2023,118,11.6592356266932,46.2207241961498,10.8114941332502,8.02514097769376,0.524456960591487,18,16.8445653829138,0.5,0.508651175857017,12,8.8983972599901,0.8,0.641942964826929,0.0660304465962138,0,8.33175518787757,0.644332551903479,2023-09-14,"OBSV_1401"
"Tree_C","Insect_E","Fungi_3","SITE_0015",2022,119,8.48730200704545,65.9432156199545,40.4063684258961,27.6903877878821,0.422920742514543,14,12.4272424280221,0.6,0.436148642958959,10,12.2748029481763,0.9,0.599426564497859,0.163966288187652,0,7.37919151474297,0.526230535987159,2022-05-05,"OBSV_1792"
"Tree_A","Insect_C","Fungi_2","SITE_0005",2022,120,-2.43605207512513,95,34.9911675897481,27.6460411794073,0.763572760345414,18,9.53182645731646,0.5,0.665711794604573,15,27.8901376148888,0.6,0.304803925467739,0.106166541221442,0,2.97898005177304,0.337906616723293,2022-06-03,"OBSV_1601"
"Tree_E","Insect_C","Fungi_1","SITE_0004",2021,121,5.39978503433035,44.3203242162085,9.96314986884519,8.31908898848779,0.413119472423568,18,15.9922702665256,0.5,0.5082554328603,12,7.1730154337546,0.8,0.718041432745927,0.0724491340543176,0,7.7015619385307,0.66490336843661,2021-06-28,"OBSV_1154"
"Tree_D","Insect_A","Fungi_1","SITE_0014",2022,122,19.5994658347728,95,8.45190266824788,6.00964461675732,0.36362209210638,15,14.0796809193751,0.7,0.518856508674657,12,26.1920863257593,0.8,0.956920323021069,0.123044642665253,0,6.12697428461919,0.0725913909196678,2022-08-20,"OBSV_1022"
"Tree_A","Insect_C","Fungi_2","SITE_0007",2023,123,2.33018824904223,81.2577225495035,23.9283115881174,18.2064397619182,0.727353851706721,18,15.1478944083046,0.5,0.473371038762986,15,26.6813832158307,0.6,0.433382673284309,0.257936340423336,0,7.8745917983767,0.424887431629476,2023-06-25,"OBSV_1586"
"Tree_D","Insect_E","Fungi_4","SITE_0013",2020,124,13.1617775918091,72.4538201562891,45.3784176342845,30.8621275805465,0.507861661887728,14,13.2073183662656,0.6,0.496282113758656,18,25.4122557212425,0.5,0.549958648568071,0.385143055673114,1,6.70508256369214,0.930072209805182,2020-06-27,"OBSV_1291"
"Tree_A","Insect_A","Fungi_4","SITE_0010",2018,125,20.9222854323549,81.3670767501623,42.3052088696188,27.5525400246034,0.630791011452675,15,20.266434146315,0.7,0.550221715928572,18,29.7200060500787,0.5,0.648673887615083,0.0409557201700299,0,8.84607891335616,1.040428411146,2018-09-02,"OBSV_1276"
"Tree_D","Insect_B","Fungi_2","SITE_0008",2022,126,13.2678971121401,30.1151224855821,18.4415231230501,9.92167895585061,0.952311179041862,12,11.8028398051534,0.9,0.901376269108371,15,4.28410759439752,0.6,0.668902157704932,0.101036384086388,0,2.44608171439726,1.15130207528492,2022-04-16,"OBSV_1569"
"Tree_D","Insect_B","Fungi_4","SITE_0002",2022,127,1.49460684343909,71.7829502696469,29.5667998766553,24.4702008314027,0.559853955241852,12,7.33412964931712,0.9,0.780048178659104,18,23.359657782729,0.5,0.358762379596677,0.0606773591325261,0,0.963157013002705,0.384662465605034,2022-07-06,"OBSV_1037"
"Tree_C","Insect_C","Fungi_4","SITE_0007",2023,128,4.53947326773624,89.6187311951827,49.5258505201408,32.9121760872231,0.666069519892335,18,14.9835007089606,0.5,0.582318498764376,18,33.906135011289,0.5,0.379605277397152,0.0675880143315245,0,5.6014551985215,0.71485014387261,2023-09-11,"OBSV_1608"
"Tree_D","Insect_E","Fungi_2","SITE_0011",2022,129,24.2026575842929,36.0629707928291,8.71258975092438,8.46255253678857,0.711425320385024,14,16.9665105907605,0.6,0.595953776300261,15,6.94161086772508,0.6,0.831361164410487,0.233041103343363,0,6.83267615287333,1.4235747351626,2022-07-02,"OBSV_1422"
"Tree_D","Insect_C","Fungi_3","SITE_0013",2018,130,10.0169343308392,46.4988953055509,60.4994832925036,42.9913644074337,0.788959532091394,18,12.9023986209288,0.5,0.405833968944763,10,9.13817439019423,0.9,0.778804037709754,0.348546869429936,1,8.42659275489038,0.078539790314877,2018-05-28,"OBSV_1706"
"Tree_D","Insect_D","Fungi_1","SITE_0014",2020,131,12.1238484654414,95,21.5382586791619,15.6872853930836,0.737508171075024,10,8.87852654480559,0.8,0.782955047519423,12,22.1273465612948,0.8,0.832687473949616,0.0350998593409108,0,1.96535048920486,0.800215067311766,2020-09-20,"OBSV_1891"
"Tree_D","Insect_B","Fungi_2","SITE_0011",2023,132,2.71380066015537,95,21.2274192749933,18.7711988129297,0.709299112623557,12,10.670128103273,0.9,0.931829932816834,15,28.9441810193259,0.6,0.571618151062887,0.13501578685518,0,1.4571173036486,0.400444395514084,2023-06-19,"OBSV_1985"
"Tree_E","Insect_C","Fungi_4","SITE_0006",2023,133,7.28601347660082,50.3016302104351,1.21913685494204,0.471489382953466,0.935682018171065,18,16.7855850210842,0.5,0.557573518618259,18,12.1110149607889,0.5,0.489650359995873,0.194492139817014,0,6.60304527560228,0.645187193540221,2023-07-12,"OBSV_1145"
"Tree_A","Insect_D","Fungi_2","SITE_0005",2022,134,-9.8425253769845,95,38.5012270393528,28.3534050727637,0.63943523238413,10,0.25672653845563,0.8,0.918289992492518,15,31.1698673314216,0.6,0.229917998455022,0.0388108085543782,0,0.581063628390483,0.425290129904409,2022-08-11,"OBSV_1273"
"Tree_A","Insect_A","Fungi_3","SITE_0010",2023,135,13.7534592227598,67.12350500041,39.5790020945479,28.1915579294841,0.932515083067119,15,16.6740109745428,0.7,0.795158704527445,10,14.0613107298547,0.9,0.73132650940108,0.171178679356271,0,2.91232675136282,0.132001195687594,2023-09-14,"OBSV_1967"
"Tree_C","Insect_A","Fungi_3","SITE_0006",2019,136,-1.82876377419849,63.7403499070761,27.6181342498926,21.064148336987,0.50791166361887,15,10.4326347312385,0.7,0.661955011044339,10,12.7268783165986,0.9,0.552699128794957,0.0243423059013326,0,3.88001603133754,0.237091872601819,2019-09-02,"OBSV_1873"
"Tree_D","Insect_E","Fungi_3","SITE_0012",2023,137,11.5375370838958,92.8493140174012,30.6347386382112,21.881717652896,0.697396346670575,14,11.6513629553025,0.6,0.618368136425948,10,20.137507998719,0.9,0.919704354148015,0.231556174957646,0,4.56386315369026,0.461632466461259,2023-08-02,"OBSV_1715"
"Tree_D","Insect_B","Fungi_1","SITE_0008",2020,138,11.9826377221731,53.6190525886706,71.9837769800396,51.7504725878148,0.971030621184036,12,12.3314724716698,0.9,0.7927782154174,12,10.0977506917186,0.8,0.735739997706729,0.410808745437254,1,2.78782649069933,0.475466262140048,2020-06-05,"OBSV_1805"
"Tree_E","Insect_B","Fungi_3","SITE_0002",2019,139,13.1889988730641,38.7859341693979,4.74932799849905,1.10974022332486,0.352087799180299,12,11.8574965519334,0.9,0.884797659396785,10,7.45370477350258,0.9,0.916472377936535,0.12425802953835,0,1.31181879191984,0.260246114262317,2019-09-02,"OBSV_1062"
"Tree_D","Insect_D","Fungi_3","SITE_0010",2022,140,9.34290702520985,73.8238403554105,13.4603490847047,10.741990337874,0.646594783244655,10,9.679939348516,0.8,0.629520302646331,10,15.3969502531037,0.9,0.692636173832093,0.175544629836458,0,4.3308403079549,0.271951819081474,2022-08-04,"OBSV_1740"
"Tree_B","Insect_E","Fungi_3","SITE_0015",2018,141,12.9001628025088,95,18.927864472443,13.0490961128198,0.806512517621741,14,13.1343598912124,0.6,0.604031794979064,10,20.1595106238913,0.9,0.916564971787917,0.185991289834806,0,5.29596125982238,0.180266604677298,2018-08-28,"OBSV_1993"
"Tree_C","Insect_A","Fungi_3","SITE_0013",2019,142,8.71578001227285,65.0120911528254,5.00618117245222,3.23737169664849,0.687881119782105,15,12.7473813754969,0.7,0.698606224511037,10,13.2085792547384,0.9,0.822583331567728,0.230554052935921,0,3.79071696881671,0.0996207922483404,2019-07-05,"OBSV_1483"
"Tree_D","Insect_B","Fungi_2","SITE_0012",2019,143,13.7167678536765,81.8974323790056,19.142402944178,16.152520228424,0.993816849822178,12,13.1964258411451,0.9,1,15,27.0055112891554,0.6,0.645462423060005,0.0181603132532203,0,-0.787298492891415,1.55337951728264,2019-09-05,"OBSV_1959"
"Tree_E","Insect_C","Fungi_1","SITE_0002",2022,144,5.08662429733175,52.3870807687451,17.4117015469201,11.205805084051,0.579479446471669,18,13.5515520533814,0.5,0.661238841260388,12,8.57846035093446,0.8,0.654749353834165,0.106369556594092,0,5.67114174542477,0.907693942308905,2022-07-10,"OBSV_1733"
"Tree_D","Insect_A","Fungi_2","SITE_0008",2020,145,16.3564189794236,30,7.39843170822666,8.55358022100026,0.875505491648801,15,11.866270012864,0.7,0.689371728653559,15,3.15925221622555,0.6,0.593548076194863,0.196109421741894,0,2.94425148519963,1.39859191693916,2020-06-20,"OBSV_1650"
"Tree_A","Insect_C","Fungi_4","SITE_0001",2018,146,0.38703028597776,43.2366610637411,45.8192743988695,33.8314868768472,0.982423537154682,18,12.749646278658,0.5,0.693955800076482,18,9.39631799571222,0.5,0.28005282839424,0.138984387225079,0,3.69344687702945,1.44511146955135,2018-07-02,"OBSV_1798"
"Tree_D","Insect_B","Fungi_1","SITE_0004",2022,147,12.0871881546021,78.8888107355798,10.5541933667748,6.74012917954484,0.709594080853276,12,13.920539347684,0.9,0.865944986578184,12,16.4749982292232,0.8,0.811067794953437,0,0,1.48212763836821,0.421187806668024,2022-06-02,"OBSV_1543"
"Tree_C","Insect_D","Fungi_2","SITE_0011",2019,148,12.6288068963629,37.475559384228,9.19660856336773,6.64995740934293,0.339289192482829,10,8.6623462709289,0.8,0.843472621429875,15,3.76613047056346,0.6,0.562791561647362,0.0267625489510857,0,2.44143364442359,0.0392674816885264,2019-09-08,"OBSV_1884"
"Tree_A","Insect_D","Fungi_3","SITE_0011",2019,149,33.7870484252115,31.9121361388278,14.5763257795623,14.797856642381,0.857745666848496,10,12.9941881480774,0.8,0.756498065577885,10,0.902515764922105,0.9,1,0.217023634952437,0,2.59101875843722,1.34030996487355,2019-09-12,"OBSV_1861"
"Tree_C","Insect_C","Fungi_3","SITE_0014",2021,150,12.0830457329316,40.2286651029412,49.8260168975479,34.9945795508515,0.387620971840806,18,15.3350417212372,0.5,0.488252346942776,10,4.87616497231845,0.9,0.920034518463282,0.124207027216376,0,7.93050703996237,0.0516842588560112,2021-08-08,"OBSV_1284"
"Tree_A","Insect_C","Fungi_3","SITE_0001",2020,151,1.60166865313176,30,41.0428598778404,26.27711669936,0.43848139194306,18,15.3437256839618,0.5,0.406399291582435,10,0.0881427961623918,0.9,0.61425069502298,0.034187765100628,0,8.87901436003783,0.429771288197532,2020-06-10,"OBSV_1473"
"Tree_A","Insect_D","Fungi_2","SITE_0009",2023,152,1.55048467136594,54.1585425088146,48.4146350317999,34.0418752462321,0.886039270786569,10,5.39913352298656,0.8,1,15,8.530902906312,0.6,0.438407259551359,0.0435642881645899,0,-0.0757332178424679,2.20051121691073,2023-08-16,"OBSV_1804"
"Tree_D","Insect_C","Fungi_1","SITE_0002",2021,153,-2.32327795140006,70.6661391815295,41.4589714541007,32.3282379802852,0.705308910622261,18,13.9885369920146,0.5,0.423214049663941,12,16.0126317170076,0.8,0.374939861459035,0.0412681054992703,0,7.68125307079143,1.19979587902041,2021-07-06,"OBSV_1095"
"Tree_B","Insect_C","Fungi_1","SITE_0005",2021,154,14.6713145826526,57.5904911117839,14.9945874246558,11.7076080779681,0.624799987720326,18,14.9198203660942,0.5,0.446755972422204,12,13.5922238016528,0.8,0.885071433348648,0.320928910333129,1,7.96506978274902,0.453025531120783,2021-08-17,"OBSV_1519"
"Tree_B","Insect_C","Fungi_1","SITE_0013",2021,155,13.9632259830721,92.3399879152432,21.5610092115425,16.536694228923,0.471072721714154,18,18.3224344138446,0.5,0.521421477227203,12,21.8015982516131,0.8,0.602589091397046,0.1551575489263,0,8.74030548968783,0.385279866783194,2021-04-09,"OBSV_1194"
"Tree_E","Insect_B","Fungi_3","SITE_0013",2021,156,44.8789368225149,60.6271887508433,14.9395816842588,7.07167402946186,0.941297864634544,12,18.1009100816068,0.9,0.863053073856326,10,12.7998563825579,0.9,1,0.127957103117828,0,1.853972268125,0.517272717003847,2021-09-18,"OBSV_1522"
"Tree_A","Insect_D","Fungi_3","SITE_0001",2019,157,8.0624345861463,78.73944141623,17.5708897898716,12.4870280302166,0.9748338741716,10,9.09426657746513,0.8,0.642880008747676,10,13.6772341810401,0.9,0.858081993954282,0.352275362154989,1,3.54897136315822,0.495780013098498,2019-09-11,"OBSV_1406"
"Tree_A","Insect_B","Fungi_1","SITE_0002",2020,158,2.16531174600199,61.1409919562911,8.13127330289354,3.77426721797344,0.785368703911081,12,9.08981797864332,0.9,0.920988401619366,12,10.7111842668005,0.8,0.605500058850004,0,0,1.02384825597576,0.362644070814209,2020-09-09,"OBSV_1006"
"Tree_A","Insect_E","Fungi_2","SITE_0011",2018,159,18.6709780914768,53.1372203064811,37.4717697058089,27.0458322253745,0.531887443992309,14,12.8146335930943,0.6,0.636002376469917,15,11.6468917129833,0.6,0.694638676322589,0.20930848612671,0,4.72270117423112,0.214826672051165,2018-04-15,"OBSV_1681"
"Tree_E","Insect_E","Fungi_1","SITE_0007",2019,160,9.90596575558137,51.3887109222355,39.1125146676,28.2986292243038,0.539170650509186,14,8.90976551025764,0.6,0.638564543353036,12,10.520537395719,0.8,0.730741082861361,0.0818730156236721,0,2.96148102563754,0.250619291315967,2019-04-17,"OBSV_1901"
"Tree_D","Insect_A","Fungi_1","SITE_0014",2020,161,5.14255904915535,88.7469440139443,3.6263230907254,1.99833831134556,0.837180479988456,15,12.6088419431001,0.7,0.752068426726323,12,24.2383964555167,0.8,0.481595046059192,0.224433667558825,0,3.2473722925039,0.184719532262605,2020-07-28,"OBSV_1242"
"Tree_E","Insect_E","Fungi_4","SITE_0012",2022,162,19.9910386409315,53.8285072449537,5.81495619906052,6.13367029279468,0.702688637631945,14,13.3450620876842,0.6,0.48885323015404,18,12.8415195810792,0.5,0.404767054748425,0.190537811550603,0,5.36303566941157,0.329394437432307,2022-05-13,"OBSV_1760"
"Tree_E","Insect_C","Fungi_3","SITE_0001",2022,163,8.61576948981217,82.8291359707545,38.2436925702623,27.6537850338758,0.781918025109917,18,15.3751624866331,0.5,0.46231708937157,10,18.9272742092982,0.9,0.627485673871087,0.147076909857518,0,8.365157719466,0.167610917798184,2022-08-06,"OBSV_1043"
"Tree_E","Insect_E","Fungi_4","SITE_0002",2020,164,-0.290761032864368,89.5785693011087,42.1781736090574,28.1757338384484,0.97488196559716,14,8.61480322580542,0.6,0.689888369517402,18,32.4453932210508,0.5,0.351823563202094,0.190422683816831,0,2.09876930939824,0.436001913615155,2020-05-23,"OBSV_1328"
"Tree_B","Insect_E","Fungi_4","SITE_0001",2018,165,9.55408179802842,30.2015761661385,42.7843830089499,33.1118950201782,0.831454036105424,14,14.9323081766274,0.6,0.701462898150905,18,3.71099355581842,0.5,0.453940428463319,0.124991566030089,0,4.42941431206374,0.849534468033802,2018-09-21,"OBSV_1386"
"Tree_B","Insect_B","Fungi_3","SITE_0005",2018,166,-7.1077331600561,95,30.1798127532549,20.2055754550794,0.564141069841571,12,6.48606603261482,0.9,0.878784483457068,10,20.1064047935201,0.9,0.605321686925089,0.0111225102370333,0,0.797698371825827,0.39492861336179,2018-07-04,"OBSV_1871"
"Tree_E","Insect_B","Fungi_1","SITE_0012",2021,167,25.487403328854,52.4205937788811,11.5866316235059,10.3301926683268,0.750260601053014,12,12.1032748542538,0.9,0.909467581744887,12,13.3625155447435,0.8,0.991319946530803,0.10890374144064,0,1.04709978583199,0.441023725202181,2021-05-16,"OBSV_1053"
"Tree_E","Insect_B","Fungi_1","SITE_0008",2020,168,0.679963837950186,54.7861970772394,35.4845009011724,25.4620362776916,0.829717643465847,12,7.45310581409475,0.9,1,12,13.0540521926336,0.8,0.62249516639211,0.0381596992355335,0,-0.0378763875040199,0.897084849408379,2020-07-06,"OBSV_1193"
"Tree_A","Insect_D","Fungi_3","SITE_0015",2020,169,7.96794693532899,43.8603858133541,37.4662672201818,25.7586377849874,0.799751624767668,10,6.69914663089912,0.8,0.951824794772012,10,3.90090875787805,0.9,0.721352625426059,0,0,1.12026998357022,1.25647353683897,2020-09-26,"OBSV_1310"
"Tree_E","Insect_E","Fungi_4","SITE_0003",2019,170,8.12829554136534,30,26.1488326098601,19.6126873525386,0.545123363821767,14,12.7244105891659,0.6,0.631505161564435,18,1.60254691753009,0.5,0.396942952132073,0.00488457352060773,0,4.2492007259249,0.782078238811955,2019-05-06,"OBSV_1339"
"Tree_A","Insect_D","Fungi_2","SITE_0005",2021,171,0.877616922066571,85.895769701002,20.014640858905,13.353916603332,0.60640219990164,10,6.79507977959407,0.8,0.818596365250285,15,22.8039942696327,0.6,0.476512502269833,0.143115121452573,0,1.02830601455595,1.30927134228875,2021-06-17,"OBSV_1332"
"Tree_D","Insect_A","Fungi_1","SITE_0008",2018,172,15.6809514706487,45.7848235645403,27.8375473880011,20.8517385348632,0.552207584003918,15,13.6687617771276,0.7,0.649861727629811,12,7.84774772517679,0.8,0.748607623748616,0.0520407768020901,0,4.79694776478288,0.989450459987511,2018-09-27,"OBSV_1568"
"Tree_B","Insect_C","Fungi_1","SITE_0015",2020,173,14.55975781408,95,31.0910411684741,20.3550942262957,0.401029903814197,18,18.5690857741133,0.5,0.458236509503813,12,24.7329565160352,0.8,0.822076395589459,0.155323370718249,0,10.0963183767133,0.0759009204161713,2020-09-02,"OBSV_1878"
"Tree_B","Insect_E","Fungi_3","SITE_0006",2021,174,8.18183007534091,72.0770523357262,9.66765012750124,9.05300992048118,0.76293075082358,14,15.9339071249494,0.6,0.474433781984218,10,11.0704619881266,0.9,0.811656463522477,0.408570972735203,1,7.66302121131192,0.19015788479798,2021-07-19,"OBSV_1502"
"Tree_D","Insect_B","Fungi_1","SITE_0008",2020,175,2.60327967405552,30,70.6615308355209,47.2830967230383,0.533818999421783,12,11.2797301807427,0.9,1,12,3.060856247907,0.8,0.562036173208816,0.013850038647429,0,-0.331326099100954,0.623892415490003,2020-09-05,"OBSV_1766"
"Tree_A","Insect_E","Fungi_2","SITE_0009",2023,176,11.3308799930153,59.9761034132375,31.5942149915777,20.8902524592133,0.469190904963762,14,11.0795386202231,0.6,0.460044174691477,15,11.6913904870048,0.6,0.519980546413941,0.0805064827765211,0,6.65390883052735,1.2036921537,2023-09-01,"OBSV_1119"
"Tree_E","Insect_E","Fungi_2","SITE_0014",2022,177,23.3746388931908,69.2760233700394,25.7969090350157,19.2409995208416,0.339102411177009,14,14.3675236542001,0.6,0.696513182805506,15,17.261207876957,0.6,0.640663067042713,0.176498044843699,0,4.6017162162794,0.45851278258793,2022-07-18,"OBSV_1419"
"Tree_A","Insect_C","Fungi_4","SITE_0008",2019,178,7.80024527395545,30,18.0434478351955,13.0414110303426,0.611936638271436,18,16.6442260696014,0.5,0.423671289372391,18,-0.702974054814776,0.5,0.455926814105638,0.321561135393442,1,9.2480045766964,0.106932959356256,2019-09-09,"OBSV_1879"
"Tree_B","Insect_D","Fungi_3","SITE_0014",2023,179,11.1703512317768,30,20.5674190486056,15.7206839058108,0.321157466992736,10,8.34686637066449,0.8,0.875613618043447,10,-1.45322478038599,0.9,0.757491215203473,0.0664982359003431,0,1.20096013246989,0.288771567676022,2023-05-07,"OBSV_1896"
"Tree_D","Insect_A","Fungi_1","SITE_0001",2019,180,16.503856999947,54.6958936837182,34.5667746460044,22.3154767332427,0.545974108413793,15,16.5318570331614,0.7,0.582466243081474,12,9.70923403344905,0.8,0.976234684517758,0.314525997417496,1,7.14869409066302,0.175054590494816,2019-07-02,"OBSV_1958"
"Tree_D","Insect_D","Fungi_1","SITE_0007",2022,181,3.05793528951583,95,100.215864780449,68.5276263805106,0.529245369136333,10,7.55288381852702,0.8,0.78122871940453,12,24.8854035357766,0.8,0.472937598572917,0.0253797792528805,0,1.6329850703712,1.09020782664252,2022-05-22,"OBSV_1953"
"Tree_D","Insect_C","Fungi_3","SITE_0015",2018,182,24.2008442736275,95,21.6015412442094,13.6506346347573,0.869225282757543,18,22.3028478257407,0.5,0.343225966533872,10,23.1011210189524,0.9,1,0.520675678184669,1,14.7203514248954,0.0280574639544379,2018-08-13,"OBSV_1193"
"Tree_E","Insect_B","Fungi_4","SITE_0014",2023,183,23.2584152142278,41.221154642328,15.7683513666253,11.960825632682,0.740092556364834,12,13.5270271480908,0.9,1,18,7.71022939319121,0.5,0.506983352620252,0.0343571481650556,0,0.0611348794901341,1.20343270837771,2023-05-24,"OBSV_1452"
"Tree_C","Insect_A","Fungi_2","SITE_0003",2022,184,-3.83090184920412,67.1093599967333,30.1053020081991,19.2603354123088,0.606078804447316,15,7.07308605555855,0.7,0.71551781262301,15,22.0216266696738,0.6,0.364771937037394,0.17251366333842,0,2.09485438774837,1.01500995559087,2022-09-07,"OBSV_1710"
"Tree_B","Insect_C","Fungi_3","SITE_0012",2020,185,26.3360137604808,92.2315857918649,27.3801346389579,16.7095103517295,0.872238643700257,18,20.6449387936494,0.5,0.517850842788995,10,17.5354506473054,0.9,1,0.274946074718452,0,10.3740756530171,0.415694023707249,2020-08-22,"OBSV_1673"
"Tree_C","Insect_B","Fungi_2","SITE_0002",2023,186,11.5785132511229,58.7692805180187,28.2145813262077,21.2592950047589,0.822611168166622,12,11.6476936019767,0.9,0.769511558151361,15,13.5933063498827,0.6,0.40066796121396,0.114109568829994,0,3.56737399680573,0.794883404927066,2023-04-22,"OBSV_1604"
"Tree_C","Insect_D","Fungi_3","SITE_0006",2022,187,19.9297508629241,62.309560448122,17.1205284859337,10.0306654146473,0.431381859979592,10,11.5777180891725,0.8,0.868009990338395,10,7.37669637270812,0.9,1,0.12537652512598,0,1.75531698157823,0.204385350041734,2022-05-05,"OBSV_1917"
"Tree_D","Insect_C","Fungi_2","SITE_0015",2021,188,-0.695505812440134,30,55.564463659797,38.6842441425516,0.553640175797045,18,11.0804814090884,0.5,0.523440897703894,15,-0.15125156488897,0.6,0.397493336765246,0.141313071281806,0,3.49451336656893,0.322995273893085,2021-05-08,"OBSV_1039"
"Tree_E","Insect_E","Fungi_4","SITE_0007",2018,189,9.10059917813344,63.8341359450167,12.236689765878,8.39076973321755,0.67958051704336,14,12.4135101084565,0.6,0.560408720565978,18,21.7011632912803,0.5,0.540372173286154,0.0702155477079273,0,5.71937225041577,0.429714824217844,2018-06-13,"OBSV_1489"
"Tree_C","Insect_C","Fungi_2","SITE_0001",2023,190,-1.17929426888539,81.1759742321323,58.7241626669871,39.3889001014526,0.824059443338774,18,12.678074584946,0.5,0.393883445646486,15,23.6693950938097,0.6,0.32560967383998,0.181442683715581,0,7.94159687430103,0.569191536629598,2023-07-24,"OBSV_1154"
"Tree_E","Insect_E","Fungi_3","SITE_0006",2022,191,11.7726069657943,38.7313198173176,20.1783452909707,17.7137650491351,0.368602659367025,14,11.6129479367068,0.6,0.602722922098195,10,2.11791871443218,0.9,0.727642393908911,0,0,4.99713654392548,0.234601403889644,2022-05-25,"OBSV_1172"
"Tree_A","Insect_A","Fungi_4","SITE_0014",2020,192,7.12230180118225,47.038949338953,22.8441155252561,16.7881125608869,0.675486220419407,15,10.1200366046312,0.7,0.640970062681602,18,10.4151124273425,0.5,0.317764122355937,0.139083338947021,0,4.17907498032399,0.613491082646997,2020-04-02,"OBSV_1176"
"Tree_A","Insect_D","Fungi_1","SITE_0006",2023,193,23.9780227292775,82.5869803252991,48.8073458604404,31.3141208271977,0.751629362953827,10,11.3150636466823,0.8,0.686224220122125,12,16.6228894336322,0.8,0.815603355502924,0.152730960022915,0,2.48380181280719,0.429485510047593,2023-08-25,"OBSV_1166"
"Tree_A","Insect_D","Fungi_1","SITE_0004",2020,194,3.94663816317465,39.0657595562176,65.4459559362916,48.9210820687508,0.302246785024181,10,8.26692982925074,0.8,0.978635112979687,12,5.8731730200089,0.8,0.496092507816445,0,0,-0.20553753036661,0.210436012638611,2020-07-08,"OBSV_1515"
"Tree_E","Insect_E","Fungi_3","SITE_0011",2020,195,32.5813371277594,41.1636807563159,31.2296482760275,20.935057072673,0.90657555940561,14,19.5190846182242,0.6,0.643214812478684,10,5.41506221950899,0.9,1,0.213572500594166,0,7.07341497648675,0.851935191731367,2020-09-06,"OBSV_1423"
"Tree_E","Insect_D","Fungi_1","SITE_0001",2019,196,3.41486012059659,52.7567229756208,58.7037070739311,39.9206144507295,0.623136856709607,10,6.64913902454554,0.8,0.738060941475477,12,8.39907668329949,0.8,0.466516262374718,0.093925734241037,0,2.28638053256282,0.200279674328969,2019-04-05,"OBSV_1624"
"Tree_E","Insect_A","Fungi_3","SITE_0005",2018,197,-1.04712005015067,85.4863490898896,9.19734288720632,5.49088822920415,0.599439937598072,15,11.4965454397636,0.7,0.848889851529185,10,16.259174345959,0.9,0.590324362435607,0,0,2.14900299092488,0.417449143609264,2018-09-17,"OBSV_1243"
"Tree_C","Insect_B","Fungi_1","SITE_0006",2018,198,-2.92132052319371,54.6463190918802,37.9267056298517,26.7546113918783,0.36562319889199,12,9.67880270034875,0.9,1,12,9.44925466781473,0.8,0.374668012066902,0,0,0.0344842760273269,1.17014360753443,2018-05-05,"OBSV_1858"
"Tree_C","Insect_B","Fungi_3","SITE_0006",2023,199,17.9190391486229,82.7470754191319,73.5530880088196,53.7268332119434,0.661134711792692,12,11.8426206706924,0.9,0.861963000890696,10,20.6416144675011,0.9,0.858934025426219,0.142312130596619,0,1.89260288064401,0.352203245230451,2023-05-09,"OBSV_1982"
"Tree_E","Insect_B","Fungi_1","SITE_0008",2019,200,15.2177922201839,57.9905325013,51.7518131734082,34.0466687137135,0.65655802723486,12,13.5686925738596,0.9,0.956017010457352,12,14.2187787684281,0.8,0.953262568672366,0,0,0.230947866919556,0.877543789574117,2019-08-13,"OBSV_1855"
"Tree_D","Insect_C","Fungi_3","SITE_0002",2022,201,-6.97198227604818,87.095077811743,34.0126768449295,22.1377802600737,0.796481468132697,18,8.39690888212845,0.5,0.573808801895935,10,20.5407325602029,0.9,0.474990710301416,0.0208966123909793,0,2.7675504422905,0.548546569907245,2022-06-28,"OBSV_1362"
"Tree_B","Insect_E","Fungi_3","SITE_0007",2019,202,5.6108553950816,40.3155232433542,52.8614087407492,34.9586832765889,0.958058399311267,14,11.3360324977348,0.6,0.609333167394307,10,8.55461011621633,0.9,0.759553569138408,0.285836260819276,0,5.26568957858389,0.461987275781694,2019-06-21,"OBSV_1653"
"Tree_B","Insect_C","Fungi_3","SITE_0005",2021,203,7.75605072880649,95,24.6936396241258,23.0307279426711,0.807805224717595,18,18.2226031117816,0.5,0.676078250271027,10,23.5097241991014,0.9,0.779135151958412,0.244179827768397,0,6.22697759611775,0.232279343003748,2021-08-20,"OBSV_1052"
"Tree_D","Insect_C","Fungi_2","SITE_0006",2019,204,19.2688310535165,30,27.9637400632924,18.2355955436889,0.491930047934875,18,19.8896528727596,0.5,0.497053957471414,15,0.495441313331717,0.6,0.656752129540935,0.375671729710286,1,9.32090743638802,0.554476017030512,2019-04-13,"OBSV_1705"
"Tree_D","Insect_D","Fungi_3","SITE_0015",2023,205,22.7231216467813,44.2754082168519,28.387772716438,19.7316118499705,0.587825920013711,10,11.4783349740737,0.8,0.683724799219525,10,8.14906994729718,0.9,0.926518353189229,0.0557803227511593,0,3.75081478032697,0.556749319306618,2023-04-13,"OBSV_1019"
"Tree_C","Insect_B","Fungi_4","SITE_0010",2022,206,18.0395521211008,75.6472296998327,27.0027491937111,20.3186478433597,0.745953266159631,12,13.4618617722964,0.9,0.834513955884757,18,26.6207856645441,0.5,0.441918458917706,0.0660727594046612,0,2.16705493926917,0.677648807656503,2022-04-17,"OBSV_1460"
"Tree_B","Insect_C","Fungi_3","SITE_0005",2018,207,7.42474462828641,60.6937447872937,19.9560086722367,10.041448457737,0.48014051807113,18,15.1236842628828,0.5,0.498717285675095,10,12.0633655619608,0.9,0.658134959010816,0.235002626256479,0,7.35135484017578,0.639985986578255,2018-08-07,"OBSV_1955"
"Tree_E","Insect_B","Fungi_4","SITE_0003",2023,208,15.5077531691561,95,27.9334998748961,16.7206810082478,0.494814822869375,12,10.9915604296436,0.9,0.805317968461315,18,34.9618930855812,0.5,0.676783508174125,0,0,1.47595848633348,0.612374285506352,2023-05-01,"OBSV_1794"
"Tree_B","Insect_D","Fungi_3","SITE_0006",2018,209,13.7983831720821,47.4904219749653,14.0807554233179,12.8020603487736,0.59930588551797,10,11.2147484583359,0.8,0.676958045373352,10,3.27003513255164,0.9,0.842611862325452,0,0,4.17597163557545,0.525922885565211,2018-06-06,"OBSV_1169"
"Tree_B","Insect_D","Fungi_3","SITE_0007",2020,210,-6.68759259822643,95,81.8091388818384,55.1326418846624,0.459314007731155,10,7.06983308340223,0.8,0.80387989961435,10,18.5313738645234,0.9,0.502036012222781,0,0,1.236166658939,0.502034275683827,2020-04-08,"OBSV_1640"
"Tree_D","Insect_A","Fungi_2","SITE_0011",2020,211,12.1259147711922,74.4690652890427,49.2264139410987,38.2971783580922,0.965373517433181,15,15.479264013844,0.7,0.739117787692546,15,21.7518712903365,0.6,0.439056954382736,0.128109828754511,0,4.13161531216898,0.660075782654657,2020-08-03,"OBSV_1521"
"Tree_A","Insect_D","Fungi_4","SITE_0009",2019,212,4.9412754368145,60.4078913435643,20.9803617857566,12.3511810964018,0.85321823854465,10,7.83621215862011,0.8,0.664344965957753,18,21.2235343016336,0.5,0.337755877434011,0,0,2.52173237322724,0.369172917335088,2019-04-03,"OBSV_1203"
"Tree_B","Insect_C","Fungi_3","SITE_0009",2023,213,14.5718770787658,71.1531446853497,31.2423850722732,21.1271219228276,0.82489655779209,18,19.0570389918232,0.5,0.429741245919039,10,15.5150045798797,0.9,0.877426838828645,0.318727062835409,1,10.04023415802,0.607771458759906,2023-06-06,"OBSV_1729"
"Tree_E","Insect_D","Fungi_2","SITE_0002",2018,214,13.0643305962696,30,21.4020981177663,12.7391503119598,0.821331711951643,10,10.5695673528749,0.8,0.792532534753992,15,-1.60013752601169,0.6,0.681867791082448,0.219583904309452,0,1.91461788191153,0.0620148094662107,2018-09-28,"OBSV_1156"
"Tree_E","Insect_A","Fungi_4","SITE_0002",2019,215,-4.81755344741083,47.2818382217736,68.2205249939291,47.5269656340473,0.554704371164553,15,8.9766933130487,0.7,0.735078823978758,18,9.93902202611428,0.5,0.461662770773762,0.0712780918498043,0,1.82211815426683,0.481164544918125,2019-08-09,"OBSV_1230"
"Tree_A","Insect_D","Fungi_2","SITE_0004",2023,216,1.4487921152842,55.9661624743656,23.0966508637468,17.3149925460551,0.834322014334612,10,7.84878954891109,0.8,0.750847239754654,15,8.39467830806428,0.6,0.475771380622585,0.174278754148563,0,2.21406650561709,0.177061020654115,2023-09-11,"OBSV_1569"
"Tree_B","Insect_C","Fungi_2","SITE_0010",2019,217,9.53948171365071,95,54.3989985307907,36.4272082625067,0.779310892987996,18,14.3251875858425,0.5,0.494843515840889,15,28.8578007550063,0.6,0.407171608387711,0.31473960767933,1,6.82490749413087,0.500348519300186,2019-07-03,"OBSV_1476"
"Tree_B","Insect_D","Fungi_4","SITE_0005",2021,218,-8.49116865914938,72.1217972190578,51.0514220107321,35.2562432726741,0.58426654660143,10,3.36621268665129,0.8,0.797072264975135,18,28.5960861007125,0.5,0.173953717205036,0.0677295899882682,0,0.233837741561998,0.160543020499613,2021-09-10,"OBSV_1692"
"Tree_A","Insect_B","Fungi_2","SITE_0004",2023,219,3.84617982991717,66.4016137757312,23.2010730866114,14.9946162441586,0.35100786681287,12,8.53612466178703,0.9,0.996266851402436,15,20.3341030179912,0.6,0.402548158355006,0.0951399146821993,0,-0.0614408163704688,0.176693707099639,2023-06-11,"OBSV_1946"
"Tree_B","Insect_B","Fungi_3","SITE_0002",2023,220,9.15216949840687,86.8112377489098,35.5308294208765,21.9114631136674,0.849546234193258,12,9.3781963750014,0.9,0.966267720327815,10,16.5649179284543,0.9,0.691387252111497,0.0802579494210439,0,0.15131142385124,0.11312203172791,2023-04-07,"OBSV_1459"
"Tree_D","Insect_E","Fungi_1","SITE_0009",2023,221,14.7618847277863,62.0564553728498,11.4611044713399,6.80135405322572,0.446903814189136,14,15.6403675432115,0.6,0.580115247006544,12,12.7225519139428,0.8,0.698067860321865,0.0196922053754551,0,6.57528654185719,0.123913129523653,2023-05-18,"OBSV_1384"
"Tree_D","Insect_C","Fungi_4","SITE_0004",2022,222,8.94997113850901,76.7226777765167,12.1356324959939,6.66720454161001,0.641456077527255,18,12.8090581961971,0.5,0.503163129986467,18,28.7688288408217,0.5,0.515375226333151,0.0391033315334961,0,6.09798613977847,0.895030119605953,2022-08-17,"OBSV_1980"
"Tree_E","Insect_D","Fungi_4","SITE_0008",2020,223,12.8336510649742,51.6579479349618,22.4442157139829,15.771377889504,0.836489379149862,10,11.9495621410327,0.8,0.614818780870413,18,11.0105542226744,0.5,0.690047060447287,0.215207707608107,0,4.79585741000985,0.125328942862578,2020-06-26,"OBSV_1820"
"Tree_A","Insect_D","Fungi_3","SITE_0002",2019,224,16.147405498949,86.3148430371494,44.913367639076,30.2263519044486,0.90519471259322,10,11.9598288685436,0.8,0.609012180386882,10,16.1825426260429,0.9,0.877491682780872,0.308972034254765,1,4.78939823832246,0.268944653984496,2019-04-26,"OBSV_1247"
"Tree_A","Insect_E","Fungi_1","SITE_0014",2022,225,11.3620472775803,77.9081320024633,2.73599102492538,5.62009046496588,0.417105757491663,14,14.0222415072738,0.6,0.763578005227928,12,21.3971666316785,0.8,0.747893752518903,0.139838059038058,0,3.94721137591785,0.631832607208335,2022-06-02,"OBSV_1480"
"Tree_E","Insect_E","Fungi_2","SITE_0009",2020,226,20.4220089590626,30,14.9179458368197,5.13706855385549,0.750139354588464,14,15.6966924660918,0.6,0.597051518854113,15,4.38931317846154,0.6,0.58436174410931,0.381340808941089,1,4.80918031947312,0.0936976050545947,2020-04-08,"OBSV_1319"
"Tree_E","Insect_C","Fungi_1","SITE_0009",2019,227,5.53015273813881,78.8202427545664,13.3990854904041,9.0730157751147,0.396821086155251,18,16.4702190053342,0.5,0.580125221043338,12,18.3672436431246,0.8,0.53863179300382,0.0410200695284144,0,7.2559936778273,0.490968521014892,2019-09-09,"OBSV_1000"
"Tree_B","Insect_C","Fungi_1","SITE_0007",2019,228,27.2714870974018,48.7235484929018,18.0354718504039,14.5212289357121,0.417531370022334,18,22.657628273229,0.5,0.417238389164773,12,9.66118777300071,0.8,1,0.0759059415546913,0,13.1708821227014,0.608468805128608,2019-06-14,"OBSV_1769"
"Tree_C","Insect_E","Fungi_4","SITE_0002",2023,229,8.87172860550274,85.3028477782315,16.0625567789734,13.1378917129479,0.844557762169279,14,14.3298785798998,0.6,0.676804161815354,18,31.7515966933896,0.5,0.452938429737961,0.0119124752384369,0,3.81740082694539,1.28675233572373,2023-08-18,"OBSV_1676"
"Tree_C","Insect_A","Fungi_3","SITE_0009",2021,230,15.5720980225971,53.6528993254917,31.4840269436922,22.796571634685,0.448564589791931,15,15.0036266735021,0.7,0.833029225984111,10,6.94966342612532,0.9,1,0,0,2.38840695698452,0.205954146393416,2021-05-23,"OBSV_1686"
"Tree_B","Insect_A","Fungi_4","SITE_0004",2021,231,1.21555621670655,58.1718113160179,43.1549377734383,30.8441852823829,0.937528802384622,15,8.76195671882219,0.7,0.946945374920468,18,19.1329510987767,0.5,0.163602184043897,0,0,-0.263927715464966,0.207015452736947,2021-09-22,"OBSV_1059"
"Tree_B","Insect_D","Fungi_1","SITE_0014",2022,232,16.2934293075768,30,21.1593027831544,14.816992597222,0.395412484416738,10,11.042044923043,0.8,0.904282432245298,12,0.101608365233158,0.8,1,0,0,0.924848624345689,0.125002112696493,2022-09-10,"OBSV_1537"
"Tree_D","Insect_A","Fungi_3","SITE_0001",2018,233,12.3311155517855,72.7634174223022,32.4039346949348,18.5437820522051,0.324871364585124,15,14.9901699474637,0.7,0.562134108380124,10,13.2246642232888,0.9,0.906669935988305,0.0730901213924629,0,6.93334169035793,0.456647548896079,2018-08-06,"OBSV_1736"
"Tree_C","Insect_A","Fungi_3","SITE_0002",2019,234,13.8718257384124,66.4319477801969,26.0926187918975,17.1021312647837,0.778406314156018,15,14.2096735346828,0.7,0.888289202409747,10,14.7089154643306,0.9,0.859108470828899,0.0199702448474499,0,1.72198340746007,2.18128238367903,2019-04-23,"OBSV_1200"
"Tree_B","Insect_C","Fungi_4","SITE_0009",2021,235,15.9431932731852,95,47.5313328649386,32.1431223562934,0.304891313565895,18,18.2073455648413,0.5,0.487452745685232,18,38.7916153022824,0.5,0.547174849224246,0,0,9.03728782753458,0.680787186784072,2021-06-01,"OBSV_1144"
"Tree_A","Insect_B","Fungi_4","SITE_0015",2020,236,17.2575029710677,48.7607615790036,17.3256740574284,11.8727453531227,0.687113542668521,12,13.8130053204069,0.9,0.833684302446959,18,13.2139709787194,0.5,0.60328164506919,0.0265552551402759,0,2.78098602191055,0.574225990007009,2020-09-20,"OBSV_1407"
"Tree_B","Insect_D","Fungi_2","SITE_0015",2021,237,16.3281156683517,30,35.8121005362418,24.0256793049754,0.630457692383789,10,8.78768352114419,0.8,0.942423901097369,15,-1.00254871288123,0.6,0.842679328483868,0.0975088849647284,0,0.809232942938164,1.30724663484441,2021-05-05,"OBSV_1750"
"Tree_A","Insect_B","Fungi_3","SITE_0013",2019,238,7.42523391838118,68.31900235204,32.1887983143912,24.1558582056572,0.977987633203156,12,8.01879730185635,0.9,0.988290956625125,10,8.97581105855168,0.9,0.863805203359631,0.0286320206719695,0,0.44382795459482,0.80541414349937,2019-07-04,"OBSV_1860"
"Tree_C","Insect_D","Fungi_2","SITE_0008",2018,239,7.62951108200692,37.9539101722384,43.6142593903925,33.4040387867571,0.453978847106919,10,7.91980113454247,0.8,0.967102829089572,15,7.01818875852052,0.6,0.522485024290393,0.0478207741483914,0,0.458665402091068,0.186815222535269,2018-09-04,"OBSV_1569"
"Tree_E","Insect_C","Fungi_4","SITE_0014",2023,240,11.760263138737,30,46.1198683317398,32.6450591705279,0.44192381312605,18,16.1232632345006,0.5,0.385014722722274,18,1.27065764773305,0.5,0.477348056436154,0.329112782131754,1,10.0944284604291,0.367325898736749,2023-08-22,"OBSV_1735"
"Tree_B","Insect_B","Fungi_3","SITE_0001",2020,241,10.764925709145,73.2642455117641,18.4429776877841,12.4463564010801,0.456878586020321,12,12.2481142751321,0.9,0.76595300962091,10,12.9947169764615,0.9,0.784028643619415,0,0,2.48982221689591,0.228289772222558,2020-08-12,"OBSV_1784"
"Tree_D","Insect_C","Fungi_1","SITE_0015",2019,242,2.30238546426347,31.018504549325,23.2311029712803,13.4918230932335,0.350268904841505,18,14.8187178154104,0.5,0.497813553844352,12,5.17221599538717,0.8,0.556507364338813,0,0,7.03986417755341,0.763525981062318,2019-09-24,"OBSV_1352"
"Tree_D","Insect_E","Fungi_4","SITE_0011",2020,243,23.7427931365527,30,52.3686897937705,35.9047218229027,0.52018970772624,14,16.0017005265599,0.6,0.413539511332045,18,1.10091273354665,0.5,0.586460540429138,0.0498138940488742,0,9.25930820352112,1.65629790882484,2020-09-08,"OBSV_1538"
"Tree_E","Insect_A","Fungi_2","SITE_0006",2023,244,14.0166175394332,49.1875383491925,23.6257702784366,12.872484377896,0.737215531687252,15,15.9418093270084,0.7,0.581114389922529,15,12.2922875915593,0.6,0.716965540750216,0.257035392208597,0,6.77343722944528,0.027054506443096,2023-09-01,"OBSV_1820"
"Tree_E","Insect_C","Fungi_1","SITE_0005",2021,245,-5.61872652483207,62.5318885840724,14.5439723436647,10.4641316113519,0.982696820376441,18,9.01731730024946,0.5,0.714459981276776,12,13.3908543743043,0.8,0.319788122680582,0.216778469011566,0,2.4184234524743,0.328802593583655,2021-07-18,"OBSV_1238"
"Tree_A","Insect_B","Fungi_1","SITE_0006",2023,246,16.4190756654334,41.2742922924343,30.105659459524,26.4948351259237,0.887295210408047,12,13.4550927127051,0.9,1,12,4.11774391685107,0.8,0.715502651779855,0,0,-0.560075358652548,0.263763196603591,2023-04-22,"OBSV_1257"
"Tree_B","Insect_C","Fungi_4","SITE_0004",2018,247,-2.06490950211336,53.2797058524033,24.3213484350147,15.4868017342954,0.571469203010201,18,11.851587782645,0.5,0.807439678359771,18,13.5473167078771,0.5,0.393864711505467,0,0,2.30944264275705,0.148136027328893,2018-07-26,"OBSV_1148"
"Tree_E","Insect_E","Fungi_4","SITE_0008",2020,248,15.1653089205238,83.1093204919341,44.2265861948725,28.6152726134447,0.324862778396346,14,13.8132124596173,0.6,0.648808263395422,18,28.7800344326388,0.5,0.297423778044302,0.188984348014609,0,5.29907616883593,0.489448750892585,2020-07-26,"OBSV_1826"
"Tree_C","Insect_D","Fungi_1","SITE_0006",2022,249,8.8544941961765,45.3195107944064,27.9133948428895,22.8058589731588,0.964830259024166,10,8.62107907334493,0.8,0.874224903221862,12,3.88502223357796,0.8,0.712640439891994,0.0875239728219698,0,1.00335158304537,0.627757476094735,2022-04-27,"OBSV_1491"
"Tree_A","Insect_E","Fungi_2","SITE_0004",2022,250,9.39718311211067,90.6172098146652,23.2394950597413,13.6199188931932,0.636611856310628,14,11.2270192854352,0.6,0.741846995733343,15,26.2329486371019,0.6,0.473432155879238,0.109966597635968,0,3.21251585952063,0.224173981788935,2022-04-13,"OBSV_1519"
"Tree_D","Insect_E","Fungi_4","SITE_0015",2023,251,23.8386875610448,83.899220710595,44.8315135644174,29.9604133475435,0.909833308914676,14,17.4468902753693,0.6,0.431825462661175,18,30.8898322827435,0.5,0.442962850413003,0.299159751789705,0,9.00936580733026,0.481502100230081,2023-08-03,"OBSV_1245"
"Tree_A","Insect_C","Fungi_2","SITE_0012",2023,252,11.4975254320761,54.9395771153184,25.9051060199976,19.5618806058921,0.974532366800122,18,15.6799652072307,0.5,0.563929416341574,15,13.6472170735459,0.6,0.578230525699752,0.303667365215992,1,6.31383243549123,0.925315872349975,2023-08-08,"OBSV_1435"
"Tree_C","Insect_A","Fungi_1","SITE_0013",2021,253,2.63182329305599,88.6753495262317,21.0405262927721,15.2515659760577,0.447748276824132,15,12.5750594987732,0.7,0.86786204105511,12,20.1040718876013,0.8,0.706234381101324,0,0,1.4620407094337,0.630872673722757,2021-04-06,"OBSV_1841"
"Tree_E","Insect_C","Fungi_4","SITE_0005",2018,254,-1.49087060093095,95,37.5217094507345,27.1610243880903,0.773117425758392,18,11.8227453688808,0.5,0.517107484099929,18,34.2465747859993,0.5,0.399730320137197,0.0816891813594295,0,6.44693170539482,0.535062848783125,2018-08-20,"OBSV_1944"
"Tree_D","Insect_A","Fungi_1","SITE_0015",2020,255,16.5957258057659,48.4268233809593,16.5689958421973,10.9428158313166,0.772213788959198,15,16.5009137003747,0.7,0.596479247708885,12,8.06581977047662,0.8,0.740849607488961,0.0989818924595255,0,7.03203182060527,0.192948817171193,2020-06-22,"OBSV_1207"
"Tree_E","Insect_E","Fungi_4","SITE_0004",2020,256,-2.32154780076032,39.5981677147156,26.2599607862049,17.0737724115852,0.915221822331659,14,10.9404068702289,0.6,0.48681081396247,18,4.10764131005435,0.5,0.204643323171351,0.0873277700244951,0,5.17857555292306,0.974403285682347,2020-09-17,"OBSV_1107"
"Tree_B","Insect_D","Fungi_4","SITE_0001",2020,257,9.46048622562597,59.3261052043995,30.7094480474063,19.7898298306832,0.792594530526549,10,9.47789273875155,0.8,0.812992032028595,18,17.1621138488159,0.5,0.550558630628213,0.0572092493650445,0,2.05623566773972,0.377943301371245,2020-05-06,"OBSV_1023"
"Tree_C","Insect_B","Fungi_1","SITE_0012",2019,258,8.52590104829235,71.960389606969,36.5003725425452,27.2016532078081,0.583891985728405,12,10.2956524052051,0.9,1,12,13.839967002466,0.8,0.70014586991119,0.136730140275201,0,-0.307417446535922,0.872796166861666,2019-08-20,"OBSV_1185"
"Tree_C","Insect_E","Fungi_2","SITE_0007",2023,259,-17.3609225091668,43.4437846691119,50.2378260133277,33.5619032225683,0.887882839213125,14,6.02308324082111,0.6,0.635333196956126,15,5.02379134388041,0.6,0.17798322679984,0,0,2.91258343468459,0.757560794695182,2023-06-24,"OBSV_1946"
"Tree_C","Insect_D","Fungi_1","SITE_0005",2022,260,27.0766166311613,30,37.7166750971023,23.5248582104341,0.518224026425742,10,13.0521878898375,0.8,0.734724075352095,12,-1.91227771063368,0.8,0.896758658502726,0,0,3.56071733259224,0.513397214000574,2022-05-27,"OBSV_1829"
"Tree_C","Insect_E","Fungi_4","SITE_0005",2021,261,-1.19024723270212,63.2653769457621,39.3598263402809,26.9316950098026,0.43601720482111,14,10.8674903345087,0.6,0.609215880407459,18,19.1867051534044,0.5,0.223367609588824,0.186336234444552,0,3.81998581391177,0.234569213816668,2021-04-12,"OBSV_1230"
"Tree_C","Insect_B","Fungi_4","SITE_0003",2021,262,12.4486871277002,65.7624634428722,61.0248274823681,43.2733137301705,0.701917051500641,12,9.21586148521803,0.9,1,18,19.2912890567409,0.5,0.742325959641903,0.140371046440438,0,0.113175017512607,0.174549462837587,2021-09-05,"OBSV_1059"
"Tree_A","Insect_C","Fungi_4","SITE_0004",2018,263,14.1298134026664,46.1054097196858,49.8509349301434,35.8068603919477,0.886087813670747,18,13.9692012601097,0.5,0.458268646200655,18,11.8541792279494,0.5,0.364811448187701,0.283427999628615,0,7.64446073119534,2.05257685478918,2018-08-11,"OBSV_1225"
"Tree_A","Insect_E","Fungi_4","SITE_0001",2021,264,-4.78053276493373,76.6837879920906,28.2319315139406,21.3087336137537,0.716108081745915,14,10.0770814168054,0.6,0.578419212327081,18,26.6066994779882,0.5,0.329177629708248,0.0731564344675114,0,3.51206781022378,0.816148790016378,2021-07-28,"OBSV_1619"
"Tree_B","Insect_B","Fungi_3","SITE_0013",2019,265,29.825578923922,95,40.721916561163,27.8682897048369,0.315271740686148,12,15.5974912057294,0.9,0.662957707161882,10,19.6434033239938,0.9,1,0.285050089880606,0,4.71413875462197,0.00963865618073381,2019-08-14,"OBSV_1741"
"Tree_C","Insect_A","Fungi_4","SITE_0004",2021,266,11.4091863450883,71.7323157296283,10.1015697156608,8.4710994759453,0.956000601057895,15,18.891935790715,0.7,0.79194766632582,18,22.8789423233416,0.5,0.746999270476036,0.294353454068433,0,3.60828558375241,0.304854314526411,2021-09-02,"OBSV_1830"
"Tree_D","Insect_E","Fungi_2","SITE_0005",2019,267,10.493842016413,95,24.7751710792959,17.8127960193201,0.617515658098273,14,13.1439255165374,0.6,0.464191651550319,15,31.342548573574,0.6,0.518618348414622,0.170554132044791,0,6.88917668632219,0.458005576439481,2019-04-21,"OBSV_1856"
"Tree_A","Insect_C","Fungi_1","SITE_0015",2022,268,16.7802620573102,53.7969511899023,45.7531869187694,31.8037696675836,0.805125438561663,18,18.1133676788737,0.5,0.780628486629391,12,10.0055672637533,0.8,0.902464691376515,0.120669676715656,0,3.30239803221601,0.207623676734943,2022-07-11,"OBSV_1013"
"Tree_B","Insect_B","Fungi_3","SITE_0002",2023,269,0.880686672479891,30,9.53327128591927,5.84242356376273,0.643684925464913,12,8.62128596752324,0.9,0.930220376509368,10,2.65616097534595,0.9,0.68797958166084,0,0,0.373151601592592,1.03906416547889,2023-08-19,"OBSV_1003"
"Tree_E","Insect_E","Fungi_2","SITE_0002",2018,270,-3.8966232056054,95,33.9522391627324,23.3888574037843,0.875382364867255,14,7.84287523980326,0.6,0.700276675576759,15,27.5321215041411,0.6,0.265959033336399,0.116363514352894,0,2.89341583451526,0.49339237710659,2018-06-20,"OBSV_1621"
"Tree_D","Insect_C","Fungi_4","SITE_0002",2020,271,0.0512761223741467,95,39.43426633522,26.8034936563844,0.745651417342015,18,15.7866614884308,0.5,0.449269145426744,18,38.0683142087597,0.5,0.372621779520758,0.185698989056073,0,9.28464517721806,1.06267168998051,2020-06-25,"OBSV_1282"
"Tree_B","Insect_A","Fungi_4","SITE_0010",2019,272,15.0727360324392,67.2082127551918,38.9864973299252,23.0000760886512,0.444082458922639,15,14.4305548032386,0.7,0.725622316158428,18,28.3925784124964,0.5,0.626842192382351,0.179477234135594,0,3.82174707217948,0.147462546423713,2019-09-09,"OBSV_1098"
"Tree_D","Insect_C","Fungi_4","SITE_0007",2021,273,-0.328004978798092,62.5553889737066,15.7257202289047,8.99440176794828,0.373322718706913,18,13.1596903585391,0.5,0.384754071642222,18,18.2650193295132,0.5,0.418292553510994,0.0810360469287273,0,8.02750800667291,0.233041911936831,2021-04-28,"OBSV_1278"
"Tree_C","Insect_E","Fungi_4","SITE_0003",2023,274,8.69535984632612,47.2906730318449,9.50886064027747,8.4680371778437,0.722789517068304,14,11.4736288265109,0.6,0.523498065701928,18,7.86109073795077,0.5,0.401049031405166,0.0823157051265211,0,4.91765288143503,1.13721157178587,2023-04-14,"OBSV_1878"
"Tree_B","Insect_E","Fungi_2","SITE_0011",2020,275,19.2585833798787,88.9285834486393,78.9837631648901,57.7318237446001,0.988686227495782,14,13.6073315756164,0.6,0.635441512260996,15,32.3737958490447,0.6,0.733259694198259,0.173111334872982,0,4.03401430588534,0.761968125025705,2020-06-15,"OBSV_1846"
"Tree_E","Insect_D","Fungi_2","SITE_0007",2018,276,1.34704192463842,47.4606602789005,31.2109238965775,25.0186435622431,0.980093495664187,10,9.34811338094298,0.8,0.978881527832442,15,10.4137612391606,0.6,0.480451980963732,0,0,-0.0102828038477242,0.802061232888611,2018-09-16,"OBSV_1554"
"Tree_C","Insect_E","Fungi_4","SITE_0008",2022,277,16.0713818471589,32.5250338397188,54.6329823690985,38.446528396623,0.978932978259399,14,15.1717315666221,0.6,0.668231488687367,18,6.06952694216275,0.5,0.386157219834049,0.130208240590081,0,4.90577484153056,0.321089986747713,2022-08-24,"OBSV_1447"
"Tree_E","Insect_D","Fungi_3","SITE_0014",2020,278,14.1729870267706,51.8885509779704,14.7044940584163,11.1599662396388,0.814009897247888,10,11.234853498779,0.8,0.826144385383128,10,8.86472935681735,0.9,0.99745818057561,0.0940734160990769,0,2.00775496623542,0.592443070404263,2020-05-08,"OBSV_1570"
"Tree_C","Insect_E","Fungi_4","SITE_0011",2021,279,4.14117107777017,30,32.6598381654534,23.6845935931391,0.342370161227882,14,10.7415004024695,0.6,0.540413494974343,18,2.33315497639942,0.5,0.427244511960674,0.0499529480711121,0,4.25066725407297,0.252065849825145,2021-08-05,"OBSV_1097"
"Tree_B","Insect_E","Fungi_1","SITE_0001",2021,280,21.8632022356987,63.9979411785237,54.9174367430154,40.9498668175256,0.700580513477325,14,16.910786929911,0.6,0.6198324645698,12,13.1216444207372,0.8,0.924511114573469,0.39408783882504,1,5.94369000902857,0.39629391458578,2021-09-12,"OBSV_1496"
"Tree_D","Insect_B","Fungi_2","SITE_0011",2018,281,28.2689168523757,62.674769721706,5.24457257387379,2.67157626273425,0.943341077514924,12,12.5444970505507,0.9,0.973957971080807,15,14.6582992502928,0.6,0.871545241277913,0.0279581747533883,0,0.44941976020371,1.11272650176475,2018-05-19,"OBSV_1572"
"Tree_A","Insect_B","Fungi_1","SITE_0015",2023,282,18.7333748153965,90.2863292130172,34.9874070776368,21.3005005411051,0.45147604837548,12,12.6716312908325,0.9,0.981782222681106,12,22.3602951668078,0.8,0.731769649191676,0,0,0.633712800982367,0.220864059620724,2023-09-20,"OBSV_1819"
"Tree_D","Insect_D","Fungi_2","SITE_0012",2021,283,17.0852412625484,51.8761909722754,11.7745918505115,5.4943595780553,0.888857544888742,10,9.17178963108551,0.8,1,15,12.3092683244359,0.6,0.691697668748843,0.000842133231392043,0,0.59533848735815,2.2755708078283,2021-08-02,"OBSV_1670"
"Tree_D","Insect_A","Fungi_4","SITE_0009",2021,284,18.5931893502645,66.0183833535986,30.6636421042613,22.7419854502138,0.616313628992066,15,12.9234918150806,0.7,0.693929306108542,18,22.5437882780302,0.5,0.609836656097689,0.136002968404871,0,3.35797599448349,0.0928858870317159,2021-05-02,"OBSV_1526"
"Tree_C","Insect_D","Fungi_3","SITE_0007",2021,285,9.46332681420113,45.5991182749075,42.9603782368248,28.5828542370368,0.612429394270293,10,8.70839058996996,0.8,0.844716261132695,10,11.4580186105381,0.9,0.688572129546689,0.120446767083756,0,1.80388657286173,0.38621217362787,2021-06-04,"OBSV_1245"
"Tree_D","Insect_A","Fungi_3","SITE_0011",2021,286,31.1416267061656,37.49988651636,53.2872909273098,37.335285729199,0.606308421189897,15,19.2079856742743,0.7,0.658931922444676,10,5.04135632526995,0.9,1,0.0705433427512589,0,6.51008831752715,0.344975308230948,2021-06-26,"OBSV_1364"
"Tree_A","Insect_D","Fungi_2","SITE_0007",2019,287,21.1003884766776,33.5939461180624,7.22694170636394,5.81076725310505,0.992745463876054,10,10.3518292756566,0.8,0.691825081107516,15,4.62199174121613,0.6,0.788354400956677,0.362685012179301,1,2.09715925048737,0.401973226992691,2019-07-26,"OBSV_1307"
"Tree_B","Insect_D","Fungi_3","SITE_0012",2018,288,6.28851625919382,86.5079679360925,42.4529966199724,27.5623375731579,0.37709872527048,10,8.98680137291935,0.8,0.824825721853797,10,21.4194872152369,0.9,0.632087805871399,0.219223238397594,0,1.65407451055596,0.290247521328728,2018-08-07,"OBSV_1129"
"Tree_B","Insect_E","Fungi_3","SITE_0003",2022,289,5.47708261595212,91.4397682529841,29.5515889657875,21.2756955536415,0.52853733941447,14,10.2158631654754,0.6,0.645784159778953,10,21.6864978150583,0.9,0.703967789585338,0.278789659052693,0,3.91287141660441,0.410162322767541,2022-09-03,"OBSV_1893"
"Tree_D","Insect_B","Fungi_1","SITE_0012",2020,290,16.1327337364074,75.8670177377652,39.2924114176767,27.5517012665975,0.728566008480266,12,14.1655954047535,0.9,0.927111801146613,12,15.8168446285228,0.8,0.849757378522531,0.19822636481319,0,1.51496098080609,2.19797291077144,2020-07-06,"OBSV_1289"
"Tree_D","Insect_A","Fungi_4","SITE_0013",2019,291,16.2697355530091,59.5851069709838,48.7104046009088,32.6856737442428,0.412213532044552,15,13.3821330532042,0.7,0.659212677137405,18,12.7511703946104,0.5,0.652272286201253,0.197911051699771,0,3.99552912213504,0.216967246565347,2019-04-15,"OBSV_1097"
"Tree_A","Insect_A","Fungi_2","SITE_0009",2023,292,2.12848244521034,74.3405284693158,31.8234914860629,22.4132267297744,0.826832482917234,15,12.2531143374474,0.7,0.696944512786636,15,22.9143905649568,0.6,0.589600211298533,0.216598527244243,0,3.55614918895496,0.71498795134736,2023-09-01,"OBSV_1509"
"Tree_E","Insect_E","Fungi_3","SITE_0002",2019,293,-2.40879328502075,76.5449431505232,23.339526026771,16.7647168059871,0.375392845040187,14,8.30389822209123,0.6,0.652031980481568,10,16.1916983868557,0.9,0.472394937413442,0,0,3.40396462936452,0.106764115043599,2019-08-19,"OBSV_1912"
"Tree_A","Insect_D","Fungi_3","SITE_0014",2023,294,15.8751305212994,40.4241574212901,16.0642572252996,10.6906381206737,0.556065077218227,10,12.6052849940933,0.8,0.840899974296532,10,7.42414224626419,0.9,0.868565847081139,0.147095675899662,0,1.88330580145376,0.0995014062648701,2023-07-21,"OBSV_1389"
"Tree_C","Insect_C","Fungi_2","SITE_0004",2022,295,4.95352049756037,54.7758972163305,102.472954277742,71.0517013484485,0.315743772615679,18,13.8625287191538,0.5,0.598015793694984,15,11.4967814524044,0.6,0.505254960273706,0.0653687323607317,0,7.17401685600417,0.0382072428121297,2022-06-13,"OBSV_1259"
"Tree_B","Insect_E","Fungi_1","SITE_0015",2021,296,8.38258653538512,58.0602090368604,27.1474280362781,16.6289611238934,0.684514041338116,14,13.3440560448538,0.6,0.467010188723096,12,10.7300104581761,0.8,0.54032202792587,0.126223230989021,0,7.32598888641641,1.20761114382869,2021-08-27,"OBSV_1371"
"Tree_E","Insect_B","Fungi_1","SITE_0008",2018,297,9.22316463713946,95,23.2398596022112,13.9104668630825,0.541103915288113,12,12.2962178873974,0.9,0.97255184581374,12,26.2679798992507,0.8,0.61746917700888,0,0,-0.234079990089284,0.212943224314038,2018-06-01,"OBSV_1511"
"Tree_A","Insect_B","Fungi_3","SITE_0012",2018,298,7.39501010024966,53.0778813110993,14.3601446498086,11.7658185133909,0.318474353570491,12,11.5905632618474,0.9,0.951615728777702,10,9.73130284017336,0.9,0.708030117303167,0,0,0.992174129123695,0.335833700992249,2018-04-25,"OBSV_1145"
"Tree_B","Insect_C","Fungi_4","SITE_0007",2018,299,7.28300319502901,76.5160207772257,16.8142454313777,11.6214004168633,0.753197785117663,18,14.4655850723705,0.5,0.377148239753299,18,28.4291116865162,0.5,0.362453789524778,0.0882027591648223,0,9.24076973808799,1.21751398695806,2018-09-11,"OBSV_1897"
"Tree_A","Insect_C","Fungi_2","SITE_0014",2019,300,18.0474791818895,58.8372249223649,34.0700528165924,26.5924116617498,0.693162433779798,18,18.7568851004427,0.5,0.295918550224762,15,17.0206538493806,0.6,0.552478320412356,0.400892964217066,1,13.0661196699557,0.534277499105098,2019-05-05,"OBSV_1910"
"Tree_A","Insect_C","Fungi_2","SITE_0008",2021,301,5.03842958052853,30,19.1242945948015,16.0997296751587,0.763957322086207,18,10.6285840596512,0.5,0.351809780954742,15,-1.25983539073534,0.6,0.496324194951045,0.313813784690612,1,7.30636143229852,1.05280556425506,2021-08-07,"OBSV_1688"
"Tree_C","Insect_D","Fungi_4","SITE_0001",2020,302,14.7843696138204,78.7651215013139,30.3367687227248,19.2354568924118,0.602633613720536,10,9.00188531188967,0.8,0.982101921561274,18,30.3839109156352,0.5,0.575491316580762,0.180362759818668,0,-0.100839730995196,0.650359069374747,2020-04-11,"OBSV_1035"
"Tree_A","Insect_D","Fungi_2","SITE_0014",2020,303,19.9756109168889,68.9381732724577,12.5589527809321,6.77423690383086,0.447169997612946,10,7.86626937324961,0.8,0.849993474293096,15,17.1312245931797,0.6,0.571348839739019,0.0293229731352268,0,0.896785878922172,0.173630554625594,2020-09-25,"OBSV_1412"
"Tree_A","Insect_C","Fungi_3","SITE_0010",2019,304,1.29213133422852,60.7271492415504,10.9269080192964,10.2794789733341,0.378348888666369,18,14.0966237984342,0.5,0.534156807758781,10,10.2223538155116,0.9,0.557414136178669,0.116008198693121,0,7.66278086989272,0.0390515142109705,2019-09-11,"OBSV_1376"
"Tree_B","Insect_E","Fungi_4","SITE_0006",2019,305,1.97078584256433,53.9727400202578,42.7157830769136,28.8781416411055,0.72636837719474,14,9.71630382529527,0.6,0.708346593551427,18,11.9132612785667,0.5,0.404552032926951,0.0943601658948609,0,2.96165045567466,0.432000167876527,2019-06-10,"OBSV_1996"
"Tree_A","Insect_B","Fungi_4","SITE_0006",2018,306,15.954577477877,81.2089761680632,29.8749600806091,18.0064512361882,0.532884387020022,12,11.449501227188,0.9,0.708500107103026,18,29.0427150225044,0.5,0.644841949947036,0.018639865732407,0,3.37041342323421,0.173871993900652,2018-05-07,"OBSV_1711"
"Tree_D","Insect_D","Fungi_2","SITE_0008",2020,307,2.65088108492938,86.6161556571387,25.5655736227051,19.8925609307536,0.617909626313485,10,7.43110320921024,0.8,0.798377845986625,15,25.7695603595301,0.6,0.303108027221548,0.150507460855892,0,1.3998288525072,0.695810103658425,2020-08-23,"OBSV_1726"
"Tree_B","Insect_B","Fungi_4","SITE_0005",2018,308,-0.0434449056431571,88.4512386089861,27.2853040358133,15.5507093176331,0.33152186749503,12,8.30905992355772,0.9,0.878257263813273,18,33.2212940551288,0.5,0.173722760985601,0.0062205552727033,0,-0.159448980832005,0.588496436082605,2018-04-06,"OBSV_1836"
"Tree_A","Insect_A","Fungi_3","SITE_0014",2018,309,27.4512605368416,37.3489815226627,46.1136878449725,31.4757699039862,0.951389089482836,15,18.2076024869618,0.7,0.623679506491511,10,0.437829519314422,0.9,1,0.350344636387552,1,7.98629133303781,0.338349340497879,2018-07-26,"OBSV_1354"
"Tree_D","Insect_E","Fungi_4","SITE_0013",2021,310,13.8237239978556,71.3858197383278,51.9749830689122,37.8358015702163,0.828010722110048,14,14.3112748540679,0.6,0.577318763674729,18,25.2029995449185,0.5,0.567539306851442,0.231597867575696,0,5.88618702234453,0.661807539935751,2021-09-28,"OBSV_1899"
"Tree_E","Insect_C","Fungi_3","SITE_0004",2023,311,5.60419586304388,88.7998823878619,33.7540213259251,24.66189656457,0.693813525279984,18,14.9972168974565,0.5,0.621192685772294,10,16.8990852351139,0.9,0.680528857691243,0,0,5.31086069467599,0.734042412918828,2023-07-10,"OBSV_1579"
"Tree_D","Insect_D","Fungi_4","SITE_0013",2022,312,8.13618288568339,30,66.7634108141449,44.3298794183365,0.826941619534045,10,9.45869002914485,0.8,0.719617359243737,18,1.11895464616491,0.5,0.540421076949275,0.0370992941871638,0,1.80874075139331,1.19364851838532,2022-09-27,"OBSV_1326"
"Tree_D","Insect_B","Fungi_1","SITE_0008",2023,313,4.13553104079646,36.3144374536409,17.4467233020727,14.8887747374827,0.885585380485281,12,11.1934787204385,0.9,0.903859287097442,12,6.03914611767893,0.8,0.650649361159571,0.196230282943838,0,1.12341683930932,0.239888229680952,2023-04-17,"OBSV_1758"
"Tree_D","Insect_B","Fungi_4","SITE_0005",2021,314,9.30931428099361,56.4969120070831,21.319236360659,15.8223007939922,0.341813156963326,12,12.2815534961194,0.9,0.82337496225206,18,16.3933618659472,0.5,0.528135625771671,0.0507632617892174,0,2.21991392267101,0.609003432146178,2021-04-09,"OBSV_1774"
"Tree_A","Insect_B","Fungi_1","SITE_0013",2023,315,13.4361201005447,34.1728173352442,20.8006230221888,14.0574453197219,0.664588814182207,12,12.8620181038058,0.9,0.756619077074648,12,2.80899523331333,0.8,0.865862372776609,0.220855162428706,0,3.46333394853436,0.0628906158654315,2023-04-28,"OBSV_1576"
"Tree_A","Insect_B","Fungi_3","SITE_0004",2022,316,15.6974650505754,48.2451339523611,9.21247838859861,5.47591752406819,0.973645611130632,12,15.3722851660498,0.9,0.638818369208101,10,6.3518708048112,0.9,0.964234806197649,0.336555383211941,1,5.32856852047689,2.21375305296807,2022-06-10,"OBSV_1740"
"Tree_C","Insect_C","Fungi_4","SITE_0012",2022,317,17.2928796104194,30,19.5503413763216,13.9020118941122,0.923880397202447,18,20.8200271974095,0.5,0.361904927194673,18,4.12965258214907,0.5,0.769845499536983,0.521899698403154,1,13.1398753018903,0.391069491091302,2022-04-07,"OBSV_1519"
"Tree_E","Insect_E","Fungi_3","SITE_0009",2020,318,9.30699091679594,95,23.5942128912665,14.2341478475618,0.440262542059645,14,10.7531765410919,0.6,0.54167333320125,10,19.8993662230675,0.9,0.672892322707292,0.0268198728370378,0,4.45731982233473,0.356098697083372,2020-04-19,"OBSV_1679"
"Tree_B","Insect_B","Fungi_1","SITE_0002",2023,319,2.45140308548107,95,72.85746104594,50.8867513108269,0.607425288087688,12,8.71280886128287,0.9,0.839647809214903,12,24.2129000116722,0.8,0.490981058239535,0.221593208867107,0,0.265697603239291,0.268619103539152,2023-06-27,"OBSV_1644"
"Tree_D","Insect_A","Fungi_3","SITE_0015",2019,320,13.3093152440069,81.1798718551295,21.796580178348,14.5185661301005,0.537930916133337,15,13.1294974149372,0.7,0.759419550138091,10,17.9661186718111,0.9,0.959601929897406,0.259422539557551,0,3.29827124044056,0.712317445844184,2019-08-26,"OBSV_1960"
"Tree_B","Insect_B","Fungi_4","SITE_0008",2023,321,4.35434403041637,30.9571225583126,43.5187326327683,30.3146303135413,0.368307044752873,12,9.72433276601351,0.9,0.831351571050494,18,4.54198650036377,0.5,0.499034717243806,0.0851519905555532,0,1.19155086013223,0.360771207049394,2023-09-22,"OBSV_1114"
"Tree_E","Insect_A","Fungi_1","SITE_0009",2021,322,3.64707902066395,95,36.3274969315963,28.8626221727274,0.968721492332406,15,12.9045575893562,0.7,0.663257675551176,12,22.3495159703327,0.8,0.536832297531997,0.187969032958385,0,4.75562264628868,0.334243815417873,2021-04-07,"OBSV_1312"
"Tree_C","Insect_A","Fungi_1","SITE_0008",2018,323,-4.35813715587507,52.8730509967286,33.3553991410517,25.1319520412653,0.892542319488712,15,8.2680345520566,0.7,0.802151305250574,12,7.8664607997644,0.8,0.605300439475716,0.223160630602709,0,1.56167275354271,0.441889874303929,2018-07-17,"OBSV_1293"
"Tree_A","Insect_E","Fungi_1","SITE_0002",2020,324,13.7290102330602,53.6391481222357,25.5244452917797,15.5074320808642,0.395926806610078,14,15.6806737136656,0.6,0.560011271679557,12,9.93285364392644,0.8,0.867796432510309,0.241491408812505,0,7.06546638367362,0.472349648521019,2020-07-25,"OBSV_1344"
"Tree_E","Insect_C","Fungi_1","SITE_0010",2023,325,6.30628954013849,87.7372595389934,34.0828110405766,23.8398870235155,0.78975295170676,18,17.5283167024294,0.5,0.513010671462145,12,23.1378867616671,0.8,0.6156617762147,0.303095658638907,1,9.13545879821531,0.615910773084646,2023-06-19,"OBSV_1990"
"Tree_D","Insect_B","Fungi_4","SITE_0006",2019,326,16.9341925367346,54.416197440092,33.9468221540682,22.6913135059401,0.886998186493292,12,14.1549799952867,0.9,0.830254898468411,18,14.1810335928282,0.5,0.599167474532606,0.172740257228801,0,2.29556464957073,0.798171000422737,2019-08-15,"OBSV_1708"
"Tree_E","Insect_E","Fungi_3","SITE_0006",2018,327,2.99888180883856,67.8345014090836,29.8506702788286,19.2947578005471,0.972952420706861,14,11.0014375281705,0.6,0.564126841303039,10,10.6078815436625,0.9,0.885403256905665,0.545591174150187,1,4.89302312068333,0.484319134579332,2018-05-12,"OBSV_1909"
"Tree_A","Insect_A","Fungi_4","SITE_0008",2023,328,-0.597983058627655,79.7303561526026,27.724697333818,18.7001190724799,0.341341584152542,15,10.4878721811149,0.7,0.715538537730955,18,30.0043657488771,0.5,0.456150064252859,0.221475925216099,0,2.96003522474279,0.353312948043468,2023-08-21,"OBSV_1473"
"Tree_C","Insect_A","Fungi_1","SITE_0010",2018,329,14.4138897899972,30,22.3909179295813,14.1656845539186,0.720218312251382,15,13.8867706469217,0.7,0.689030308902063,12,-0.923698433722023,0.8,0.6784539767584,0.226014490950989,0,4.86381905763171,0.158952201728913,2018-06-07,"OBSV_1319"
"Tree_E","Insect_B","Fungi_4","SITE_0006",2018,330,13.3135775435704,46.4128651800307,23.7087509787618,18.0090828914667,0.725291009340435,12,9.37496787510992,0.9,0.926414021116663,18,11.08597705143,0.5,0.35503185543715,0.0211153246484757,0,0.692195426067089,1.21148378083739,2018-06-09,"OBSV_1944"
"Tree_B","Insect_E","Fungi_1","SITE_0014",2022,331,22.0206484341888,57.6202717684516,10.8798366185011,5.06401451811597,0.741506611462682,14,15.2259286729857,0.6,0.757742659045123,12,12.9653286373206,0.8,1,0.0422861465858977,0,3.18194170545757,0.967411228577889,2022-04-28,"OBSV_1647"
"Tree_C","Insect_E","Fungi_4","SITE_0014",2023,332,28.3398028024195,66.5858285267182,21.8169422001,16.8214675455359,0.837776792608201,14,16.7876194178536,0.6,0.559644840555228,18,22.0804090031928,0.5,0.566465774270938,0.18217049270025,0,7.73034343623113,1.13704493236269,2023-09-02,"OBSV_1266"
"Tree_B","Insect_D","Fungi_1","SITE_0014",2019,333,23.3404479659247,59.6368322355129,21.3922386961876,21.092264592091,0.80253837108612,10,12.5480771487557,0.8,0.744902581621099,12,11.5096583874835,0.8,1,0.27362943568735,0,3.74766773217782,0.376509663267501,2019-08-19,"OBSV_1659"
"Tree_D","Insect_E","Fungi_1","SITE_0009",2022,334,5.1520719378143,82.4984389713636,13.5670491309971,10.1060844721583,0.423040809156373,14,13.966298528797,0.6,0.574891916896258,12,19.691056698365,0.8,0.691293562478214,0.0614239869935295,0,5.77059877461129,0.341870527319388,2022-07-01,"OBSV_1088"
"Tree_E","Insect_C","Fungi_1","SITE_0007",2018,335,8.89108491821185,47.9288662732196,62.1090492141752,42.0058265544444,0.446464091865346,18,16.9355330214664,0.5,0.530002399336388,12,6.27208333851783,0.8,0.605982846051398,0.178415159335099,0,7.46509315244892,0.183758153887959,2018-09-07,"OBSV_1755"
"Tree_D","Insect_D","Fungi_3","SITE_0012",2020,336,27.4373829312043,77.3669696970083,31.4646168852493,22.2863926410486,0.36474534298759,10,13.2144590574278,0.8,0.719426697721563,10,18.0505706989722,0.9,1,0.17742707049222,0,3.50165937979099,0.503108237428144,2020-07-19,"OBSV_1243"
"Tree_C","Insect_E","Fungi_1","SITE_0011",2023,337,13.8808791038354,77.5312712428971,34.9899069177602,25.3202601710843,0.924204514175653,14,13.5036716955043,0.6,0.61276937556026,12,19.264765449175,0.8,0.881314280163314,0.483043332246242,1,5.17925035824398,0.199996765899527,2023-08-17,"OBSV_1111"
"Tree_E","Insect_C","Fungi_1","SITE_0001",2022,338,14.4391368212174,63.1979975910734,16.3022299362837,13.3834299595079,0.319769722316414,18,16.3821016665972,0.5,0.422616050040993,12,12.4822823848502,0.8,0.767465829668942,0.0687507353589087,0,9.7526096301493,0.778546503779669,2022-04-18,"OBSV_1930"
"Tree_A","Insect_B","Fungi_2","SITE_0001",2018,339,-5.22845627165967,95,50.7628558054329,35.9858440304083,0.51655808610376,12,6.80220369738275,0.9,0.891186213641188,15,24.7124921632207,0.6,0.368468641459357,0.0321532441044559,0,0.439915254354658,1.40883572149762,2018-06-12,"OBSV_1064"
"Tree_B","Insect_D","Fungi_1","SITE_0008",2018,340,17.9481291988774,30,17.9031079790226,11.5214112023008,0.372366175195202,10,9.66075856118101,0.8,0.661743091298088,12,5.15699604420088,0.8,0.806441713802148,0,0,2.34620255232992,0.247646355316116,2018-04-15,"OBSV_1555"
"Tree_D","Insect_C","Fungi_4","SITE_0015",2023,341,15.8872485670582,53.8981394005832,15.9171026846244,12.3062012002354,0.452114896546118,18,19.213049737994,0.5,0.361804055737041,18,18.0945139818121,0.5,0.591839438735771,0.180894214447577,0,11.3339739680315,0.391997210318692,2023-09-15,"OBSV_1282"
"Tree_C","Insect_E","Fungi_3","SITE_0009",2018,342,6.31464472853469,65.9810135999239,2.91976046491455,0.410109478720625,0.684433511388488,14,10.2791758525573,0.6,0.595275971039812,10,11.9872156606607,0.9,0.825255891952442,0.101239095155097,0,4.51669092499108,0.931736268708963,2018-07-17,"OBSV_1507"
"Tree_C","Insect_B","Fungi_4","SITE_0015",2021,343,12.3213175843244,78.2847911670363,17.4563252039788,8.22810133643613,0.316220096824691,12,12.0936095138808,0.9,1,18,29.8432473878497,0.5,0.60626798673744,0.0904112113027097,0,0.393619222138919,0.0824263310206561,2021-05-23,"OBSV_1066"
"Tree_E","Insect_C","Fungi_3","SITE_0011",2023,344,15.0264159198039,69.5026845267543,31.7601204972041,25.5179745991316,0.44955335163977,18,18.3178766738073,0.5,0.59488498509677,10,13.7451765500074,0.9,0.91479585369788,0.126663195095462,0,7.46904603460101,0.798382822135385,2023-06-16,"OBSV_1802"
"Tree_A","Insect_A","Fungi_4","SITE_0004",2020,345,2.80323801085981,42.2489161452736,7.31124109416443,5.28532452802511,0.753099538758397,15,10.5712815740629,0.7,0.714259939795478,18,8.96810817021081,0.5,0.435167764853479,0,0,2.52618297014539,1.48568215768591,2020-07-18,"OBSV_1931"
"Tree_B","Insect_A","Fungi_1","SITE_0001",2018,346,6.8473174695837,53.1491083757144,58.212449920792,40.2196323333334,0.506713717197999,15,11.9205226498585,0.7,0.668861258779505,12,9.42693258274267,0.8,0.629812541745661,0.0587641458754969,0,3.07517244226214,0.483891146385561,2018-05-19,"OBSV_1764"
"Tree_A","Insect_E","Fungi_2","SITE_0014",2020,347,1.96206824186588,30,19.4643671128272,10.0138521940397,0.661336018168367,14,9.60620751240091,0.6,0.418441767339472,15,3.28991812414546,0.6,0.367428420000066,0.172628170576318,0,6.05076137546666,0.249889666552992,2020-06-28,"OBSV_1294"
"Tree_B","Insect_A","Fungi_1","SITE_0001",2021,348,9.9006234473741,66.4868705758784,41.062312724386,29.3858469246566,0.384404548560269,15,11.3440764863555,0.7,0.753406445368724,12,15.9009716374803,0.8,0.657261593096838,0.0337348343780879,0,2.65010667258359,0.412646142754952,2021-08-03,"OBSV_1521"
"Tree_C","Insect_E","Fungi_3","SITE_0004",2018,349,2.18881790464503,73.7079831160296,11.3755030821906,7.30944316206989,0.981625314150006,14,8.68176883641721,0.6,0.625049682846722,10,13.1470413637905,0.9,0.726618905487498,0.514167011199673,1,2.49387674894907,0.233610588623194,2018-06-02,"OBSV_1865"
"Tree_D","Insect_B","Fungi_2","SITE_0006",2021,350,17.6844140893007,40.5336436909135,21.6404475898317,15.7739835547204,0.921366317546926,12,15.1611654300018,0.9,0.807048056490966,15,5.13914429088519,0.6,0.746671980291505,0.160577800205916,0,2.38492424150058,0.942904656895657,2021-09-14,"OBSV_1403"
"Tree_D","Insect_C","Fungi_3","SITE_0008",2018,351,1.94963459194496,90.7769847445987,19.1229151587585,17.619287218462,0.417334347614087,18,13.7614785778576,0.5,0.316727231190028,10,18.2408186190789,0.9,0.78493913388681,0.309114845041435,1,8.83489722001187,0.218629660117694,2018-09-11,"OBSV_1556"
"Tree_D","Insect_B","Fungi_2","SITE_0007",2021,352,7.94357023774437,49.0640812078626,51.2021990004304,37.2483141348341,0.455351805128157,12,10.0892260908528,0.9,0.966302328678608,15,10.3532455607388,0.6,0.482171309416666,0,0,1.22609359451282,0.246371295728681,2021-09-22,"OBSV_1133"
"Tree_E","Insect_D","Fungi_1","SITE_0011",2021,353,17.2725052577258,64.8154784418901,31.2619194483634,20.5373986594274,0.35641967842821,10,9.00486126588028,0.8,0.842328369339487,12,14.3950196292668,0.8,0.61469221293885,0.0404305425282786,0,1.32363892882909,0.078808637656978,2021-05-08,"OBSV_1932"
"Tree_D","Insect_C","Fungi_1","SITE_0009",2019,354,2.65098946035786,81.7900226825983,24.9440635482982,16.4853120916014,0.730236284597777,18,14.4167704576112,0.5,0.519374920145298,12,21.1167855747661,0.8,0.457021853436641,0.0987549424975876,0,5.52473205332659,1.17989700276615,2019-05-05,"OBSV_1158"
"Tree_E","Insect_A","Fungi_2","SITE_0010",2018,355,-0.0522157980383628,71.6073025541605,21.4380520270754,13.9361160030403,0.595687802764587,15,11.7465502829124,0.7,0.717717729580494,15,23.3377815457115,0.6,0.373227408825419,0.0609658621558519,0,3.96709374758997,0.812479865018053,2018-06-25,"OBSV_1768"
"Tree_E","Insect_A","Fungi_4","SITE_0011",2022,356,15.6234377247715,81.5465073141711,44.1494091479685,30.2815307665005,0.825604379549622,15,18.1924811057434,0.7,0.696657926469518,18,27.7378896604477,0.5,0.635076657108666,0.147841976689442,0,5.68123112898401,0.480057116452667,2022-07-25,"OBSV_1013"
"Tree_A","Insect_B","Fungi_3","SITE_0001",2023,357,15.9563111580952,66.5225891127026,47.0441723706682,27.3298384598815,0.700471967831254,12,14.4445485319031,0.9,0.77528823234267,10,9.85355094031632,0.9,0.973880200633399,0.149679785047656,0,2.96356422965971,0.699058396106149,2023-09-03,"OBSV_1847"
"Tree_A","Insect_A","Fungi_2","SITE_0014",2022,358,19.3591162426959,95,9.75268819316201,9.33459218215378,0.66492444970645,15,15.3725702537703,0.7,0.5740101798557,15,29.8732590934844,0.6,0.543435574222218,0,0,6.99451746766505,0.277321942422717,2022-08-06,"OBSV_1511"
"Tree_D","Insect_D","Fungi_1","SITE_0006",2018,359,16.2783860410628,30,43.2613649163347,33.3400567757952,0.973957421863451,10,10.0313102952591,0.8,0.953696648861514,12,0.770723635899377,0.8,0.918661177938053,0.0358962307746123,0,0.429765243553812,1.17066343917362,2018-04-11,"OBSV_1966"
"Tree_C","Insect_B","Fungi_1","SITE_0014",2021,360,23.5860634880639,59.0002190732489,27.4865581254381,21.1493631911872,0.640230989642441,12,17.4460222637993,0.9,0.799170061733895,12,14.1036615019931,0.8,1,0.171253964634795,0,4.54180490642237,0.979293072323019,2021-07-13,"OBSV_1624"
"Tree_E","Insect_A","Fungi_4","SITE_0012",2023,361,16.9897747256117,33.8895672938665,20.4250533165594,14.9716063812828,0.845110288518481,15,15.2030982155367,0.7,0.777958339890906,18,4.90176504891067,0.5,0.478806285402005,0,0,3.58013461667773,0.471158886475172,2023-08-10,"OBSV_1815"
"Tree_D","Insect_E","Fungi_3","SITE_0001",2019,362,10.8676250181694,95,47.8890627034398,33.7604757892478,0.58005934425164,14,11.120909617408,0.6,0.680836948440376,10,19.6489046793587,0.9,0.837644326974899,0.226788146160806,0,3.96156332038186,0.538468692522349,2019-07-26,"OBSV_1894"
"Tree_B","Insect_B","Fungi_2","SITE_0014",2020,363,9.67855407226409,30,33.6387669729957,23.3151902733716,0.42656684666872,12,10.1163996334277,0.9,1,15,-0.717027422751841,0.6,0.432130144292189,0,0,0.114178869719595,0.430065173944318,2020-05-03,"OBSV_1113"
"Tree_A","Insect_C","Fungi_1","SITE_0002",2022,364,1.56177533465252,30,31.0292391817143,22.5885007528916,0.5611821196042,18,14.974024173521,0.5,0.522267481763806,12,1.03066274104992,0.8,0.637826423892639,0.138007167978146,0,6.84733422816748,0.218982516281047,2022-08-20,"OBSV_1058"
"Tree_A","Insect_A","Fungi_3","SITE_0014",2020,365,15.3499910447758,46.1226022080138,13.8252696218805,10.4953094312901,0.903078802488744,15,13.9215685418207,0.7,0.653790860308031,10,7.88266885240105,0.9,1,0.154493284197938,0,4.66956919895504,0.834807388621903,2020-06-04,"OBSV_1761"
"Tree_B","Insect_C","Fungi_1","SITE_0003",2022,366,14.1364442410185,55.3966494045702,46.1120600167534,31.5987393227455,0.721553738741204,18,18.6508969600682,0.5,0.457157390004169,12,7.94277866289293,0.8,0.723604513955981,0.101969278098467,0,9.4486001631589,0.678513149713242,2022-09-13,"OBSV_1523"
"Tree_E","Insect_A","Fungi_3","SITE_0005",2018,367,12.3741126827221,74.0034457235422,15.1511910950792,11.3880719578856,0.49824477059301,15,13.5327519161332,0.7,0.788045384778262,10,14.3481511653066,0.9,0.965235851094217,0.104230323930618,0,2.85891542105312,0.368833154697822,2018-05-20,"OBSV_1269"
"Tree_D","Insect_D","Fungi_1","SITE_0010",2022,368,-3.71752241821341,30,16.7623167239215,8.66921820473532,0.439930410310626,10,7.29067160137151,0.8,0.766313733205973,12,2.65805866743867,0.8,0.49626639886567,0,0,2.14273912614174,0.742307502271624,2022-06-26,"OBSV_1297"
"Tree_B","Insect_E","Fungi_2","SITE_0014",2021,369,3.31777372310987,30,29.8226301827275,19.6397134210087,0.930894718226045,14,11.8870892929131,0.6,0.696619843196006,15,4.68182817740012,0.6,0.282633296284694,0.0456722285074978,0,3.35576744980706,0.484397521410753,2021-08-17,"OBSV_1075"
"Tree_E","Insect_A","Fungi_4","SITE_0006",2021,370,19.2231216655464,77.6852726254142,36.7825235113961,26.68540968268,0.387542633176781,15,14.1273112615949,0.7,0.663967155637757,18,28.8177212983018,0.5,0.400480982465357,0,0,5.02504425358648,0.172903219993382,2021-07-28,"OBSV_1292"
"Tree_E","Insect_A","Fungi_4","SITE_0007",2020,371,10.5297563965488,60.5178052222785,15.6969688452866,10.7343009931357,0.735915814270265,15,12.8576399449963,0.7,0.6817358399725,18,21.4504184987472,0.5,0.431397677873224,0.0708278835385888,0,4.06655231394294,0.413096327869618,2020-06-19,"OBSV_1868"
"Tree_E","Insect_A","Fungi_4","SITE_0014",2022,372,0.992443729281797,59.8696320590471,9.77707950428058,5.21850164649518,0.554820424388163,15,11.9158843638829,0.7,0.699709268715445,18,19.4499454031083,0.5,0.36277331648738,0.205757800228716,0,4.69556550233924,0.296141079442226,2022-04-05,"OBSV_1782"
"Tree_B","Insect_E","Fungi_3","SITE_0003",2021,373,13.5720665585786,69.7481583400199,11.9809244385722,9.28297816838481,0.600419090874493,14,15.2362883919064,0.6,0.53066955358846,10,14.3289273884238,0.9,0.835993016322826,0.178515583257396,0,6.87650107360612,0.146299065141887,2021-09-10,"OBSV_1061"
"Tree_B","Insect_D","Fungi_1","SITE_0008",2018,374,7.05220756773609,48.3600589233197,7.83259857166743,4.65914369967468,0.646701111691073,10,7.74483548443991,0.8,0.884064781605793,12,9.77746687769962,0.8,0.603617638672254,0.0740388230738423,0,1.69965272661868,0.923947426376683,2018-09-11,"OBSV_1701"
"Tree_C","Insect_A","Fungi_3","SITE_0014",2021,375,17.5506947345717,53.3683803614627,29.4150489206421,21.2769577716146,0.633847391349263,15,15.2308493203358,0.7,0.533628547410192,10,6.77959023341436,0.9,0.886893552453953,0.425684107827044,1,7.91579211563265,0.129773870315199,2021-07-15,"OBSV_1197"
"Tree_E","Insect_A","Fungi_1","SITE_0010",2020,376,1.2721834351204,30,24.8449719738672,15.9837164257042,0.568667024141178,15,7.78104627150229,0.7,0.767339690374149,12,2.89669139438888,0.8,0.650083801773472,0.296456146934517,0,1.70640194139334,0.110130732590696,2020-08-13,"OBSV_1048"
"Tree_C","Insect_E","Fungi_3","SITE_0005",2022,377,-9.02795327973976,40.4620838612812,34.5089390504468,23.8328963311405,0.887817195337266,14,6.39758861430868,0.6,0.731629951445233,10,3.12691396857954,0.9,0.473869048394968,0.144294812968637,0,1.5274278107047,0.748663769506769,2022-08-14,"OBSV_1782"
"Tree_D","Insect_B","Fungi_3","SITE_0004",2022,378,18.5468098052361,73.532235183602,30.7424985245882,19.4410897757972,0.985803241282701,12,14.3945761353669,0.9,0.635056406254435,10,13.5298658375299,0.9,0.93626115002697,0.455015340491219,1,6.09639697219615,0.363164151778879,2022-05-27,"OBSV_1784"
"Tree_C","Insect_A","Fungi_1","SITE_0013",2018,379,13.2759336623959,84.4294199015101,61.6908798149899,42.4678558632729,0.377182386256754,15,14.0115945517182,0.7,0.623462827168081,12,23.5097764891298,0.8,0.808783603664027,0.0590336498554654,0,5.28597642295708,0.338358924778236,2018-07-07,"OBSV_1104"
"Tree_B","Insect_E","Fungi_1","SITE_0002",2018,380,8.0433124143732,95,9.33081791613218,8.4502508914241,0.764949075784534,14,12.6924347235156,0.6,0.510505006645539,12,23.5023895890397,0.8,0.580877792207964,0.19568336778387,0,6.1112557115778,1.27884051935653,2018-06-23,"OBSV_1202"
"Tree_E","Insect_A","Fungi_3","SITE_0003",2021,381,-6.38100886434766,67.0994476450577,38.994281913369,31.2222861761343,0.691438205423765,15,7.65323772101603,0.7,0.658950110907807,10,12.3122037932978,0.9,0.479987082399256,0.167602587780592,0,2.82827961772816,0.570817434018793,2021-09-01,"OBSV_1538"
"Tree_D","Insect_C","Fungi_2","SITE_0007",2022,382,11.5976538818618,37.7520279208595,31.1372152264549,22.6472592097907,0.319469114765525,18,17.7803572198726,0.5,0.630845294649982,15,6.46491540639289,0.6,0.596011438600085,0.155801587734608,0,5.88348985778254,0.394158077022552,2022-05-08,"OBSV_1206"
"Tree_E","Insect_E","Fungi_3","SITE_0009",2022,383,15.1212060065495,51.2999456390481,52.8245518310814,36.9230237570501,0.337382135773078,14,13.5212395315094,0.6,0.692765154392275,10,7.24610084151987,0.9,0.727147640964925,0,0,3.72823789124622,0.640779312420737,2022-09-18,"OBSV_1947"
"Tree_B","Insect_D","Fungi_3","SITE_0014",2021,384,10.3706552720165,48.391819085772,48.5866264277492,33.387111976228,0.980504136392847,10,11.0976610132597,0.8,0.580429581317559,10,8.68575934510878,0.9,0.920020994331067,0.371102813788739,1,3.77200241073032,0.556103434576404,2021-08-17,"OBSV_1125"
"Tree_D","Insect_A","Fungi_4","SITE_0010",2018,385,9.48035024527215,44.1652150184318,28.2032953065888,21.2931448419339,0.325686471164226,15,13.8302432477237,0.7,0.70199325397057,18,8.01051018633128,0.5,0.454418160423294,0,0,3.99150087605083,0.0302839939957481,2018-06-04,"OBSV_1102"
"Tree_D","Insect_A","Fungi_1","SITE_0005",2023,386,-1.41572942741234,93.9973650246397,23.1257249871139,17.1060160681857,0.817759310617111,15,12.9198584906979,0.7,0.735929642463449,12,20.07852930955,0.8,0.629092768788309,0.283030519171221,0,2.91584233725042,1.6253180849488,2023-05-21,"OBSV_1423"
"Tree_A","Insect_B","Fungi_1","SITE_0007",2019,387,13.6781083774113,68.790325106858,17.1531313555238,13.056182788655,0.630196068855003,12,11.0955002320343,0.9,0.922345569024368,12,13.5408247749215,0.8,0.812076710346011,0,0,1.06324850492111,0.472093493101194,2019-09-01,"OBSV_1531"
"Tree_D","Insect_B","Fungi_3","SITE_0011",2023,388,21.0477077450181,48.3361301393212,30.8279615898215,22.2594763578507,0.662988485628739,12,13.3894830260119,0.9,0.932577694392672,10,5.82760872786885,0.9,1,0.148400839341527,0,0.874946357064755,0.455125187926149,2023-09-08,"OBSV_1297"
"Tree_C","Insect_C","Fungi_2","SITE_0013",2021,389,14.4460622581488,88.2576505552938,58.4581982146066,39.5066127972567,0.581140158837661,18,20.4500333543403,0.5,0.559286567049938,15,25.835428573379,0.6,0.652166073940695,0.117003351541656,0,8.61927595991735,0.30578106299039,2021-06-10,"OBSV_1627"
"Tree_C","Insect_D","Fungi_3","SITE_0002",2018,390,8.86826378031958,71.9845840909502,42.4907686108093,31.4105426196326,0.466886617802083,10,8.29053351624076,0.8,0.705494787269215,10,13.0151956074096,0.9,0.687318823768526,0.128724008292413,0,2.96563872449687,0.550893023428301,2018-09-07,"OBSV_1414"
"Tree_C","Insect_E","Fungi_1","SITE_0002",2021,391,-8.02841699809237,50.0659225254793,24.875530148477,14.9303713303158,0.483520983974449,14,7.14651672431429,0.6,0.680395948900818,12,5.78987715677713,0.8,0.438126739559921,0.114382585116894,0,2.15107335315775,0.186661823587813,2021-06-18,"OBSV_1716"
"Tree_D","Insect_D","Fungi_4","SITE_0005",2018,392,-7.86012184062979,69.5324570422302,23.7459748737806,14.1783744994809,0.914778090990148,10,5.78486170869899,0.8,0.889854396860132,18,22.7404477426762,0.5,0.296093763598189,0.0820608198805369,0,0.125244795936397,1.23222736279687,2018-08-19,"OBSV_1607"
"Tree_B","Insect_C","Fungi_3","SITE_0004",2019,393,0.64464610028048,86.0601528354807,30.429095432182,22.5791817797543,0.566152101382613,18,13.9328792270583,0.5,0.532469466116891,10,16.2071024991274,0.9,0.76283712108819,0.164922844744332,0,6.75040766971927,0.730966113233856,2019-08-01,"OBSV_1980"
"Tree_A","Insect_E","Fungi_4","SITE_0001",2018,394,6.73035542655151,30,35.6506816305101,23.2084502176259,0.38937344700098,14,12.4451763559934,0.6,0.623958531869978,18,1.77074170341064,0.5,0.169107871174093,0.0831872714993509,0,4.45240566706784,0.359960000002353,2018-07-01,"OBSV_1289"
"Tree_B","Insect_A","Fungi_4","SITE_0009",2021,395,4.0566573444175,44.984712634338,10.6057846400809,8.47341432024412,0.387067296472378,15,12.8594769155132,0.7,0.739697438696936,18,11.4561900998865,0.5,0.319811705587522,0.107429415632858,0,4.18503100624411,0.263668971476781,2021-09-27,"OBSV_1923"
"Tree_A","Insect_A","Fungi_2","SITE_0005",2019,396,5.28030712032502,71.3153640990279,37.9842506062586,26.9786807512394,0.949971299502067,15,14.3079322281759,0.7,0.712967088725751,15,16.9820543794497,0.6,0.708366193224294,0.215215478440912,0,5.18256504470295,0.194724960225875,2019-09-20,"OBSV_1418"
"Tree_E","Insect_D","Fungi_4","SITE_0008",2019,397,-2.27680521634249,95,8.42276976798895,7.26236012576812,0.388420396507718,10,7.01981282599165,0.8,0.799745528349675,18,35.657837264111,0.5,0.392136422690112,0,0,1.24104350814642,0.1938028449821,2019-08-10,"OBSV_1152"
"Tree_D","Insect_B","Fungi_1","SITE_0008",2019,398,1.55750016562606,74.4940465559939,15.6687526144146,11.0680810923012,0.420971893938258,12,8.4583763498363,0.9,0.939513301702448,12,15.0356899183522,0.8,0.454364543657638,0.0938054138028902,0,-0.216539094037306,0.363591280718291,2019-07-20,"OBSV_1601"
"Tree_C","Insect_C","Fungi_2","SITE_0001",2021,399,-3.0152963331844,39.709506513509,3.20475712106232,2.57972941360011,0.334236024320126,18,12.7836421166543,0.5,0.563104844388986,15,6.04687993401879,0.6,0.351986674577722,0,0,5.74762835208914,0.135772837704501,2021-09-14,"OBSV_1643"
"Tree_B","Insect_D","Fungi_1","SITE_0011",2018,400,0.632128996813496,91.2280849545283,18.2892008477958,14.2809513044395,0.556232232786715,10,8.02632062684534,0.8,0.699413601491494,12,22.8992018759652,0.8,0.49561923731492,0.02725794368896,0,2.46541519789733,0.738650290521138,2018-09-28,"OBSV_1833"
"Tree_A","Insect_D","Fungi_3","SITE_0008",2019,401,14.4774882382251,64.0618847644793,18.0900280256407,14.0000555571893,0.515918134548701,10,9.52165690172341,0.8,0.656131062843343,10,12.1296138860112,0.9,0.85153475821684,0.127989881043095,0,3.56944647367342,0.682441959040928,2019-08-04,"OBSV_1906"
"Tree_A","Insect_C","Fungi_3","SITE_0011",2018,402,17.3887493257248,64.1002037190047,39.5347274089545,30.8840620952692,0.880171520030126,18,21.8776732369565,0.5,0.574401406196308,10,10.1882946125706,0.9,0.936140886434801,0.366327269391006,1,9.91928768632722,0.634624499800422,2018-05-21,"OBSV_1420"
"Tree_D","Insect_D","Fungi_4","SITE_0006",2018,403,0.827295695929433,95,35.1732534299062,25.0293671996698,0.377342348638922,10,8.64286527553815,0.8,0.883985880282935,18,36.0977572979778,0.5,0.375033419663996,0.0253523959228973,0,0.516762983839045,0.375270466717758,2018-09-23,"OBSV_1476"
"Tree_D","Insect_D","Fungi_3","SITE_0010",2023,404,30.8449833278325,48.0475570173935,26.2287867356082,16.4910651645913,0.634964859485626,10,13.4304062153845,0.8,0.902681737260388,10,6.94638029370152,0.9,1,0.0540293917143782,0,1.73847985975474,0.233186667431589,2023-05-25,"OBSV_1643"
"Tree_D","Insect_B","Fungi_4","SITE_0010",2022,405,11.3739661719715,95,11.7542716477043,11.4455099791272,0.372592265997082,12,9.86663048051055,0.9,0.840234415177932,18,37.3832915606789,0.5,0.558487402358336,0.146722123466921,0,1.71851088425628,0.484225351599934,2022-09-15,"OBSV_1770"
"Tree_D","Insect_C","Fungi_4","SITE_0004",2023,406,11.0365578417482,54.2634041789013,18.7241934705057,17.6033446629803,0.524319133046083,18,16.6294663949244,0.5,0.514826718176412,18,15.7810607800826,0.5,0.440161150717291,0.0673755039874004,0,8.3400097314651,0.574234373212062,2023-05-26,"OBSV_1073"
"Tree_C","Insect_C","Fungi_1","SITE_0012",2023,407,25.0494437794802,95,27.2122504570893,16.1284208040669,0.998505279514939,18,22.9822597755427,0.5,0.340794683164015,12,25.4598787274796,0.8,1,0.636742735651619,1,14.9289174023148,0.515886918649251,2023-09-10,"OBSV_1113"
"Tree_A","Insect_E","Fungi_4","SITE_0002",2021,408,4.6138578811437,87.3125476812154,22.8726943208714,18.1896218696866,0.633539009420201,14,12.6334181181787,0.6,0.663252398440517,18,31.3311031319211,0.5,0.428574842332549,0.171914049137603,0,4.39097626285036,1.23025279222576,2021-09-12,"OBSV_1015"
"Tree_B","Insect_A","Fungi_2","SITE_0007",2018,409,-6.81095972515649,52.9817088615506,10.7214554863818,11.0227621463705,0.600094933155924,15,9.78490507749685,0.7,0.681276262531313,15,13.3453814928658,0.6,0.277244391458668,0.165612061331114,0,2.61906532729888,0.13469309335208,2018-06-04,"OBSV_1121"
"Tree_A","Insect_C","Fungi_2","SITE_0002",2019,410,-6.06762079909866,46.5915506723589,15.0400091898272,9.29953015089788,0.54253259699326,18,12.5424929800342,0.5,0.513164913876187,15,5.21297368474189,0.6,0.267416989258161,0,0,5.90127600445198,0.164274239093022,2019-08-25,"OBSV_1791"
"Tree_A","Insect_C","Fungi_3","SITE_0002",2019,411,14.6309953114966,30,35.4352158856171,25.1423901237721,0.661479608900845,18,18.4968764700785,0.5,0.542493749928832,10,3.80275922897709,0.9,0.86617255630609,0.206585330148854,0,9.24889441304004,0.507778063908981,2019-07-28,"OBSV_1943"
"Tree_D","Insect_C","Fungi_3","SITE_0003",2021,412,-3.30686986699597,44.8821787739508,30.4374124484122,22.4390406094411,0.694684450072236,18,11.0172478921765,0.5,0.286521824252035,10,7.61599775332541,0.9,0.556127739836408,0.363988297339805,1,7.9138513640321,0.347554527813897,2021-09-05,"OBSV_1770"
"Tree_E","Insect_A","Fungi_4","SITE_0010",2023,413,-1.645890426689,30,17.7849888485573,10.6020198240917,0.308592046005651,15,10.9273813636718,0.7,0.65746523909267,18,3.59932156413302,0.5,0.295097464583913,0,0,4.00250803276382,0.311067550467318,2023-05-24,"OBSV_1836"
"Tree_A","Insect_E","Fungi_4","SITE_0015",2018,414,17.619890648346,30,59.0849775754142,41.8766567945143,0.647788599552587,14,16.9569793204874,0.6,0.623115923355592,18,6.78579511937316,0.5,0.432619690390324,0.121250161440557,0,6.61137160606672,1.03954530537,2018-09-12,"OBSV_1524"
"Tree_E","Insect_B","Fungi_3","SITE_0007",2021,415,20.3209978542807,30,37.4151754941255,22.5817945505443,0.788611753471196,12,15.6718991867156,0.9,0.911514197086862,10,-2.00115156729021,0.9,1,0.138732761881936,0,1.46299653996497,1.04660697147973,2021-07-13,"OBSV_1931"
"Tree_D","Insect_B","Fungi_1","SITE_0013",2020,416,16.9180795557237,74.7603295479845,11.568059405198,9.36712430614337,0.502298752777278,12,11.6283041694067,0.9,0.963483497675612,12,19.2870683205219,0.8,0.545781665830086,0.115582663598613,0,0.616855838934236,1.03908401080872,2020-04-16,"OBSV_1331"
"Tree_A","Insect_B","Fungi_1","SITE_0003",2018,417,-6.46329583097781,74.2576364197378,6.60655132348935,4.08946357280592,0.595580422598869,12,5.80100007100655,0.9,1,12,18.0142744274269,0.8,0.523738567737123,0.0515060501564653,0,0.855087356101397,0.189065246106336,2018-09-16,"OBSV_1424"
"Tree_A","Insect_B","Fungi_2","SITE_0007",2022,418,20.6287243330181,88.2004704674872,12.8462660710659,11.4546109658255,0.32332146265544,12,14.6243694739472,0.9,0.696558453997507,15,30.6925366346349,0.6,0.773127743499282,0.0907556394033868,0,4.96759398852734,0.36257103347076,2022-05-07,"OBSV_1374"
"Tree_E","Insect_C","Fungi_2","SITE_0002",2021,419,5.19658572461047,54.7694665244051,45.3024037669066,30.6812038966944,0.762133864429779,18,12.9170923577225,0.5,0.383412434841319,15,11.3435690587984,0.6,0.371105549454485,0.039296102397899,0,8.67497150053566,1.27284821262928,2021-09-06,"OBSV_1885"
"Tree_D","Insect_A","Fungi_1","SITE_0010",2020,420,9.3524069330047,65.7876287069775,5.22549893957838,2.68178298602706,0.750855113542639,15,14.1494027791366,0.7,0.753978678473219,12,13.5203156935162,0.8,0.588737343665011,0.0949513701900396,0,4.50034980933856,1.90306162639635,2020-08-12,"OBSV_1245"
"Tree_C","Insect_B","Fungi_4","SITE_0013",2019,421,4.37423522133884,45.7507775544488,43.9996378045582,33.0480035457763,0.415417127707042,12,12.4681278240949,0.9,1,18,11.8125912735478,0.5,0.330296009673635,0,0,-0.507289398216879,0.209410634659575,2019-09-25,"OBSV_1592"
"Tree_B","Insect_E","Fungi_1","SITE_0009",2022,422,-2.19315172861953,84.4364336154491,18.908566664758,14.0874275071881,0.807873166142963,14,8.58047608877104,0.6,0.542510268831859,12,20.2891368718156,0.8,0.32272461823845,0.044072430844277,0,4.48236442554022,0.661777200319501,2022-08-06,"OBSV_1621"
"Tree_B","Insect_A","Fungi_4","SITE_0002",2019,423,-8.28280246845528,42.7501055033864,6.3629178103549,1.3625419059617,0.32437543484848,15,9.29407663779477,0.7,0.826834389635285,18,8.05223764142609,0.5,0.160334325917475,0.0918150181130943,0,1.64861877565579,0.168442771884198,2019-07-27,"OBSV_1322"
"Tree_A","Insect_E","Fungi_2","SITE_0005",2018,424,8.23107068974135,95,22.4392330065052,14.4994563338326,0.628206463344395,14,13.0008695845678,0.6,0.39793053824382,15,31.2211896530361,0.6,0.469008326117319,0.157715384689851,0,7.86748515946741,0.862037046664901,2018-07-14,"OBSV_1094"
"Tree_E","Insect_C","Fungi_4","SITE_0003",2023,425,2.98004796166531,69.35869372012,26.6958608576684,18.0258435983297,0.834114578878507,18,12.8085851251978,0.5,0.469647612439584,18,24.0279903628772,0.5,0.307881829135185,0.173291577904417,0,7.03254534047427,1.99935885646982,2023-06-12,"OBSV_1917"
"Tree_C","Insect_D","Fungi_2","SITE_0011",2023,426,6.35897790492057,78.2663764201003,20.500655672721,14.3118772097214,0.405345926596783,10,5.35930219215241,0.8,0.844426773935496,15,20.1666635478679,0.6,0.57188696430848,0.146223144163233,0,0.0867194769973784,0.173477776030942,2023-09-12,"OBSV_1863"
"Tree_D","Insect_B","Fungi_1","SITE_0008",2022,427,-0.100221879864151,42.8434744770381,49.6214581410842,33.6977435510296,0.420080074761063,12,7.24623130246272,0.9,0.791999713498544,12,5.88019413075976,0.8,0.66625159316121,0.124964013488872,0,1.71711573224157,0.3117452541099,2022-08-03,"OBSV_1731"
"Tree_D","Insect_A","Fungi_3","SITE_0009",2018,428,-11.6865648617604,60.5649254921375,24.9515391099785,14.0619307611954,0.856797776184976,15,4.48041978341404,0.7,0.735909662203914,10,9.24354476044202,0.9,0.33768830974738,0.161571242786091,0,0.61158435826981,1.03670177563009,2018-05-10,"OBSV_1756"
"Tree_A","Insect_D","Fungi_3","SITE_0014",2022,429,25.9324613401588,47.957012547794,49.0932985892825,33.6727755446607,0.612953528924845,10,11.8522996711186,0.8,0.677265561113087,10,5.35985809900845,0.9,1,0.128160618817479,0,4.06586704901084,1.2005001224102,2022-06-19,"OBSV_1184"
"Tree_A","Insect_D","Fungi_2","SITE_0006",2019,430,8.98087985080497,30,22.3790071779212,16.5496226092681,0.999052042677067,10,10.8722735940614,0.8,0.871697900648012,15,-1.38915160994682,0.6,0.606763953212987,0.054812988940909,0,2.05679885202309,1.0046444201205,2019-04-15,"OBSV_1113"
"Tree_B","Insect_A","Fungi_1","SITE_0013",2020,431,19.7243739529882,42.696918376011,32.3182988667793,23.6015077313312,0.454990055249073,15,18.8923418042297,0.7,0.604181123361304,12,9.28983868574909,0.8,0.997613304928423,0.277758282081514,0,7.82873060985209,0.245905321972199,2020-06-06,"OBSV_1267"
"Tree_A","Insect_B","Fungi_2","SITE_0002",2021,432,4.99445661025575,40.279502824506,15.4951761629578,9.25359170128581,0.314765008538961,12,10.2690025736343,0.9,0.921950950863874,15,8.77125184882105,0.6,0.512758090375337,0.203271453623262,0,0.219794210719351,0.0718560804362987,2021-04-05,"OBSV_1062"
"Tree_A","Insect_E","Fungi_2","SITE_0002",2023,433,10.5306194088815,70.0531841904279,15.5768227083505,10.8455023845825,0.704343294585124,14,12.0304684214204,0.6,0.674898370391236,15,19.3202645367745,0.6,0.44951244298264,0.156406282909114,0,3.23426298174918,1.24087695812967,2023-04-26,"OBSV_1583"
"Tree_C","Insect_B","Fungi_3","SITE_0003",2018,434,5.04082160895291,42.0214999448084,18.5128563529032,12.343774785412,0.857592354924418,12,10.9575469275222,0.9,0.891400037265794,10,4.19958622919251,0.9,0.600731308752281,0,0,1.89915960990838,0.859710841087732,2018-08-03,"OBSV_1446"
"Tree_C","Insect_C","Fungi_1","SITE_0003",2020,435,2.30477745772694,85.2003046669328,6.9484125919247,5.18121455023281,0.962753598764539,18,16.4326247132893,0.5,0.467715773752455,12,24.1843027031098,0.8,0.596486357033302,0.292925200021871,0,9.47483378803781,0.271670793572137,2020-04-19,"OBSV_1980"
"Tree_C","Insect_A","Fungi_4","SITE_0015",2018,436,6.47859392435489,80.9750220362425,30.8532190319693,21.5368743436727,0.861285740812309,15,15.2058547895925,0.7,0.662991363476409,18,24.6178216367169,0.5,0.27808386211983,0.158861642543382,0,4.64514274873405,0.393370644208456,2018-08-14,"OBSV_1613"
"Tree_B","Insect_B","Fungi_4","SITE_0001",2022,437,8.7600340910607,73.2406892036809,35.3535061588658,25.2003610728664,0.921903304918669,12,9.69286031884566,0.9,1,18,24.3647144061732,0.5,0.498698190721684,0,0,0.738575758664774,0.653670804442194,2022-06-25,"OBSV_1248"
"Tree_B","Insect_D","Fungi_1","SITE_0008",2021,438,-12.4699506047906,38.36159276488,21.9923023996995,14.480388405804,0.407789236772805,10,7.45483517585705,0.8,0.636683294482964,12,6.16875504243002,0.8,0.14574628419807,0,0,2.00183762883788,0.211292368473917,2021-04-11,"OBSV_1481"
"Tree_D","Insect_E","Fungi_2","SITE_0010",2021,439,8.64070209212256,30,29.3568160454651,20.2875193454169,0.488216326688416,14,11.5339121553531,0.6,0.649300919063621,15,1.41399244841855,0.6,0.512628662068478,0.079628713684668,0,4.57845145858658,0.262055328930358,2021-09-19,"OBSV_1985"
"Tree_E","Insect_E","Fungi_2","SITE_0008",2022,440,14.1303216333495,52.2290950488176,30.4929136200455,22.9078850788219,0.468300079647452,14,13.0764396532438,0.6,0.645271956008062,15,12.1019815844006,0.6,0.611210229951319,0,0,3.90769505766372,0.499665831336969,2022-08-08,"OBSV_1295"
"Tree_C","Insect_D","Fungi_1","SITE_0010",2019,441,17.6623130335903,41.1421234108798,71.6912589771042,53.1769786396203,0.657526289112866,10,12.1603711565426,0.8,0.924508506248421,12,4.60641832910939,0.8,0.771306955502266,0.0346290599388337,0,1.27616352694277,0.95618861931156,2019-08-03,"OBSV_1452"
"Tree_D","Insect_B","Fungi_2","SITE_0007",2020,442,0.413434822144136,68.5143070587078,13.8613860602044,7.75461255305016,0.371432777983136,12,8.84117702003442,0.9,0.770203081168352,15,17.6690450775941,0.6,0.46285146106215,0.0791520043919166,0,1.67283608716109,0.100285374896826,2020-08-13,"OBSV_1177"
"Tree_E","Insect_D","Fungi_1","SITE_0003",2023,443,-0.843725717834802,73.7211392222702,43.2456282112048,26.5973994521982,0.529744873056188,10,5.61602778945013,0.8,0.976702842260426,12,16.6525917102511,0.8,0.533494279315676,0.0600786269386773,0,-0.1176671451302,1.49452618154557,2023-07-02,"OBSV_1393"
"Tree_C","Insect_B","Fungi_1","SITE_0009",2020,444,19.0770428397016,56.7763112061946,8.89215916825824,7.25202966122199,0.82361012189649,12,10.9949334913567,0.9,0.852791708318096,12,6.82288818683487,0.8,0.973449656726563,0.178223782422646,0,1.52231060791658,1.15502772138535,2020-07-10,"OBSV_1602"
"Tree_D","Insect_A","Fungi_4","SITE_0002",2020,445,15.6117271493431,30,30.5796009061773,23.5878639812641,0.843678758386522,15,14.5172165169951,0.7,0.759467076382573,18,0.72370950156625,0.5,0.593379811634054,0.0960511543194188,0,3.82635424661201,0.80677124790646,2020-05-21,"OBSV_1218"
"Tree_E","Insect_E","Fungi_4","SITE_0011",2019,446,10.8379635079927,95,25.7710979355949,18.5857657586998,0.912466552946716,14,11.9060688681116,0.6,0.665704698327574,18,35.9863794310799,0.5,0.473645323466911,0.251283881154451,0,4.49865430378041,0.912082091881413,2019-09-25,"OBSV_1038"
"Tree_A","Insect_E","Fungi_4","SITE_0014",2020,447,25.3798203212203,71.7164611538575,11.7927050389895,8.61214981616067,0.86481323488988,14,18.0478225613692,0.6,0.510807043399408,18,19.4053225906892,0.5,0.713761507052462,0.100045571139422,0,9.16353235040429,0.908549640942041,2020-04-02,"OBSV_1839"
"Tree_E","Insect_D","Fungi_1","SITE_0015",2019,448,18.5078126186122,52.6224698213256,60.2036887267385,38.3769481804862,0.592338513256982,10,10.1902815560681,0.8,0.877969964731176,12,12.2279634029276,0.8,0.90252649070746,0.0208308705453865,0,1.60780064968454,0.230989823002215,2019-06-17,"OBSV_1411"
"Tree_B","Insect_B","Fungi_1","SITE_0001",2018,449,7.86422512628529,64.2002395908459,33.6757872812821,21.9945025205788,0.641749491728842,12,9.13136693192921,0.9,0.948230159626271,12,12.2854881831918,0.8,0.632589915584014,0.0202448860899677,0,0.417690610510652,0.76340779536506,2018-05-19,"OBSV_1743"
"Tree_C","Insect_D","Fungi_4","SITE_0009",2018,450,2.04304276505898,30,15.1111327262236,5.19275576942358,0.497125122742727,10,7.54813846826055,0.8,0.779430962860635,18,0.743783272680153,0.5,0.366737330539691,0.0363091394169983,0,2.17069484507672,0.141295362998162,2018-04-20,"OBSV_1712"
"Tree_D","Insect_D","Fungi_3","SITE_0008",2019,451,3.04814739519383,93.1157881102834,55.8868651118421,39.669636499107,0.976193615375087,10,8.30133902819683,0.8,0.951807689810089,10,17.6269919597235,0.9,0.793788997646478,0.0174211236030946,0,0.128059524636838,0.258601182548347,2019-07-17,"OBSV_1305"
"Tree_E","Insect_B","Fungi_3","SITE_0008",2022,452,12.1946240452646,30,55.7622620485336,36.0794937919701,0.380342248617671,12,8.48153584395994,0.9,0.965298745739248,10,-2.84461998677732,0.9,0.802673887080497,0,0,-0.330653378894323,0.542385009673886,2022-05-28,"OBSV_1876"
"Tree_C","Insect_B","Fungi_1","SITE_0012",2022,453,13.4359085708515,55.5514778914909,44.5783003885794,29.2460760778412,0.822314051515423,12,10.3946338534239,0.9,0.98198891221332,12,12.8811894072178,0.8,0.874961592280435,0,0,-0.271580781569434,4.00648137665961,2022-04-26,"OBSV_1047"
"Tree_E","Insect_A","Fungi_2","SITE_0009",2022,454,1.48041786608935,86.3062825635671,35.9372263085792,25.2688766827486,0.36349496380426,15,9.55920161851421,0.7,0.886994196543169,15,25.0036204177909,0.6,0.471278503213874,0.102442057407757,0,1.76790205734085,0.15172497758954,2022-07-09,"OBSV_1465"
"Tree_D","Insect_D","Fungi_2","SITE_0014",2018,455,16.3629917614393,59.6741384547537,28.5898602838224,18.8328187695146,0.724960010801442,10,11.3733039220466,0.8,0.826984220956261,15,15.3933224626836,0.6,0.682848691700989,0.198845984107461,0,1.61401401226317,0.849736729071502,2018-07-24,"OBSV_1101"
"Tree_C","Insect_D","Fungi_4","SITE_0012",2019,456,19.1678693372387,56.3618522318046,41.1113923735605,28.3095126647917,0.846399613260292,10,11.7244435070096,0.8,0.838021624729589,18,15.1977003314329,0.5,0.571067744679053,0.0631663091307249,0,1.81138322854348,0.266595815530676,2019-07-23,"OBSV_1155"
"Tree_B","Insect_C","Fungi_2","SITE_0012",2022,457,24.9117529571541,61.3104398357131,10.5196836186839,2.96699392543154,0.358320798864588,18,21.505807590011,0.5,0.476527245646749,15,14.999024942909,0.6,0.761506106362784,0.0788544170009853,0,11.1840474905577,0.191879132392439,2022-09-09,"OBSV_1961"
"Tree_E","Insect_E","Fungi_1","SITE_0015",2021,458,4.92619465911784,81.1253965918663,32.9286401127104,22.0172038525979,0.885203911643475,14,10.110274709679,0.6,0.57544847448684,12,18.5815929143205,0.8,0.640337648998052,0.258233419370576,0,4.29052629093042,0.248428697746483,2021-07-11,"OBSV_1629"
"Tree_B","Insect_C","Fungi_4","SITE_0005",2019,459,13.6215961706804,62.3437409511242,3.19448540835044,4.34576808370522,0.727709059999324,18,16.8012672097023,0.5,0.578367165997337,18,19.2598812462955,0.5,0.473519655028611,0.130201220453652,0,6.59761725409183,0.193065509073279,2019-06-07,"OBSV_1231"
"Tree_B","Insect_E","Fungi_3","SITE_0012",2022,460,22.7926152466352,72.1378529030739,7.96374980340615,8.8350539819928,0.582776833721437,14,17.7832283844994,0.6,0.821533505650095,10,14.6871453705686,0.9,1,0.0907944893355923,0,3.50428396670971,0.431001016725802,2022-09-16,"OBSV_1214"
"Tree_B","Insect_B","Fungi_4","SITE_0001",2021,461,2.34316886567296,85.2708946439687,35.3199101557944,26.1474948892223,0.411186491884291,12,9.01919713379006,0.9,0.86032124991247,18,31.9706322845031,0.5,0.612625347035002,0,0,1.19657346912487,0.266758787575517,2021-09-21,"OBSV_1683"
"Tree_C","Insect_C","Fungi_4","SITE_0002",2019,462,-8.99313991735059,89.8807462899808,23.5135969432146,21.869483840895,0.801815104717389,18,11.9568396581517,0.5,0.436046070812365,18,31.9055835583012,0.5,0.147481158674664,0.0576342808179034,0,6.5635396415822,0.201623396026483,2019-09-18,"OBSV_1863"
"Tree_D","Insect_D","Fungi_4","SITE_0009",2021,463,3.0063057332093,91.381527351555,42.274820453047,28.3687894670696,0.689113143179566,10,5.03793618539849,0.8,0.846293146941561,18,37.4266916825214,0.5,0.33653892725473,0.0144209692406387,0,0.556150011316868,1.43066155789558,2021-06-14,"OBSV_1089"
"Tree_E","Insect_D","Fungi_2","SITE_0011",2021,464,23.7968610244489,88.8353887929791,21.8508651650961,17.1910401207273,0.750187887204811,10,11.2987072528647,0.8,0.839313508964679,15,26.7114169146105,0.6,0.755934529859857,0.0542189774152527,0,1.96384302178819,0.208023975391464,2021-07-24,"OBSV_1446"
"Tree_C","Insect_B","Fungi_2","SITE_0006",2019,465,7.85906086330678,76.6679851008469,20.9951736185833,16.9641686453437,0.868426798004657,12,8.41105007985272,0.9,0.907208568683338,15,21.0140397409416,0.6,0.608393377147229,0.135242024636895,0,1.19921528142199,0.954488555581477,2019-06-07,"OBSV_1173"
"Tree_C","Insect_A","Fungi_3","SITE_0009",2020,466,0.711928828229963,46.9539229428214,34.5117777365908,21.9988389519402,0.866604835051112,15,10.3208795505751,0.7,0.732956779739424,10,8.25287947258976,0.9,0.666242069186858,0.396695050923291,1,2.90407492005726,0.510675615620913,2020-06-10,"OBSV_1395"
"Tree_B","Insect_D","Fungi_1","SITE_0003",2020,467,5.7540116227874,41.4582191154075,12.5552931438307,7.59017892436485,0.836449344223365,10,8.08643995064845,0.8,0.931605348080196,12,3.6530698793557,0.8,0.766390396033559,0.0943742457400243,0,0.684829531349264,1.48683458882681,2020-07-05,"OBSV_1142"
"Tree_B","Insect_E","Fungi_4","SITE_0008",2020,468,20.0570408014078,47.1958323137905,37.8891206533394,27.5032173034654,0.874880494130775,14,16.0406523082437,0.6,0.644620773059516,18,11.5469117287343,0.5,0.563856900959921,0.212526153063557,0,5.7431314590497,1.48552927171918,2020-04-18,"OBSV_1778"
"Tree_C","Insect_A","Fungi_4","SITE_0011",2021,469,8.59322067954545,71.9033473386378,9.97646904497887,7.30340477793204,0.812990301428363,15,13.2722995342381,0.7,0.658125998293239,18,25.5469735581083,0.5,0.539269184200819,0.287068789901727,0,4.1838452185704,1.85790339669461,2021-09-05,"OBSV_1411"
"Tree_E","Insect_B","Fungi_4","SITE_0007",2022,470,3.77004252551361,61.3546242398746,39.5334927150038,27.7968759672863,0.555736735765822,12,9.28726940443746,0.9,0.895694408912929,18,20.2339390304705,0.5,0.498406120389329,0,0,1.01909752414643,0.462767219930417,2022-07-22,"OBSV_1824"
"Tree_B","Insect_E","Fungi_2","SITE_0013",2020,471,14.0806815626173,70.6781154207349,20.7650566521721,18.3649201487575,0.865074513223953,14,12.8254937090417,0.6,0.643306687110182,15,20.2617153457451,0.6,0.439402512776827,0.068658815229307,0,4.8069238669393,1.30806844047565,2020-06-26,"OBSV_1673"
"Tree_D","Insect_E","Fungi_1","SITE_0005",2021,472,-4.32722515381779,39.4913594257823,27.9177902139686,20.5452571144396,0.30212817445863,14,8.76537158263717,0.6,0.676497788158072,12,4.55211803110603,0.8,0.513418617011764,0,0,3.11315596687814,0.351046068794566,2021-08-17,"OBSV_1627"
"Tree_C","Insect_B","Fungi_1","SITE_0008",2020,473,10.3270054278843,30,33.8420105486071,22.0818160049774,0.870015054196119,12,12.0447566817003,0.9,0.870870438484316,12,1.28518407783994,0.8,0.835792079802374,0.022338555411137,0,2.82105870420704,0.53932169936007,2020-08-09,"OBSV_1576"
"Tree_D","Insect_E","Fungi_4","SITE_0008",2018,474,15.2223053285605,31.4527589336722,24.1015030940534,19.9187678955238,0.993032207898796,14,15.027509148939,0.6,0.663886504231322,18,2.85510403299919,0.5,0.511345297071192,0.136239715240418,0,5.18985959365136,1.42555629050397,2018-05-27,"OBSV_1018"
"Tree_C","Insect_D","Fungi_4","SITE_0009",2020,475,11.5029792804436,30,35.8535572971302,25.5871312702935,0.77496595827397,10,7.77506251977188,0.8,0.786883661659545,18,2.48984123378333,0.5,0.355504318776832,0,0,1.85875502827523,2.88557383207131,2020-09-05,"OBSV_1998"
"Tree_C","Insect_B","Fungi_3","SITE_0004",2022,476,10.1295137350819,67.5736575068098,32.410619511605,22.5658313936731,0.906368560576811,12,9.114309400639,0.9,0.841000096611836,10,12.0513327834034,0.9,0.854081632117923,0.198757136276197,0,1.16473486984234,0.544997328499122,2022-07-26,"OBSV_1905"
"Tree_A","Insect_D","Fungi_4","SITE_0008",2022,477,6.25224593527334,34.6306526233389,30.6750616592445,24.2783251297317,0.457459717732854,10,8.41229806435277,0.8,0.710092194860842,18,5.94166470991582,0.5,0.249538089884674,0.0828605161291903,0,2.1648392009598,0.171476818238403,2022-05-27,"OBSV_1783"
"Tree_A","Insect_D","Fungi_4","SITE_0001",2019,478,15.7889881825941,95,26.5010991599271,20.5241267947578,0.84026217693463,10,9.3561601791622,0.8,0.857595912023522,18,37.971970980585,0.5,0.427800291711196,0.136328366757459,0,1.31928040871226,1.76490579966459,2019-09-01,"OBSV_1491"
"Tree_D","Insect_E","Fungi_1","SITE_0007",2022,479,12.8355531683116,40.4890498702561,18.3424472901652,14.6815605884705,0.755436529777944,14,13.7538904899801,0.6,0.608212988172127,12,5.37661915311554,0.8,0.916375118141801,0.347581662286746,1,5.30021861773714,1.11786664848135,2022-09-26,"OBSV_1129"
"Tree_A","Insect_D","Fungi_4","SITE_0009",2018,480,-3.88493618636944,95,28.2339242016499,19.7630946309263,0.472631637332961,10,5.42094499701318,0.8,1,18,35.7037953871438,0.5,0.26641634528463,0.0402403310011453,0,-0.929906060977067,0.112353747777769,2018-07-28,"OBSV_1833"
"Tree_A","Insect_E","Fungi_3","SITE_0002",2019,481,4.59553733967078,64.0437861297195,17.1883070952481,8.8528835393557,0.403480779589154,14,11.677777705212,0.6,0.685625247089122,10,11.8185395592534,0.9,0.73157425673474,0,0,4.74769119154941,0.631718925886473,2019-04-27,"OBSV_1750"
"Tree_E","Insect_A","Fungi_4","SITE_0004",2022,482,7.76380554619065,59.7115865581766,36.1271905607186,24.6766300733989,0.349938044184819,15,12.2851816058256,0.7,0.666098538630915,18,14.9028486787649,0.5,0.247708172122078,0,0,3.49097007691729,0.343859690360305,2022-09-13,"OBSV_1080"
"Tree_E","Insect_D","Fungi_2","SITE_0001",2018,483,-6.6240452027869,30,6.17501225286609,5.37279281689823,0.464538409747183,10,6.31451307656086,0.8,0.825660202721873,15,0.369999320181226,0.6,0.254789257291848,0.0882611360308774,0,0.626438249171925,0.484817094974765,2018-06-09,"OBSV_1178"
"Tree_D","Insect_B","Fungi_4","SITE_0003",2023,484,9.36485815704581,37.0510485892346,43.7404189039973,31.403616391952,0.433702508034185,12,8.85119804297649,0.9,1,18,5.53180681746985,0.5,0.312859213607164,0.05907275554128,0,-0.525046784195277,0.720355436301056,2023-08-22,"OBSV_1304"
"Tree_A","Insect_E","Fungi_1","SITE_0002",2019,485,8.14347483125783,59.5172222026927,14.2893488832045,9.97357743156456,0.793794522201642,14,12.1983267483093,0.6,0.493577656771292,12,11.4724643742446,0.8,0.604976455105032,0.4050629842874,1,5.72206162296039,0.0887926437460882,2019-06-10,"OBSV_1667"
"Tree_B","Insect_C","Fungi_2","SITE_0011",2022,486,20.2571250366871,48.8124188740776,26.5367684526494,19.118447715376,0.926531264092773,18,18.3758848165562,0.5,0.374608637687225,15,7.77344763658757,0.6,0.527843548634061,0.42847218966637,1,11.189919604922,0.2884787607807,2022-07-14,"OBSV_1824"
"Tree_D","Insect_C","Fungi_2","SITE_0008",2022,487,2.13599628840461,30,100.990577633259,71.4668899809862,0.890419954177923,18,14.7475080209603,0.5,0.413039456255627,15,3.49255720224357,0.6,0.331202484828685,0.10908212738865,0,8.94555356231521,1.65946575198469,2022-04-09,"OBSV_1737"
"Tree_A","Insect_B","Fungi_1","SITE_0010",2022,488,16.4862030235053,92.0895320950756,18.900923344638,9.87151978241272,0.357395076774992,12,14.5492093248617,0.9,0.927889559668449,12,21.7208478178884,0.8,0.833328860049353,0.153299036025961,0,0.32578393987506,0.229663622988457,2022-06-16,"OBSV_1275"
"Tree_D","Insect_E","Fungi_1","SITE_0010",2019,489,23.6803705935974,73.0392673392956,16.8636940000027,7.60598875817081,0.572578740958124,14,15.9450441016988,0.6,0.447346742321543,12,13.6672498545735,0.8,1,0.346096139767745,1,8.55087198931318,0.101236895353679,2019-04-13,"OBSV_1193"
"Tree_C","Insect_E","Fungi_4","SITE_0006",2021,490,11.4003998194756,63.1563067111,60.2218880800758,40.9593397605034,0.387907020421699,14,12.0173301103018,0.6,0.720648463963988,18,19.9210483789127,0.5,0.444455679608123,0.0852167628481707,0,3.50613838880879,0.211691540462687,2021-04-08,"OBSV_1872"
"Tree_E","Insect_A","Fungi_2","SITE_0010",2022,491,19.1915505872634,66.6867554749626,22.2805015757204,16.1137287618949,0.433134407666512,15,15.419221518613,0.7,0.56687683044967,15,16.1316200477647,0.6,0.782863077091209,0.160247500233214,0,6.52303459455861,0.225989612606586,2022-08-16,"OBSV_1361"
"Tree_A","Insect_B","Fungi_3","SITE_0008",2018,492,1.88367264895353,52.7954437401096,33.3737333948966,26.401010001221,0.810314466594718,12,9.33600866261365,0.9,0.836254341286511,10,6.93067781942661,0.9,0.477992661921255,0.12070278396933,0,0.809563034760067,0.601586901920857,2018-09-04,"OBSV_1503"
"Tree_C","Insect_D","Fungi_1","SITE_0002",2019,493,-4.75383228824107,32.9946374512642,38.4247965804731,26.4448237511344,0.973975641559809,10,4.66168022965555,0.8,0.964587928979783,12,2.74030477719901,0.8,0.416243581307058,0,0,-0.127852765073423,0.626523880963979,2019-06-12,"OBSV_1822"
"Tree_A","Insect_A","Fungi_2","SITE_0009",2019,494,7.6106906351723,30,25.7287657818882,17.4369776132233,0.851777446828782,15,12.2809561157637,0.7,0.762709535533573,15,3.25599757593616,0.6,0.404862718812884,0.124219072781931,0,2.82302819296194,1.03921960785734,2019-04-17,"OBSV_1509"
"Tree_E","Insect_C","Fungi_3","SITE_0006",2020,495,8.72548765388342,69.1670772543751,20.5727612376914,13.8055973794835,0.521750376699492,18,15.1558041526264,0.5,0.423939622467593,10,12.8641216421865,0.9,0.841555917866519,0.30686302587543,1,9.03171856363331,0.285320712377896,2020-09-08,"OBSV_1434"
"Tree_D","Insect_C","Fungi_3","SITE_0008",2018,496,-2.61775919161565,73.3050781588472,71.5004333758365,46.2274526135126,0.576775552914478,18,10.7984629364723,0.5,0.564963622860675,10,13.4659024695999,0.9,0.543476000298188,0.0640793018219087,0,5.05636973449036,0.166335865615644,2018-07-18,"OBSV_1591"
"Tree_C","Insect_A","Fungi_3","SITE_0004",2023,497,13.8558784832645,89.0190605077212,39.2499220433491,28.4864730535091,0.757323893927969,15,14.0809762817699,0.7,0.69675328570637,10,15.6473748238904,0.9,0.97394711613741,0.0702797116898198,0,3.75262353045383,1.08252393560369,2023-04-13,"OBSV_1302"
"Tree_D","Insect_B","Fungi_3","SITE_0012",2019,498,15.6021559528003,51.2404903651174,61.2454539823234,43.1837235463562,0.607578378845937,12,12.8127844833347,0.9,1,10,9.68009850307078,0.9,0.804501943635214,0.125550583882468,0,0.440173489588167,0.461607484110258,2019-04-05,"OBSV_1850"
"Tree_A","Insect_E","Fungi_1","SITE_0012",2021,499,37.5421908047234,72.928791685216,38.4191173410639,27.9884174787751,0.304970063106157,14,19.057159611842,0.6,0.72863666466718,12,18.1944186342496,0.8,1,0.256510006446758,0,4.31368679825796,0.126501234152821,2021-05-24,"OBSV_1883"
"Tree_C","Insect_D","Fungi_1","SITE_0006",2022,500,20.8250835350407,36.2160050347315,30.6497048161721,20.6189817369401,0.315558910253458,10,10.9225579812353,0.8,0.731045851031028,12,5.76779227507554,0.8,0.917327004565524,0.073563687614708,0,2.79509077619601,0.0821786649334412,2022-08-12,"OBSV_1751"
"Tree_D","Insect_C","Fungi_4","SITE_0001",2022,501,-0.271741046690158,69.1197114816168,26.4678048013091,18.3706116653008,0.504270316078328,18,11.9901161984259,0.5,0.490406451830758,18,24.0135031365829,0.5,0.212367674817442,0.00543914879013393,0,5.08398999939267,0.180517708135478,2022-04-17,"OBSV_1228"
"Tree_C","Insect_D","Fungi_4","SITE_0015",2020,502,19.5609576554077,95,14.3549640513898,9.37676187780246,0.872777707292698,10,9.71749101152706,0.8,0.875533295379647,18,34.2267234465594,0.5,0.552498102181743,0,0,0.725429921756439,0.197221473079417,2020-07-26,"OBSV_1179"
"Tree_E","Insect_A","Fungi_2","SITE_0001",2022,503,16.2423908080158,76.3763308720983,16.4090999759477,14.543161573333,0.434391748765483,15,13.7603287816167,0.7,0.645241193196984,15,24.4674930202939,0.6,0.622543547921806,0.179744621163785,0,4.48012214213249,0.691351104779851,2022-08-22,"OBSV_1067"
"Tree_E","Insect_D","Fungi_4","SITE_0003",2021,504,-0.86753222210901,30,14.3488011034741,9.62434405137286,0.758680000156164,10,6.35860025425708,0.8,0.699375476419527,18,4.30793733236528,0.5,0.33168010283914,0,0,2.49013069209495,0.947799542913047,2021-08-04,"OBSV_1143"
"Tree_E","Insect_D","Fungi_3","SITE_0007",2020,505,3.85849880203664,95,37.63989399257,28.9889329781672,0.962132784817368,10,9.8919250616212,0.8,0.883785429826641,10,23.692995454328,0.9,0.742774518214233,0.00904376536122017,0,1.02428576318803,0.358541149671805,2020-05-12,"OBSV_1873"
"Tree_B","Insect_A","Fungi_3","SITE_0009",2019,506,-0.383450007188024,41.3027335753547,32.5013389220576,24.6132529942094,0.994915370224044,15,8.37426101651422,0.7,0.860155697042681,10,4.81070298000639,0.9,0.83709893461627,0.361322560407728,1,0.650876481280947,0.771262284391561,2019-04-09,"OBSV_1166"
"Tree_C","Insect_B","Fungi_4","SITE_0010",2022,507,14.5636936342295,44.479939562016,33.8666491515529,27.0524478376762,0.497093579149805,12,13.1930805707749,0.9,0.947260381060303,18,8.66068602810311,0.5,0.457047692110926,0,0,0.362142234639917,0.656744998342501,2022-06-16,"OBSV_1277"
"Tree_C","Insect_E","Fungi_2","SITE_0009",2023,508,-1.002695235089,84.5473817770223,4.65136660736356,4.22883470716259,0.421561956056394,14,11.2217649986071,0.6,0.646687130080513,15,24.2392038468427,0.6,0.542567528177985,0,0,3.92164509746043,0.532346819228045,2023-08-10,"OBSV_1438"
"Tree_D","Insect_A","Fungi_1","SITE_0006",2023,509,-6.33317416415721,72.1622406528446,31.929631913252,24.2660836072393,0.814947094861418,15,10.5776065350933,0.7,0.787669673483465,12,16.6170384354292,0.8,0.3941316527497,0.123096896114756,0,2.24163438786765,0.552576162357196,2023-09-17,"OBSV_1908"
"Tree_C","Insect_C","Fungi_4","SITE_0005",2022,510,-2.98806542135837,95,1.80017006189724,1.50549741536509,0.813516895798966,18,12.3579527066136,0.5,0.52379775634456,18,36.1452147864531,0.5,0.153545323605796,0,0,5.98535982638937,1.04796462263578,2022-04-16,"OBSV_1815"
"Tree_C","Insect_C","Fungi_1","SITE_0014",2018,511,4.66676492414746,93.2243087106978,44.2800000403023,27.5776517561322,0.759981659660116,18,15.3817824708625,0.5,0.470643766059642,12,24.1218015380175,0.8,0.628087030859635,0.155186551248976,0,9.09491418967107,0.322166054123916,2018-09-23,"OBSV_1788"
"Tree_C","Insect_E","Fungi_1","SITE_0013",2021,512,27.0349085453758,57.0541744398562,45.1019020164455,31.5366241952736,0.810895613953471,14,17.095441836041,0.6,0.553665552123859,12,9.39255385607668,0.8,0.93358526548604,0.398169594114234,1,6.96498576519276,0.767819096019495,2021-07-13,"OBSV_1653"
"Tree_E","Insect_D","Fungi_3","SITE_0002",2018,513,0.399722674769008,61.3744462856572,14.7646383999966,8.26104699250551,0.926449636626057,10,5.74048039199645,0.8,0.92733760648522,10,5.71156160123411,0.9,0.563700357122241,0,0,0.690205229454818,0.710714712740415,2018-07-16,"OBSV_1406"
"Tree_D","Insect_A","Fungi_1","SITE_0013",2021,514,4.84129208605471,30,64.1369090685617,40.3833060253526,0.692968900478445,15,12.7946397156014,0.7,0.765594000558266,12,2.12656927001821,0.8,0.719241497942783,0.00463801707387364,0,3.14851896593099,1.01923840179514,2021-07-26,"OBSV_1384"
"Tree_A","Insect_E","Fungi_1","SITE_0011",2021,515,16.2674734654166,49.8507766714981,29.6335927586311,20.801639280586,0.983760493062437,14,13.3454637105715,0.6,0.696807207715477,12,11.8870795168504,0.8,0.841026022600606,0.229256504808775,0,3.50772291185509,1.25332874308517,2021-07-10,"OBSV_1563"
"Tree_E","Insect_C","Fungi_4","SITE_0004",2019,516,9.54904462672889,33.6838813602059,49.1967667052048,31.9741601301753,0.438147747400217,18,15.679070811297,0.5,0.588412873787103,18,3.77781149113685,0.5,0.453368218445388,0.0839822591880173,0,6.52015759020165,0.610425210632197,2019-07-28,"OBSV_1382"
"Tree_C","Insect_A","Fungi_1","SITE_0009",2022,517,3.40368569645963,30,11.5658253039219,9.33258415604875,0.929597646323964,15,12.8181090077138,0.7,0.617058896828302,12,4.32237080773554,0.8,0.713305153469452,0.299500355653138,0,5.31930524142984,0.343217299044933,2022-09-15,"OBSV_1845"
"Tree_E","Insect_A","Fungi_4","SITE_0006",2020,518,2.19671152758404,62.0824652952648,39.2172934206291,29.7974330471163,0.310518000414595,15,10.3643846187773,0.7,0.872435668606204,18,21.346653390135,0.5,0.378029787911302,0.0802796638998655,0,2.01629176463122,0.0132868845187864,2020-07-24,"OBSV_1884"
"Tree_B","Insect_A","Fungi_3","SITE_0014",2018,519,22.6776446984625,42.5183455510397,35.7558513121898,25.2949393391768,0.912143271579407,15,17.1150520395772,0.7,0.711889251860001,10,5.22885140394143,0.9,1,0.28269655200671,0,4.60644497978219,0.83933423924067,2018-06-16,"OBSV_1474"
"Tree_A","Insect_A","Fungi_3","SITE_0001",2021,520,6.78242795351851,53.8591385214812,23.5627958369829,17.0822198808976,0.301899761985987,15,13.4228887962904,0.7,0.593630512011451,10,8.35400690018681,0.9,0.872570814837988,0.325869447839901,1,5.21040866825012,0.0760220755323567,2021-05-16,"OBSV_1018"
"Tree_D","Insect_C","Fungi_1","SITE_0011",2018,521,24.3318875782322,66.7521970071562,24.1199825445614,15.0826620394501,0.658060736907646,18,22.4769483763642,0.5,0.560764310473594,12,15.649035098881,0.8,1,0.278035613668823,0,10.2715000571036,0.301083546665588,2018-07-26,"OBSV_1522"
"Tree_C","Insect_A","Fungi_2","SITE_0002",2023,522,1.35254363236303,63.4052609721675,16.8149578803949,14.9749051955782,0.60468094269745,15,10.0586882773521,0.7,0.80463022754037,15,20.4445856154609,0.6,0.481877804817532,0,0,1.83226445970321,0.433483858319009,2023-04-21,"OBSV_1121"
"Tree_A","Insect_A","Fungi_2","SITE_0014",2022,523,4.78735623257227,46.0992425670669,6.16450749722764,1.57434931479157,0.643767958972603,15,10.3878306737799,0.7,0.767944113856428,15,7.31019093168602,0.6,0.498708937005319,0.0859296470483431,0,2.37069904438261,0.238377367604881,2022-09-25,"OBSV_1587"
"Tree_C","Insect_E","Fungi_1","SITE_0007",2023,524,11.5127838609316,55.3553210961719,7.58394255025199,5.99999384662847,0.476406348193996,14,13.3427741358216,0.6,0.680182022355926,12,10.0829233971996,0.8,0.588529405592136,0.101686585923084,0,3.82418544093433,0.123507497463094,2023-05-06,"OBSV_1226"
"Tree_A","Insect_B","Fungi_3","SITE_0015",2018,525,9.91917683097174,66.0519559008755,27.3191685145484,17.3517281582179,0.674818473355845,12,12.8464506448625,0.9,0.8179080277621,10,10.051869525171,0.9,0.725348632720454,0.029154769054857,0,2.7637754634084,0.638187455770354,2018-07-01,"OBSV_1785"
"Tree_E","Insect_C","Fungi_3","SITE_0006",2018,526,-0.112282255360393,86.533629584752,20.53505714515,15.3600464398086,0.37514611100778,18,11.1987629684814,0.5,0.682767159557299,10,14.5423236199704,0.9,0.45265751523311,0,0,3.45713404076892,0.167905850855393,2018-08-18,"OBSV_1614"
"Tree_D","Insect_E","Fungi_4","SITE_0011",2019,527,16.2742727552209,46.4438694595286,29.8541939666594,19.6823474487867,0.669183779228479,14,16.3708823568967,0.6,0.533877063634827,18,11.6796221626904,0.5,0.593934691506291,0.119798773689842,0,7.44514319334382,0.0618909811404461,2019-06-08,"OBSV_1407"
"Tree_D","Insect_C","Fungi_1","SITE_0012",2018,528,3.89135275869801,69.8669077080209,20.0823694097775,13.4672771489464,0.906907891458832,18,13.4723605441695,0.5,0.406434467018151,12,15.9086520952154,0.8,0.681132113450703,0.636192169906644,1,7.7333002931769,0.0626509503650478,2018-07-14,"OBSV_1267"
"Tree_A","Insect_C","Fungi_1","SITE_0002",2021,529,8.73196093358527,30,6.85962944875691,5.96951825395649,0.801937087043189,18,16.1245643807888,0.5,0.422090490776582,12,0.97977140684154,0.8,0.466690614861498,0.248933049531867,0,9.23111633743559,1.43706371649023,2021-04-01,"OBSV_1361"
"Tree_D","Insect_A","Fungi_4","SITE_0014",2023,530,3.51457556032964,72.114354709695,48.639379562723,34.7455009964584,0.537608668231405,15,10.1444317396268,0.7,0.600523456126618,18,28.0541209006621,0.5,0.389394293014132,0.0179694298319785,0,4.62631785271028,0.579352984791617,2023-08-28,"OBSV_1993"
"Tree_D","Insect_A","Fungi_2","SITE_0007",2020,531,7.90211511564594,42.396025986392,21.7174004477906,16.5537238841374,0.474720773496665,15,15.4824340004063,0.7,0.839793048768904,15,5.25279274994968,0.6,0.56750572143702,0,0,2.6329786474112,0.49861562419346,2020-08-07,"OBSV_1763"
"Tree_A","Insect_C","Fungi_4","SITE_0007",2020,532,1.61188067206912,54.4467940303779,56.1008090767757,40.9554306585465,0.650770725752227,18,14.5651267624775,0.5,0.51744009172147,18,15.1865341996716,0.5,0.600632594923041,0.347285367547436,1,7.74575443832381,0.321294696244244,2020-09-07,"OBSV_1739"
"Tree_B","Insect_B","Fungi_1","SITE_0012",2021,533,20.6707441018349,76.1312046760909,27.7237976731046,18.1235725379003,0.462262853607535,12,9.91651758310454,0.9,1,12,17.9705268923238,0.8,0.868356273156829,0.115477693025555,0,-0.333070518118968,0.542708178052133,2021-05-08,"OBSV_1721"
"Tree_C","Insect_B","Fungi_1","SITE_0008",2020,534,20.0691132734922,88.8237558913359,35.566155052399,24.7797000437817,0.396964789670892,12,13.434354577871,0.9,0.76517257353302,12,20.3000800044472,0.8,1,0.217722900552685,0,3.30895094384181,0.170359216294789,2020-06-12,"OBSV_1882"
"Tree_B","Insect_C","Fungi_2","SITE_0003",2020,535,11.5507310144835,53.3498441671237,40.2721780673687,26.2162077960194,0.474234633566812,18,16.3690966977555,0.5,0.45211291130504,15,13.0099975809064,0.6,0.50340046286617,0.0963911236566324,0,9.14074351162073,0.769860075789266,2020-08-23,"OBSV_1094"
"Tree_A","Insect_A","Fungi_4","SITE_0007",2019,536,14.7821820345234,85.9522358627147,50.4532742211669,36.1260499391847,0.775011132820509,15,14.570493575946,0.7,0.560704433886634,18,30.8970006122134,0.5,0.496439458696134,0.294658825570566,0,6.73025081892764,0.146291830749875,2019-09-23,"OBSV_1546"
"Tree_A","Insect_E","Fungi_3","SITE_0002",2021,537,4.98606697001718,30,21.4069992485812,15.1259024436582,0.661475387355313,14,9.68995301280429,0.6,0.573964472878475,10,1.18671208690539,0.9,0.798561026533091,0.101516704577427,0,4.5256629664461,0.3730593557124,2021-09-26,"OBSV_1603"
"Tree_E","Insect_B","Fungi_1","SITE_0005",2019,538,7.61698999833308,70.1103863823094,29.1311697201743,18.5821453797865,0.371669156826101,12,10.7092292303691,0.9,0.853688229815062,12,15.6045896455498,0.8,0.960475881766968,0.0138073495473678,0,0.858825232930876,0.163456905968068,2019-07-08,"OBSV_1750"
"Tree_E","Insect_A","Fungi_4","SITE_0008",2021,539,34.6632204271595,95,21.2458854811405,14.1632481829066,0.823554606013931,15,18.1569831861574,0.7,0.603526707861441,18,35.5956264333122,0.5,0.610761954732205,0.138008842226307,0,6.99693156186239,0.35885408703659,2021-04-21,"OBSV_1861"
"Tree_C","Insect_B","Fungi_3","SITE_0006",2018,540,8.03156441254743,95,14.4842736521639,7.19630124892892,0.505399743793532,12,9.82317302762921,0.9,0.946281456724576,10,19.6746143904625,0.9,0.692439411933464,0.0933073816368211,0,0.166046995482537,0.925726524152199,2018-09-05,"OBSV_1715"
"Tree_B","Insect_D","Fungi_1","SITE_0008",2020,541,18.0516519949785,91.2338587229797,27.145650839038,19.247053451336,0.45235954571981,10,12.6847332894493,0.8,0.73417063867536,12,21.8696503789532,0.8,0.854296941437441,0.112351123162649,0,3.72054477362779,0.947643602541573,2020-08-15,"OBSV_1361"
"Tree_C","Insect_E","Fungi_3","SITE_0008",2021,542,9.56841737862925,30,23.0021516185787,15.6677118182883,0.652190772374161,14,11.1044056224987,0.6,0.761063651496882,10,3.77917353582729,0.9,0.851838580208619,0.175861282665847,0,2.13331416436157,0.252183229151276,2021-06-13,"OBSV_1479"
"Tree_B","Insect_A","Fungi_3","SITE_0009",2022,543,4.96025021690155,61.4861112095634,19.8861739779541,9.84593846131171,0.578048968547955,15,11.2376366561479,0.7,0.698755039255771,10,11.6006474031161,0.9,0.733673873255149,0.150025128834157,0,3.03295659197294,0.563051064558878,2022-07-17,"OBSV_1431"
"Tree_D","Insect_A","Fungi_4","SITE_0015",2022,544,16.5873245387128,48.2460691485297,9.09878778553953,9.98265894266482,0.837826073146425,15,14.0093027615999,0.7,0.828972211375695,18,9.78488721997743,0.5,0.567450598035328,0.0940230395449237,0,3.06384030987338,0.693247058564555,2022-08-05,"OBSV_1018"
"Tree_A","Insect_E","Fungi_1","SITE_0008",2018,545,9.3182386933795,30,46.9232214861768,35.2057601435087,0.410270561394282,14,10.3269895706838,0.6,0.562127143356659,12,1.99666031950129,0.8,0.461723539063763,0.0113047830888847,0,4.80391953245801,0.123723654056407,2018-04-08,"OBSV_1791"
"Tree_D","Insect_C","Fungi_1","SITE_0014",2021,546,1.50442642445227,70.3115284928156,64.1126521742734,42.2035538930387,0.348933174554259,18,13.3417479903115,0.5,0.517150403616281,12,14.7623189505494,0.8,0.642378199351112,0.0461908948384045,0,7.33007087091684,1.22682094828701,2021-09-24,"OBSV_1946"
"Tree_B","Insect_C","Fungi_1","SITE_0014",2019,547,15.4661721208185,37.5560638264791,21.1473020854238,17.8045304398883,0.895512010692619,18,17.9685792698312,0.5,0.462409745429277,12,1.9422260981442,0.8,0.919582967874183,0.379419851627314,1,8.97299466011294,0.317305392473812,2019-09-07,"OBSV_1650"
"Tree_E","Insect_C","Fungi_4","SITE_0006",2018,548,1.6653538949659,52.0629694111752,48.8531517510843,33.0280950719246,0.760561701189727,18,14.1476164173314,0.5,0.565062773159234,18,15.1308761023747,0.5,0.405951477714405,0.203492017325883,0,5.65071583685907,0.527179180346285,2018-07-07,"OBSV_1632"
"Tree_A","Insect_B","Fungi_2","SITE_0014",2022,549,14.349928703703,95,17.4005788275468,12.5823215805377,0.872997746593319,12,13.224292622099,0.9,0.69760068446725,15,28.6041926092613,0.6,0.50937800316184,0.112638045485437,0,3.93261307586383,0.848519529689123,2022-05-04,"OBSV_1853"
"Tree_A","Insect_C","Fungi_2","SITE_0010",2018,550,10.1759644813754,59.2127393547297,25.5948867358378,19.8985468689562,0.388667950499803,18,18.1365690462573,0.5,0.537164906977642,15,15.0098126195048,0.6,0.571697371866592,0.0855607430324055,0,9.14004967017811,0.108720820854532,2018-09-16,"OBSV_1508"
"Tree_E","Insect_D","Fungi_4","SITE_0003",2019,551,-1.71936860862986,59.8747857203412,16.604530396782,7.1624708020525,0.482463262067176,10,6.74115994997955,0.8,0.813792475734575,18,18.522692150609,0.5,0.437539375188892,0.163881979279651,0,1.3728709865051,0.740831433288488,2019-07-19,"OBSV_1532"
"Tree_B","Insect_E","Fungi_2","SITE_0006",2020,552,0.467059162122741,71.1366493953516,23.2756991086012,16.4693571973487,0.478258898691274,14,11.4857852492272,0.6,0.796253274340212,15,19.8313845740519,0.6,0.401679801524224,0.0787802633893598,0,2.79631515398464,0.972843850861638,2020-06-07,"OBSV_1734"
"Tree_A","Insect_A","Fungi_2","SITE_0012",2023,553,20.8906895008122,45.7561597758923,9.45412417028366,2.06443876696355,0.30693801229354,15,12.9341139747609,0.7,0.536606864874593,15,8.68595853871318,0.6,0.529538229632319,0.0206223660173994,0,6.39861311606098,0.136454266536476,2023-04-18,"OBSV_1975"
"Tree_C","Insect_A","Fungi_4","SITE_0007",2022,554,4.83356103591098,42.9337571946428,41.6765896406519,28.3782586696796,0.438597043906338,15,9.34907482134035,0.7,0.798208475237929,18,10.3332226143778,0.5,0.288488361100552,0.0971622360058105,0,1.16951577258712,0.511800333297987,2022-08-21,"OBSV_1379"
"Tree_A","Insect_D","Fungi_4","SITE_0011",2023,555,16.6703163511039,42.3528728897034,7.6474087345754,7.08460054272384,0.942751227272674,10,8.13583223939159,0.8,0.76716814947406,18,5.76351730743091,0.5,0.467122009682845,0.255106765016222,0,2.01739245783358,0.0736284171122651,2023-04-14,"OBSV_1521"
"Tree_C","Insect_D","Fungi_1","SITE_0011",2021,556,16.0951767795235,39.0620405207528,23.3186228819705,19.4822015128735,0.515959619358182,10,9.80695147140287,0.8,0.915602824236611,12,5.99975019861909,0.8,0.972678998924279,0,0,0.95822421057913,0.643499567082853,2021-05-24,"OBSV_1308"
"Tree_A","Insect_B","Fungi_2","SITE_0004",2023,557,13.7417670561355,41.5064003411254,31.441839653607,18.0028556190875,0.39407435846515,12,15.3118163184739,0.9,0.769639920191045,15,6.66900396856212,0.6,0.529897419136799,0.0436830115630543,0,3.19989794715989,0.0691628667380482,2023-06-18,"OBSV_1264"
"Tree_B","Insect_E","Fungi_2","SITE_0006",2022,558,27.400556137231,77.0373951245054,40.4430303828807,23.8884890109985,0.996315862657502,14,15.2233877952358,0.6,0.574756626993719,15,21.2122372857701,0.6,0.699374721963073,0.112984586293931,0,6.33739069298264,0.593300051109622,2022-08-20,"OBSV_1921"
"Tree_C","Insect_B","Fungi_3","SITE_0015",2018,559,8.90111697504366,66.5008025748874,45.2899854898976,30.0145386668143,0.752930233953521,12,11.5305086545543,0.9,1,10,12.3447316249521,0.9,0.707780359213607,0.0705181068659548,0,-0.440100130881509,0.806374254574009,2018-08-19,"OBSV_1459"
"Tree_A","Insect_C","Fungi_3","SITE_0011",2019,560,22.2397913680282,44.008623205551,19.9439524760633,13.1543931582653,0.733256922988221,18,19.4801502444816,0.5,0.459386054044197,10,7.86557375726502,0.9,1,0.405982476586954,1,10.7984369018587,0.767693175905065,2019-06-13,"OBSV_1720"
"Tree_A","Insect_D","Fungi_2","SITE_0009",2022,561,4.78682706612778,37.0715855413134,56.3201924382345,43.5404182589649,0.497500675357878,10,9.01860888974883,0.8,1,15,7.03340316530132,0.6,0.506530525480285,0.000865488090758709,0,-0.497577443418593,0.257460738150573,2022-09-17,"OBSV_1914"
"Tree_B","Insect_C","Fungi_4","SITE_0015",2020,562,13.2717402997551,70.1399284086902,51.6053286298171,35.8730783904968,0.631794415879995,18,18.9766946848729,0.5,0.413246707220126,18,26.4955140501801,0.5,0.495676224684605,0.119348644437825,0,11.9226637821802,0.234636510151235,2020-07-09,"OBSV_1328"
"Tree_E","Insect_E","Fungi_3","SITE_0002",2021,563,-11.0662431296013,95,31.9193863767832,27.0106118447005,0.409959714207798,14,5.35544893613661,0.6,0.612831230270814,10,22.325592531608,0.9,0.406935154340966,0.15254870320749,0,1.75839765208076,0.725288762518727,2021-04-19,"OBSV_1186"
"Tree_B","Insect_B","Fungi_3","SITE_0008",2018,564,4.31743568198907,57.3032976824239,12.7142252485019,8.85261413574383,0.850202994677238,12,7.41251263982711,0.9,0.925286554506836,10,9.4095289519155,0.9,0.744402693960892,0.072191166763421,0,1.16919839381721,0.860026734554683,2018-06-22,"OBSV_1253"
"Tree_D","Insect_B","Fungi_1","SITE_0006",2022,565,3.40508550022404,30,37.7406152062296,27.5690290717324,0.357996138185263,12,9.08847487350544,0.9,0.859034536999421,12,-0.817429886711768,0.8,0.542448461407134,0.133563160363504,0,1.09830057650637,0.288896066111282,2022-09-22,"OBSV_1227"
"Tree_A","Insect_A","Fungi_4","SITE_0005",2022,566,12.391041603835,95,14.6057057449882,8.73659742470455,0.918438974954188,15,13.1026246297332,0.7,0.48284389163764,18,39.3875422489054,0.5,0.538082005640584,0.233908497521707,0,6.67039625354526,0.345996779441691,2022-05-25,"OBSV_1193"
"Tree_B","Insect_E","Fungi_1","SITE_0002",2019,567,8.19815797080574,85.3021065302097,32.000783838589,23.388630083622,0.861739104683511,14,12.4283503889646,0.6,0.484503246089962,12,21.5952364114591,0.8,0.613932237413596,0.297502895924276,0,6.4640209950978,0.359667193514842,2019-04-09,"OBSV_1298"
"Tree_A","Insect_E","Fungi_1","SITE_0004",2018,568,21.5052140199648,76.6765262115195,24.5314169156807,16.3284942378553,0.311369087104686,14,14.6234893566258,0.6,0.487461984792771,12,16.067887048102,0.8,0.953975324517179,0.104523908974666,0,7.20446025448984,0.343004932640421,2018-04-05,"OBSV_1762"
"Tree_B","Insect_D","Fungi_2","SITE_0012",2019,569,13.205020720268,78.3870973910714,8.24949292712576,3.36942135462975,0.807924798177555,10,10.4878036619313,0.8,0.789033905305758,15,23.9435318847909,0.6,0.45354858155769,0.0123141267077344,0,1.24751717500702,1.38831750695344,2019-07-07,"OBSV_1437"
"Tree_C","Insect_B","Fungi_2","SITE_0006",2023,570,9.41020474363887,30,60.2334991726204,40.6342012815133,0.592674310295842,12,10.7241856206392,0.9,0.78543270232093,15,4.65754131585241,0.6,0.379840790835125,0.101142326608386,0,2.24793436249357,1.22186876962488,2023-05-18,"OBSV_1599"
"Tree_B","Insect_D","Fungi_2","SITE_0001",2019,571,0.740895495225032,74.165397584633,57.9825816483825,41.031288946359,0.949573036725633,10,8.10041473785761,0.8,0.929950747850248,15,17.7890792290802,0.6,0.391071264879033,0,0,0.435019878190976,2.30551674235472,2019-06-22,"OBSV_1251"
"Tree_A","Insect_A","Fungi_1","SITE_0001",2023,572,13.0490240983882,39.5981878610358,43.8431263265168,32.2847849132888,0.322280999342911,15,13.5793042069339,0.7,0.691416890659771,12,5.74669340082998,0.8,0.853786364240662,0.353083137153533,1,4.10308609825901,0.202085354151417,2023-05-09,"OBSV_1234"
"Tree_E","Insect_C","Fungi_4","SITE_0013",2020,573,12.6466357160802,62.8831672642255,14.3185411307606,7.7076381607733,0.492140991566703,18,16.4637425117196,0.5,0.664246816153137,18,21.4169207920887,0.5,0.572548596369687,0.0208864596116971,0,5.32876175394077,0.725216751369626,2020-06-10,"OBSV_1980"
"Tree_D","Insect_A","Fungi_2","SITE_0014",2021,574,20.1402422632369,95,60.1669295843597,40.5757297228351,0.636418506526388,15,18.6499557613112,0.7,0.927904888560376,15,30.0010685581772,0.6,0.776676274184344,0.114446426915661,0,1.17704363475555,0.302462212250903,2021-04-10,"OBSV_1111"
"Tree_C","Insect_C","Fungi_3","SITE_0006",2018,575,15.1602632153799,53.1148026371466,23.53492887075,16.9996449795996,0.567663733963855,18,18.649992028095,0.5,0.375262948653458,10,10.7593233354177,0.9,0.973696891012357,0.283752753246021,0,11.7806562100059,0.14077941143914,2018-09-26,"OBSV_1199"
"Tree_A","Insect_A","Fungi_2","SITE_0015",2020,576,4.80478708285184,95,27.7700785383171,23.3019160835261,0.445322198187932,15,12.2751651126887,0.7,0.82772371778377,15,33.1019008519188,0.6,0.432583576423727,0.0921989844186737,0,1.86688975095887,0.666027381125002,2020-05-05,"OBSV_1703"
"Tree_D","Insect_B","Fungi_2","SITE_0012",2023,577,15.6061805778206,95,11.4420544969615,5.10627889524979,0.448645512852818,12,10.3098933404661,0.9,0.779108256898196,15,30.5059953312974,0.6,0.485110485223361,0.105971037681693,0,2.94590797113161,0.343264726016376,2023-04-18,"OBSV_1340"
"Tree_C","Insect_B","Fungi_4","SITE_0001",2022,578,13.3034077040253,66.1586431609336,15.9462319099232,12.1873014664463,0.368798761582002,12,9.20070688504435,0.9,0.918139396459494,18,21.6424154101706,0.5,0.54330287676814,0.130819496872726,0,0.16035493997384,0.0886466698754404,2022-09-28,"OBSV_1203"
"Tree_A","Insect_B","Fungi_4","SITE_0012",2020,579,20.0663451129872,81.8024893662966,17.6158944031214,11.2127150030627,0.919271944952197,12,13.7912731235048,0.9,0.688918086161296,18,29.2161582555005,0.5,0.620694662730539,0.326823957540121,1,4.35575372560966,0.589854330371297,2020-07-11,"OBSV_1095"
"Tree_E","Insect_C","Fungi_1","SITE_0012",2021,580,7.38268614214338,62.8607723609871,44.7897121650603,29.8680585989886,0.434201097954065,18,14.1387035051021,0.5,0.522981446536187,12,13.8034586202175,0.8,0.8075957241181,0.0179736524321081,0,6.4069174307771,0.618717277501042,2021-09-25,"OBSV_1639"
"Tree_C","Insect_E","Fungi_2","SITE_0004",2018,581,11.432857794705,94.9491611893109,13.135822613189,8.18874562428357,0.619396613817662,14,11.79321432564,0.6,0.474440417419276,15,30.186976384536,0.6,0.433532811563389,0.175722894005436,0,6.34879860322412,0.58408248402923,2018-04-23,"OBSV_1474"
"Tree_D","Insect_A","Fungi_4","SITE_0002",2023,582,-7.76853428146775,67.7062010408124,32.9934290415899,20.0417861803256,0.753739872504957,15,8.39927545640449,0.7,0.82522189597664,18,20.1209384521423,0.5,0.303261833831394,0.126007266773586,0,1.45991078198429,0.307943162019075,2023-09-27,"OBSV_1536"
"Tree_B","Insect_C","Fungi_1","SITE_0014",2019,583,21.4773243170863,39.4197890376975,26.369671677379,20.3148336747075,0.777106812852435,18,18.7120849686307,0.5,0.574499095692619,12,5.89878968394429,0.8,0.769086822370016,0.244135785187569,0,7.67852410918738,1.4318053887085,2019-06-05,"OBSV_1577"
"Tree_C","Insect_E","Fungi_4","SITE_0003",2018,584,12.3551590911407,41.5491755722516,25.524021588432,19.5621888044321,0.661541967722587,14,13.6160837262798,0.6,0.638452073157347,18,8.17977838117447,0.5,0.437930170996412,0.217205009947336,0,5.59528941493809,0.195191099526141,2018-09-07,"OBSV_1546"
"Tree_D","Insect_E","Fungi_3","SITE_0013",2019,585,28.6649629131058,30,83.6595136930048,59.9959274952344,0.900380645878613,14,19.190148381825,0.6,0.455877727343411,10,-0.575257066376264,0.9,1,0.43506546396854,1,10.2050974998882,0.0625876748250608,2019-09-24,"OBSV_1152"
"Tree_B","Insect_C","Fungi_1","SITE_0008",2018,586,7.44790711102214,30,61.8302536452497,40.7083464378182,0.80486454013735,18,14.9266120237542,0.5,0.46943458957477,12,-0.74620322773844,0.8,0.707631272327461,0.491007236206954,1,8.35733999540856,0.553000166415256,2018-05-07,"OBSV_1874"
"Tree_B","Insect_A","Fungi_4","SITE_0005",2018,587,12.0655151149522,41.3020713938498,36.8806152919578,26.7952149511399,0.483041612012312,15,13.8354873545167,0.7,0.519426271429682,18,5.45375664982306,0.5,0.289686353903288,0,0,7.67685745820426,0.394422646670349,2018-09-16,"OBSV_1012"
"Tree_C","Insect_E","Fungi_1","SITE_0005",2022,588,-5.33862071375552,30,38.7797943160897,27.877460128148,0.870484328642487,14,9.43600164169033,0.6,0.821360846328904,12,2.02633584632225,0.8,0.389056542904032,0,0,1.21738591667513,0.748289468690441,2022-06-23,"OBSV_1051"
"Tree_A","Insect_C","Fungi_4","SITE_0002",2018,589,20.9464279282379,64.0671034531307,21.3161872123818,17.1709095623018,0.741174473520368,18,20.426028146421,0.5,0.373313504823857,18,22.8295108756255,0.5,0.463373141998655,0.199492073348896,0,12.9418541494197,0.544104016840834,2018-09-03,"OBSV_1303"
"Tree_D","Insect_A","Fungi_4","SITE_0007",2018,590,7.66001947355849,95,21.2242906395792,13.9479819131094,0.687117740581743,15,12.4323298442223,0.7,0.552602970544744,18,37.5318923023843,0.5,0.539289992970297,0.256252541282368,0,5.95807492323767,0.291447451311923,2018-07-07,"OBSV_1108"
"Tree_D","Insect_D","Fungi_1","SITE_0008",2020,591,10.5483995323902,39.693221991512,45.7387166423144,29.8338794119029,0.980445007863455,10,10.0748937080282,0.8,0.622645620836053,12,4.20350707513859,0.8,0.78557562077129,0.25633494239555,0,3.47247698462367,0.247190329489168,2020-08-25,"OBSV_1796"
"Tree_C","Insect_B","Fungi_1","SITE_0011",2018,592,-3.62250762691745,74.5176685154088,53.3244412493116,36.7880513290955,0.724991859984584,12,10.2545327297962,0.9,0.902178396569779,12,19.523854514622,0.8,0.588799293162434,0.0335546608322915,0,1.56600579359944,0.167278753036292,2018-09-17,"OBSV_1690"
"Tree_C","Insect_B","Fungi_3","SITE_0001",2018,593,8.4473835525795,95,38.8262194446025,27.9283492995869,0.477358238422312,12,10.2752280792212,0.9,1,10,20.2160106676451,0.9,0.714543395521843,0.174619393386975,0,-0.672621322974173,0.427278876469298,2018-08-04,"OBSV_1999"
"Tree_C","Insect_B","Fungi_3","SITE_0001",2021,594,11.2953057455258,44.0848889491207,50.5321639371114,36.2285634596427,0.347634672326967,12,12.0578507101114,0.9,1,10,5.63721693821268,0.9,0.839581096463478,0,0,0.382324490530946,0.362803599724603,2021-09-15,"OBSV_1425"
"Tree_C","Insect_C","Fungi_3","SITE_0013",2018,595,23.2948820938874,95,34.9134691338316,24.9370453708958,0.888282565725967,18,20.0589252237074,0.5,0.535301832956112,10,19.5812435663732,0.9,1,0.339002964248828,1,9.33583744226417,0.573951857207932,2018-06-23,"OBSV_1055"
"Tree_C","Insect_E","Fungi_1","SITE_0002",2018,596,-17.7864492128552,43.6418205218237,22.3145444338731,15.2732739566952,0.74242252940312,14,6.01608665748629,0.6,0.788574526189314,12,3.8756906687554,0.8,0.379198802794648,0.00157761451400951,0,1.17186350107297,0.766348606538366,2018-04-18,"OBSV_1493"
"Tree_A","Insect_C","Fungi_4","SITE_0009",2023,597,13.00389757072,48.3731035878762,39.2406906001299,25.060959454984,0.921040608407929,18,18.5914078058152,0.5,0.504009786198181,18,12.8302689786043,0.5,0.380570944531643,0.228537801434028,0,8.64171264183209,0.119982362049616,2023-06-12,"OBSV_1389"
"Tree_B","Insect_E","Fungi_3","SITE_0002",2019,598,-0.278078952101465,82.5379784696824,16.8399796492025,10.6480612433879,0.611995868664235,14,9.25450539184505,0.6,0.601401363614554,10,17.2663948922789,0.9,0.516889089398997,0.189872971556637,0,4.33274584965611,1.01294122735393,2019-09-17,"OBSV_1179"
"Tree_D","Insect_A","Fungi_3","SITE_0008",2019,599,12.8814314338375,59.9332592619127,26.1055906209056,19.9841971183811,0.925503958272748,15,15.2773193332148,0.7,0.762220500138877,10,9.31641830023038,0.9,0.731915089547312,0.0912936403883953,0,3.9545057629841,0.228705308378448,2019-09-03,"OBSV_1121"
"Tree_A","Insect_A","Fungi_1","SITE_0013",2019,600,17.0261020947758,77.303551591144,54.8519661881083,41.471982113101,0.8956310673384,15,14.8167172143983,0.7,0.719008410318718,12,16.793153103494,0.8,0.896831263529725,0.298818447742094,0,3.82779896833538,0.303628595230172,2019-05-21,"OBSV_1498"
"Tree_D","Insect_D","Fungi_2","SITE_0015",2019,601,24.8878232407617,54.6238785261057,34.5860086093803,25.8959467663577,0.832352963555604,10,12.998606838363,0.8,0.705390245223808,15,12.4448880989558,0.6,0.7384966498557,0.136145434376468,0,4.0900660267396,0.372321361437643,2019-07-10,"OBSV_1941"
"Tree_E","Insect_B","Fungi_4","SITE_0001",2019,602,15.1726957927169,30,25.0212211007384,16.798866087617,0.788269478082657,12,10.4514188772359,0.9,0.869598667847408,18,2.81832465370001,0.5,0.521997590198976,0,0,1.49689850191253,0.39684329813321,2019-04-01,"OBSV_1797"
"Tree_B","Insect_E","Fungi_4","SITE_0007",2022,603,6.54965056324631,36.0450635942113,21.9564578109765,11.5944699993399,0.995745057123713,14,10.959082124985,0.6,0.735894042079825,18,5.78018359880093,0.5,0.412295914032109,0,0,3.19953008697168,0.556980959575591,2022-08-22,"OBSV_1358"
"Tree_C","Insect_E","Fungi_4","SITE_0001",2019,604,10.2964774255612,80.5651951123722,23.5288204737937,16.9583255005721,0.306094475230202,14,11.1670892440533,0.6,0.638622973834544,18,27.876963785451,0.5,0.217381326814281,0.0559909194574885,0,3.36647194119214,0.710577616329226,2019-04-07,"OBSV_1442"
"Tree_E","Insect_A","Fungi_1","SITE_0005",2022,605,14.2526412586351,42.1081835026663,28.5626227934526,23.6623980272511,0.713298301910982,15,15.9257471819902,0.7,0.881295679568643,12,4.62672737610802,0.8,0.858151939036044,0.064296901596574,0,2.10200288077043,0.328741018722955,2022-07-05,"OBSV_1094"
"Tree_A","Insect_C","Fungi_4","SITE_0011",2021,606,16.4611710799442,80.8401662824293,36.5836446558417,24.0311739862868,0.473626604862511,18,18.7486625541717,0.5,0.413554254813276,18,31.2925523942453,0.5,0.58858526201412,0.257354322269573,0,10.7830397433618,0.223387519238154,2021-04-09,"OBSV_1961"
"Tree_E","Insect_D","Fungi_3","SITE_0005",2020,607,-2.02491754161333,95,22.255492097861,16.0614771549946,0.698585092299618,10,2.90337613623879,0.8,0.620631626038212,10,19.7743651096903,0.9,0.530595463455978,0.173926235864653,0,0.960511253432597,0.41278720308378,2020-08-15,"OBSV_1136"
"Tree_A","Insect_A","Fungi_4","SITE_0011",2019,608,5.6425730152922,81.3079679309448,6.77256367621174,6.78834074719364,0.553464745497331,15,13.2832930113024,0.7,0.653608225600137,18,28.6300337668709,0.5,0.184530519727291,0.156858269048548,0,4.64787285721918,0.0796301157748824,2019-08-15,"OBSV_1906"
"Tree_C","Insect_D","Fungi_4","SITE_0004",2019,609,-4.75551969943728,77.8397513152364,52.4679986266489,36.0019431157546,0.63837225807365,10,3.51363462122637,0.8,0.937834769947093,18,28.2813493497909,0.5,0.289081150976671,0,0,-0.360928182883054,1.37834540404147,2019-09-09,"OBSV_1159"
"Tree_A","Insect_D","Fungi_4","SITE_0007",2020,610,0.107884517253511,45.3934351645575,21.6180257536753,15.1809048745899,0.382418779307045,10,5.03838005384494,0.8,0.698319593880486,18,10.5736034416069,0.5,0.432573936073303,0,0,1.93090903848882,0.23844714109551,2020-08-22,"OBSV_1921"
"Tree_A","Insect_A","Fungi_2","SITE_0014",2021,611,8.66987620223162,75.4541690541725,7.63903255909157,5.19383885571389,0.387719845026731,15,11.0680276328565,0.7,0.69959527379968,15,24.4077529054685,0.6,0.39377565706201,0,0,3.32014100451732,0.580097714320528,2021-07-17,"OBSV_1850"
"Tree_D","Insect_C","Fungi_3","SITE_0002",2020,612,-13.8655989278066,30,57.5596690224102,40.6873188291207,0.417039558826946,18,5.98132931474521,0.5,0.472929585601379,10,2.03728622100384,0.9,0.284266989524473,0,0,2.46010235571472,0.971044264555927,2020-06-06,"OBSV_1187"
"Tree_D","Insect_B","Fungi_1","SITE_0003",2023,613,-7.46880219789844,57.8643638432514,14.5702741469052,9.27923632003631,0.942932943115011,12,7.94401482957688,0.9,1,12,13.4426753055479,0.8,0.268786505741593,0.0678900320217554,0,-0.694108499801429,0.246753085428993,2023-09-23,"OBSV_1768"
"Tree_E","Insect_A","Fungi_4","SITE_0009",2021,614,-1.69048804234714,91.2415709190347,55.5141582011751,39.6818317430546,0.691707051964477,15,9.81180844110541,0.7,0.674168108458588,18,32.2179470304651,0.5,0.331539533931768,0.0786347807706485,0,2.73719348636081,0.828898874066409,2021-06-12,"OBSV_1833"
"Tree_A","Insect_A","Fungi_1","SITE_0006",2021,615,14.2357381021781,47.7102532394034,36.7635204860098,26.1449833445321,0.637584355543368,15,13.8078713927491,0.7,0.634764655155694,12,3.63377263202921,0.8,0.92619868665073,0.114957102724103,0,4.92092704898379,0.0797079458046382,2021-04-23,"OBSV_1489"
"Tree_E","Insect_D","Fungi_4","SITE_0008",2022,616,12.5426750313948,95,36.1979554280667,24.4334772678092,0.308826644602232,10,6.52958081817657,0.8,0.809721031466784,18,32.4741275588147,0.5,0.385583919598789,0.129299188189632,0,0.717163680535775,0.208623647295303,2022-09-17,"OBSV_1987"
"Tree_E","Insect_C","Fungi_1","SITE_0013",2023,617,10.7437696870519,66.2187315307273,18.8653315763524,11.6232862096332,0.955114823766053,18,16.8989961610303,0.5,0.423975954166794,12,13.1536698972451,0.8,0.827981589639583,0.473012875455921,1,9.81225336490072,0.0384567048284846,2023-08-21,"OBSV_1711"
"Tree_B","Insect_C","Fungi_4","SITE_0009",2020,618,-6.61186857578609,34.1872629320136,59.648033760915,37.7646380627616,0.529157685930841,18,8.62291472298976,0.5,0.634912031860078,18,7.54259757031518,0.5,0.236026651468992,0,0,3.22255616674208,1.9830390258349,2020-07-11,"OBSV_1937"
"Tree_E","Insect_A","Fungi_1","SITE_0003",2018,619,-1.61336713009163,63.7266982655322,73.5611866764231,53.8268431117829,0.911348510952666,15,8.90113262542721,0.7,0.59769741193955,12,16.434440982698,0.8,0.449687501291573,0.10796348708831,0,2.4231241499799,2.6562721050748,2018-05-02,"OBSV_1809"
"Tree_A","Insect_E","Fungi_2","SITE_0013",2022,620,19.7674443230236,43.2659211407624,8.03548511749769,3.87622159991933,0.977895930386148,14,13.3909961365011,0.6,0.733139514981699,15,8.16515225965655,0.6,0.685864202686544,0.274115798525993,0,3.5441600422635,0.167649818274808,2022-05-25,"OBSV_1953"
"Tree_D","Insect_A","Fungi_2","SITE_0010",2022,621,8.73306645913358,77.1526730258468,14.35047637366,9.96762142826955,0.439171185344458,15,10.2647539126909,0.7,0.734508103042553,15,21.3541361466664,0.6,0.4396348704789,0.123602157323001,0,2.9834635485219,0.377717338685607,2022-04-18,"OBSV_1964"
"Tree_A","Insect_D","Fungi_1","SITE_0008",2020,622,14.6624052577115,30,32.0923545946064,22.4237194213013,0.851409816578962,10,9.29762730821821,0.8,0.987937338991956,12,-0.152859369767862,0.8,0.800212422207637,0.0745307701082739,0,0.0743839446043264,0.291634401749636,2020-08-12,"OBSV_1633"
"Tree_D","Insect_D","Fungi_2","SITE_0002",2022,623,6.92787218078171,59.9481512859008,27.4510977320825,19.504570353604,0.517692580097355,10,9.70618826032507,0.8,0.871474973551731,15,14.6264342552569,0.6,0.508354787240025,0.164186835265911,0,0.956625050707413,0.386119969112843,2022-06-19,"OBSV_1593"
"Tree_E","Insect_C","Fungi_2","SITE_0004",2018,624,0.979851006222072,46.8082790955716,21.1451742879436,13.3587091175129,0.430513082141988,18,13.7367389153859,0.5,0.37307033228717,15,8.65728719439455,0.6,0.508903328615292,0.200929543257198,0,9.00457935966539,0.794726454297649,2018-07-21,"OBSV_1838"
"Tree_C","Insect_D","Fungi_1","SITE_0015",2023,625,20.187212422139,55.8279569302974,19.7948486465752,10.2546278621838,0.644934356096201,10,11.8858402527125,0.8,0.755045734849929,12,13.4749307731472,0.8,0.758564520899655,0.129349236998793,0,2.85451526387912,0.321690751578723,2023-07-25,"OBSV_1161"
"Tree_A","Insect_A","Fungi_3","SITE_0015",2020,626,14.1531401257634,30,43.5589697142068,31.4590196078881,0.983931925427169,15,15.0817794531787,0.7,0.659892088958755,10,0.547485012558956,0.9,0.911975296344157,0.405081303472926,1,6.33731911508078,0.167755343455188,2020-07-05,"OBSV_1692"
"Tree_C","Insect_E","Fungi_2","SITE_0002",2020,627,2.08628389348719,30.095695161647,5.98779762041251,1.72814889010468,0.753513981192373,14,9.86164540848389,0.6,0.495165429707912,15,0.0377280611136741,0.6,0.435689882885599,0.069039975735453,0,5.5965017427942,0.488980097487533,2020-08-09,"OBSV_1090"
"Tree_E","Insect_A","Fungi_1","SITE_0009",2020,628,14.3925653694663,43.1497234754602,17.8837529685655,11.3307132352456,0.384924287768081,15,17.8178388582944,0.7,0.625389342797586,12,6.44119622894223,0.8,0.823676257884696,0.0850297481197436,0,6.54003757190858,0.202769044083356,2020-04-21,"OBSV_1617"
"Tree_E","Insect_C","Fungi_4","SITE_0009",2018,629,11.2183570353672,74.0053371631714,54.2781734641175,37.5772724552421,0.941609119763598,18,12.0307659548207,0.5,0.330803884586572,18,27.6959719360989,0.5,0.451059203412415,0.211952624413292,0,7.74599685740821,1.20055878062726,2018-08-04,"OBSV_1405"
"Tree_E","Insect_A","Fungi_4","SITE_0013",2023,630,16.8921608892184,95,24.5752636582325,18.7499458733267,0.405603948561475,15,14.6457784761636,0.7,0.601688834796057,18,38.9043548956871,0.5,0.579297012864174,0.0137654797753657,0,4.39551436122643,0.738128499351343,2023-07-07,"OBSV_1953"
"Tree_D","Insect_A","Fungi_3","SITE_0009",2023,631,12.9373693066218,71.0654605554197,14.9569671060253,12.2350709379081,0.370111307431944,15,13.6321544743846,0.7,0.589544627021236,10,16.6736853395679,0.9,0.911956966883863,0.147800559918977,0,5.46669829258537,0.213726554970425,2023-09-23,"OBSV_1094"
"Tree_C","Insect_D","Fungi_3","SITE_0007",2022,632,3.89108113041062,30,17.2845487458023,15.9900295995438,0.625414059287868,10,7.32685544169701,0.8,0.874502949723581,10,1.59748908034844,0.9,0.697902146643301,0.063078444651335,0,1.77940467796664,0.423497394248452,2022-07-18,"OBSV_1247"
"Tree_D","Insect_B","Fungi_2","SITE_0009",2022,633,1.0791286921937,94.9216512481695,59.4879948598087,39.8776339010215,0.623191076563671,12,10.2208020549711,0.9,0.941124273227155,15,28.4162535736588,0.6,0.337961775430033,0,0,0.692950243797133,1.27922272137263,2022-09-21,"OBSV_1014"
"Tree_B","Insect_C","Fungi_3","SITE_0002",2018,634,0.575467385545601,95,24.6432344219504,15.6108770212237,0.459088532021269,18,12.0590309302556,0.5,0.321858493432635,10,21.8236355033553,0.9,0.754724871911436,0.244830882710564,0,8.19492350915519,0.277575680366138,2018-07-13,"OBSV_1970"
"Tree_E","Insect_D","Fungi_3","SITE_0006",2019,635,22.6005227187843,31.708121552479,16.2870901637357,11.5348708053559,0.651338872569613,10,10.5528132845129,0.8,0.770142600541525,10,1.7904199054752,0.9,1,0.186886935691216,0,2.0495111442918,0.3772048068668,2019-07-01,"OBSV_1279"
"Tree_E","Insect_B","Fungi_2","SITE_0001",2020,636,8.37977796613217,84.1269283972587,15.3989672788761,10.8110984546353,0.630345836421475,12,9.80582879257882,0.9,0.993661411410991,15,27.2303425196948,0.6,0.639426772351075,0,0,0.252527746431636,0.74378623120711,2020-04-08,"OBSV_1049"
"Tree_D","Insect_E","Fungi_1","SITE_0010",2022,637,17.9277367456433,86.3607036528509,28.4171978564427,22.2644497373521,0.78784842104651,14,16.6413796503136,0.6,0.530929355253563,12,22.3433210095228,0.8,0.696367418673012,0.296978060901582,0,7.58519761762795,0.652273463985696,2022-04-28,"OBSV_1044"
"Tree_B","Insect_E","Fungi_4","SITE_0011",2020,638,11.2960638449811,41.3049025237944,7.86420258649288,2.62154507085701,0.858556931465864,14,11.345920308907,0.6,0.60001821845484,18,7.14562144386158,0.5,0.673312730151981,0.308314851552193,1,3.86831748230748,0.581359626574856,2020-04-21,"OBSV_1539"
"Tree_D","Insect_B","Fungi_4","SITE_0007",2021,639,16.6656762278399,59.036071493547,23.2917666464913,16.0862617920596,0.362143700080924,12,12.6443287303632,0.9,0.928724223074285,18,17.4052689133247,0.5,0.50160569358517,0.0359652428575347,0,1.04637793851195,0.216688541671864,2021-09-11,"OBSV_1273"
"Tree_B","Insect_E","Fungi_3","SITE_0013",2023,640,11.8188736250625,74.6561311671869,16.6897401578262,9.29587107378719,0.530586796929128,14,13.6364534024226,0.6,0.677826986274336,10,12.0575662233204,0.9,0.935817960018181,0.197863671532379,0,4.05550421519641,0.561471665187755,2023-08-26,"OBSV_1860"
"Tree_B","Insect_E","Fungi_4","SITE_0012",2019,641,6.7090966412063,87.2861409934476,12.9462984057563,9.70965829822705,0.372711820714176,14,11.3973936017905,0.6,0.543864504554276,18,33.0723125408043,0.5,0.435959683461715,0.149775857559872,0,5.43910457152177,0.477726883123264,2019-06-01,"OBSV_1103"
"Tree_D","Insect_E","Fungi_3","SITE_0011",2018,642,24.3204901064289,79.608394329294,35.8876391916671,24.3981453748644,0.953329603676684,14,17.8162338947554,0.6,0.620154194622784,10,14.5370611812699,0.9,0.913234236970074,0.382944044261516,1,6.96865203836056,0.435296410640712,2018-08-24,"OBSV_1045"
"Tree_B","Insect_E","Fungi_4","SITE_0005",2020,643,7.41543511024023,49.9696311335133,76.5417189842591,51.9127919861661,0.627564582414925,14,9.68371236055052,0.6,0.718850236317087,18,13.8596221271904,0.5,0.338517170912673,0.0347721187930218,0,2.47359373857082,0.28539048091984,2020-05-27,"OBSV_1316"
"Tree_B","Insect_C","Fungi_1","SITE_0010",2018,644,9.15488332983135,91.6195450618622,13.9504054540156,8.21498279417769,0.573091723280959,18,17.7750744363589,0.5,0.545327587242345,12,23.0408816758558,0.8,0.58692231940945,0.414969340659388,1,7.85111890650905,0.379182483133472,2018-04-27,"OBSV_1625"
"Tree_E","Insect_D","Fungi_4","SITE_0007",2019,645,5.82059590935451,70.1433894794716,17.649510364209,11.0833037860376,0.522568062134087,10,9.88649911204322,0.8,0.785499304251877,18,26.0242611026636,0.5,0.622909704992342,0.0446612332972676,0,1.85272023229151,0.927631276711607,2019-04-19,"OBSV_1407"
"Tree_C","Insect_D","Fungi_3","SITE_0005",2021,646,0.0649419291524457,30.9964863766164,33.9981066012724,25.7512713659049,0.98065649389755,10,7.3190155726435,0.8,0.774756668529357,10,5.98531851472916,0.9,0.648432648005336,0.207622237293739,0,2.24496983829297,0.579933197696357,2021-04-13,"OBSV_1579"
"Tree_B","Insect_C","Fungi_4","SITE_0015",2022,647,1.70278324654332,30,42.9349912352508,27.8013525183235,0.909835672960617,18,13.3689233260782,0.5,0.554819261602242,18,0.823068608309079,0.5,0.29818462074602,0.104023652312406,0,7.04705419541024,1.52735414150304,2022-07-18,"OBSV_1395"
"Tree_D","Insect_E","Fungi_2","SITE_0005",2021,648,-0.360529837224407,30,22.7283246708442,12.29661642396,0.464750486915,14,9.22820732171368,0.6,0.610322824038136,15,3.64376117364703,0.6,0.443546696352304,0.138196309741427,0,3.87063133815701,0.0668900494945931,2021-06-14,"OBSV_1038"
"Tree_B","Insect_B","Fungi_2","SITE_0003",2019,649,3.88207925572204,83.4580257727055,4.28450641332468,3.55109279684765,0.851885020779446,12,9.3768252723965,0.9,0.801700888259894,15,23.4125855571676,0.6,0.383349452016923,0.0812321190686024,0,1.48864941376043,0.563476772718464,2019-08-25,"OBSV_1864"
"Tree_E","Insect_D","Fungi_2","SITE_0012",2019,650,5.87288477290459,92.0050790581154,29.9956107488582,22.7961807595108,0.831236392632127,10,9.51236325213692,0.8,0.894466267269786,15,25.2909491408166,0.6,0.411656523362464,0.0798896124040012,0,1.51258829636357,0.714054825836573,2019-07-13,"OBSV_1624"
"Tree_A","Insect_B","Fungi_3","SITE_0015",2021,651,12.8846016644001,40.2295923677616,30.9970104242919,22.672943387817,0.343612713715993,12,12.5705904068686,0.9,0.958631095306234,10,4.02764114001492,0.9,0.835264945117662,0,0,-0.44634601368074,0.27780086868849,2021-08-11,"OBSV_1064"
"Tree_E","Insect_A","Fungi_2","SITE_0006",2023,652,25.2082961342168,71.2752765545868,73.056363170593,48.9732731870278,0.524794343439862,15,17.7261088875914,0.7,0.638657894344631,15,16.216214673946,0.6,0.868178095731315,0.0289553990741599,0,6.85955770874653,0.84763008737579,2023-07-27,"OBSV_1470"
"Tree_B","Insect_A","Fungi_2","SITE_0011",2018,653,3.97713295346057,54.8148159130735,51.3673999353333,38.2777874351211,0.855287378025241,15,10.4425598270326,0.7,0.566654641379557,15,11.6978069777167,0.6,0.590631607269912,0.204203291294002,0,3.80753463071891,0.575958381167758,2018-06-25,"OBSV_1163"
"Tree_A","Insect_E","Fungi_1","SITE_0003",2020,654,6.58042596094234,59.9046652173384,22.7187669364281,17.2519138030485,0.915287253027782,14,10.6186827827451,0.6,0.586229012268338,12,13.3527664320108,0.8,0.541882158166632,0.307901362896247,1,4.03795144506171,0.570185797303909,2020-07-14,"OBSV_1838"
"Tree_C","Insect_E","Fungi_3","SITE_0008",2018,655,6.65969859699796,95,11.1761794813192,9.80389505037776,0.313056464865804,14,11.8137924091378,0.6,0.806647452610114,10,20.3161705856978,0.9,0.483659608040856,0,0,2.98224128851334,0.0738398575082526,2018-06-11,"OBSV_1255"
"Tree_B","Insect_D","Fungi_3","SITE_0008",2021,656,12.9840405109249,91.4956863831154,7.2409029640272,0.231898412739993,0.511634577508084,10,8.32629352704189,0.8,0.919199816711958,10,19.2039022358966,0.9,0.952278391632258,0.170274941177004,0,0.840453513923062,0.202924896012185,2021-05-13,"OBSV_1607"
"Tree_D","Insect_A","Fungi_3","SITE_0007",2022,657,-6.17268689946356,30,24.0966131960358,16.3681148531867,0.47407003485132,15,7.26308109399267,0.7,0.817730071267259,10,4.46526361877902,0.9,0.520829584428317,0.00440913118972363,0,0.404071629367771,0.62966269120491,2022-09-10,"OBSV_1826"
"Tree_C","Insect_E","Fungi_4","SITE_0006",2023,658,21.9013959388845,86.5174461772852,52.5574952325975,35.8942325175632,0.642380736325867,14,14.6356789638628,0.6,0.587395097749296,18,30.1565404601667,0.5,0.664352241484478,0.147902650412958,0,6.40917797378661,0.173744732771409,2023-09-09,"OBSV_1155"
"Tree_C","Insect_E","Fungi_4","SITE_0011",2023,659,14.5638142433205,51.5486500638155,22.8246936016161,15.8794359094702,0.914257717784494,14,13.7894949355471,0.6,0.710087443930997,18,14.1888475504942,0.5,0.526028270167389,0,0,2.59081464296164,1.60419858521179,2023-09-25,"OBSV_1585"
"Tree_E","Insect_B","Fungi_4","SITE_0004",2020,660,0.481636535249812,30,46.269846486312,32.589590022174,0.987863953318447,12,8.26669066279694,0.9,0.837128384971687,18,3.73056724592376,0.5,0.332657109426421,0.242815426789563,0,0.703945468283819,0.421152584048145,2020-04-06,"OBSV_1194"
"Tree_B","Insect_B","Fungi_2","SITE_0003",2022,661,-6.50824793654144,59.6968629493427,33.3490910071487,21.2807159734339,0.650056934799068,12,7.45326005830922,0.9,0.979520747520212,15,15.5678633341255,0.6,0.248171514165429,0,0,0.879458804729161,0.928782240827963,2022-04-15,"OBSV_1290"
"Tree_B","Insect_A","Fungi_3","SITE_0013",2021,662,16.5377136059452,36.7737972337503,29.0203673451066,22.3657635252068,0.754964796430431,15,16.4274958465022,0.7,0.707463637304279,10,0.704283461647581,0.9,0.977443339455169,0.276205217995964,0,4.42346587437753,0.623410558948903,2021-09-14,"OBSV_1473"
"Tree_B","Insect_D","Fungi_4","SITE_0003",2020,663,2.63762885938168,65.0181058645843,19.3577488207867,13.909370738751,0.428938137134537,10,7.00828092934267,0.8,0.917488424784677,18,19.4408854758685,0.5,0.480490116092769,0,0,2.0782448179105,0.493329973318988,2020-04-21,"OBSV_1297"
"Tree_A","Insect_A","Fungi_4","SITE_0001",2023,664,10.5335502605034,90.2951080395555,5.18229423143961,-3.55725183435881,0.815789216267876,15,14.7446600103788,0.7,0.534257154459688,18,34.1677933862605,0.5,0.454635612379687,0.173976678523271,0,6.93000461869999,1.04921384632994,2023-07-19,"OBSV_1816"
"Tree_D","Insect_C","Fungi_2","SITE_0004",2023,665,-5.59314048779644,32.2819643448916,33.4428536875683,19.836004070909,0.512783185369335,18,11.8808071109698,0.5,0.312285698391967,15,3.38893718115686,0.6,0.487656155960928,0.206306879606243,0,8.00401102270857,0.49245813197995,2023-07-23,"OBSV_1207"
"Tree_D","Insect_B","Fungi_2","SITE_0006",2019,666,5.67800037460784,61.6225844713127,8.67426461479257,5.42234675855016,0.974004539800808,12,11.8093984023571,0.9,0.874759558857791,15,13.6331151498376,0.6,0.496592139081567,0.196572243647882,0,1.90968729147388,0.43953163727461,2019-06-09,"OBSV_1379"
"Tree_E","Insect_E","Fungi_3","SITE_0003",2021,667,10.1290684017917,30,11.2556081081572,8.69363211876844,0.387383148493245,14,10.3635724461517,0.6,0.662310666860647,10,-0.610077753263455,0.9,0.832610524740876,0.126022229542117,0,3.68667614953961,0.445266460038928,2021-07-25,"OBSV_1459"
"Tree_D","Insect_A","Fungi_3","SITE_0010",2022,668,18.6216982982383,37.5474662232828,21.815842171402,13.2008503374303,0.928197483764961,15,14.943645241508,0.7,0.49172147818771,10,1.28178229650707,0.9,0.818052423181729,0.310225267936302,1,7.92149479380913,0.661247473298269,2022-09-14,"OBSV_1926"
"Tree_D","Insect_A","Fungi_1","SITE_0001",2023,669,18.8149959911274,50.5961790990391,11.1752917034666,7.76547935089091,0.841809686133638,15,15.6220881045776,0.7,0.9033295523074,12,8.21106242671121,0.8,0.851859605702758,0,0,1.71085003713675,0.463848263809592,2023-07-15,"OBSV_1713"
"Tree_E","Insect_B","Fungi_3","SITE_0009",2023,670,4.53432482952714,42.223984253339,19.9775555083606,12.7691040799652,0.383197354897857,12,9.18517993254722,0.9,0.941340164503658,10,8.10391038685258,0.9,0.612132522786143,0,0,-0.232294588918412,0.161440953445222,2023-05-17,"OBSV_1795"
"Tree_E","Insect_E","Fungi_2","SITE_0012",2023,671,7.08389074864395,89.3358768052294,22.2415570542151,16.3285962630253,0.771213831589557,14,13.0497738865473,0.6,0.631911916765729,15,26.5005428220759,0.6,0.408883018504175,0.293524128777193,0,4.37793281215592,1.0277942008065,2023-06-05,"OBSV_1211"
"Tree_E","Insect_B","Fungi_4","SITE_0003",2020,672,4.36286787226196,71.8142018561993,37.6152876215771,26.7543852386919,0.989137462666258,12,10.0807002293553,0.9,0.921814137899865,18,27.3374664558119,0.5,0.346297495685809,0.164850509285517,0,1.87642673284032,1.41367279068068,2020-09-06,"OBSV_1978"
"Tree_E","Insect_A","Fungi_2","SITE_0012",2019,673,15.0375823553802,30,41.6075270859905,28.5661591557944,0.536535171186551,15,17.1349778261069,0.7,0.836493428352857,15,4.81579236862877,0.6,0.548423316882777,0.0429763711097271,0,2.91594150854637,0.0496160232732532,2019-04-03,"OBSV_1124"
"Tree_D","Insect_C","Fungi_2","SITE_0009",2022,674,11.6130638328388,44.4804004523864,32.9301256410596,22.6309112093794,0.77839868189767,18,17.2635702532426,0.5,0.377375034264284,15,7.66613054176771,0.6,0.553857572596995,0.317130500985316,1,10.3801251384662,0.205932615798676,2022-04-21,"OBSV_1895"
"Tree_C","Insect_C","Fungi_4","SITE_0010",2022,675,5.5237072834717,54.7914486491391,40.2597381846257,24.4274504968605,0.520161406486295,18,13.7307662819314,0.5,0.695091152909544,18,11.9901644024362,0.5,0.526230065827392,0.03824136875814,0,4.60913277197505,1.26422415509547,2022-05-14,"OBSV_1614"
"Tree_B","Insect_A","Fungi_4","SITE_0005",2022,676,-6.6424579119376,47.8371942041028,21.4572003382752,17.4589014360371,0.670317116053775,15,7.73897761610641,0.7,0.734285985115964,18,13.180909461641,0.5,0.290949611926052,0.0297761400526504,0,1.66173149124421,0.380264009917109,2022-07-23,"OBSV_1683"
"Tree_E","Insect_D","Fungi_3","SITE_0015",2023,677,11.1332708859762,65.7647325379112,9.23612747192826,7.18409315121612,0.553034179797396,10,9.6434362543107,0.8,0.794348933265494,10,10.9284241939294,0.9,0.892578376873955,0.160134900039495,0,1.61503843876971,0.18798749616607,2023-05-10,"OBSV_1511"
"Tree_A","Insect_C","Fungi_2","SITE_0003",2020,678,15.5334574866639,46.6377040098132,19.4137284195032,12.1157744745057,0.469450729340315,18,18.3645732120605,0.5,0.538346571239026,15,11.3125254650891,0.6,0.511356712922329,0.154687395442633,0,9.0086401519913,0.0552469263992693,2020-09-13,"OBSV_1474"
"Tree_B","Insect_B","Fungi_3","SITE_0003",2023,679,7.6041891037706,30,51.9995212877945,34.0668634191135,0.731400044029578,12,10.3030174227757,0.9,0.868922858885077,10,3.06692639021329,0.9,0.984918870691356,0,0,1.53185619362434,1.04493766856986,2023-05-27,"OBSV_1064"
"Tree_D","Insect_C","Fungi_2","SITE_0002",2022,680,-4.83737132184662,35.2792418932613,56.3714331870653,40.0168318876019,0.498118283133954,18,13.6152220225812,0.5,0.609311440681338,15,3.65079239832315,0.6,0.291509689859808,0.0839800457041238,0,4.86631267656227,0.184865983269916,2022-08-09,"OBSV_1261"
"Tree_A","Insect_C","Fungi_3","SITE_0008",2022,681,15.6965811400005,64.5304275799746,10.0426348001058,5.38329754807222,0.319987179175951,18,18.400965926969,0.5,0.469727871792204,10,10.6932258284803,0.9,0.951233513808761,0.0396109230648651,0,10.0762686766016,0.0360003160452689,2022-07-22,"OBSV_1082"
"Tree_E","Insect_E","Fungi_3","SITE_0004",2020,682,11.3615431738959,53.0800369490202,25.5718447814487,19.7416704573471,0.980138219241053,14,13.6154512992918,0.6,0.519906231435067,10,7.31236169969991,0.9,0.849255599037793,0.399126609635672,1,7.65681719476851,0.424160339807347,2020-08-02,"OBSV_1737"
"Tree_D","Insect_E","Fungi_3","SITE_0013",2022,683,11.3695056928356,70.4013994666511,22.2667469251178,16.388166653878,0.828060783981346,14,14.6373636342599,0.6,0.617793318559219,10,11.1276527035102,0.9,0.893479013942966,0.172072707984326,0,5.34983817996803,0.359051264441641,2022-07-16,"OBSV_1471"
"Tree_A","Insect_C","Fungi_1","SITE_0001",2023,684,4.1678586002378,46.6673686108334,20.7638143909153,14.3156059255532,0.681834839144722,18,16.0865230261616,0.5,0.601798346446046,12,6.81052293964464,0.8,0.767755184905232,0.319751518833272,1,6.5820867691266,0.0353821584919383,2023-09-09,"OBSV_1134"
"Tree_A","Insect_D","Fungi_4","SITE_0005",2020,685,9.38636711087749,95,40.7063661877112,29.3664372977955,0.909591435804032,10,7.62385040628424,0.8,0.796935466297216,18,35.4201717834332,0.5,0.437144511493933,0,0,0.967403947142197,0.241558923499642,2020-07-14,"OBSV_1648"
"Tree_E","Insect_B","Fungi_4","SITE_0011",2023,686,16.3136498593784,95,68.8967431315075,49.0380039705988,0.527028857916593,12,13.3473961603009,0.9,0.773003645959134,18,37.4576011435627,0.5,0.375286568339433,0,0,2.40425832439713,1.22851167688698,2023-08-11,"OBSV_1023"
"Tree_A","Insect_A","Fungi_2","SITE_0007",2018,687,14.1738503859233,48.8151646134994,64.8568441574135,46.4832578450999,0.490568820666522,15,14.554776788698,0.7,0.801814045363793,15,6.45186541022844,0.6,0.643435797275068,0.273095888878312,0,3.35167359176382,0.225334528153874,2018-06-11,"OBSV_1762"
"Tree_B","Insect_D","Fungi_2","SITE_0007",2020,688,13.7755444006335,44.5509623626128,11.4584431755912,5.27350727678868,0.417162946867757,10,10.174674547456,0.8,0.61131448156516,15,5.42529858286748,0.6,0.597231041922894,0.209955010911985,0,4.84173737219068,0.73454666482153,2020-09-25,"OBSV_1977"
"Tree_B","Insect_A","Fungi_1","SITE_0005",2022,689,-10.1104656340743,80.0116420888948,15.650090118538,11.0684952455052,0.928359764069319,15,8.03215475570089,0.7,0.587088739604573,12,19.1453476699937,0.8,0.382063545434922,0.144460653108775,0,2.80220222661938,0.177643455776877,2022-08-03,"OBSV_1125"
"Tree_C","Insect_B","Fungi_4","SITE_0011",2023,690,19.0693523837098,30,30.5909847647681,20.8993888285497,0.920458658202551,12,11.999574869867,0.9,1,18,1.35505692494448,0.5,0.58395020566496,0.0233049548155813,0,-0.328950904587946,1.78666166238188,2023-07-18,"OBSV_1240"
"Tree_A","Insect_D","Fungi_1","SITE_0001",2021,691,13.456993845769,95,50.679484393706,37.7522650529891,0.541855905507691,10,10.9511990886332,0.8,0.906286805956733,12,28.368172486921,0.8,0.908882300093585,0.0035109167001656,0,1.23063726199796,1.20775981372949,2021-08-04,"OBSV_1687"
"Tree_A","Insect_E","Fungi_1","SITE_0004",2022,692,12.2332498113469,95,85.289059670202,59.6902482253362,0.517285330360755,14,12.238651590069,0.6,0.608452602201123,12,26.2030966343177,0.8,0.73090437280334,0.249754188757332,0,4.62106821593088,0.302025394634294,2022-07-09,"OBSV_1429"
"Tree_A","Insect_C","Fungi_4","SITE_0015",2021,693,12.230860763546,35.9479927744496,40.6879778870914,24.9859024013021,0.447518316353671,18,11.9924107772041,0.5,0.473049415319363,18,4.9878680927699,0.5,0.53472334241822,0.121191812299394,0,6.37339471973501,0.323167584429675,2021-05-06,"OBSV_1776"
"Tree_E","Insect_C","Fungi_2","SITE_0004",2019,694,-1.741570432963,74.3485407661998,7.72008306943107,6.96779413530404,0.711090835020877,18,13.4747235827429,0.5,0.508300652237589,15,18.1632146762011,0.6,0.400221662724319,0.116887914864,0,6.60077359281886,0.591835720756698,2019-04-06,"OBSV_1615"
"Tree_B","Insect_E","Fungi_4","SITE_0012",2022,695,13.188475693668,61.3955772489104,46.8199611767546,29.9110897104718,0.646307241264731,14,14.679851218373,0.6,0.624648156199911,18,22.0454073363095,0.5,0.428631845950355,0.133432597811587,0,5.36492021425181,1.12877778783388,2022-09-15,"OBSV_1243"
"Tree_C","Insect_C","Fungi_3","SITE_0012",2020,696,21.9958263368596,30,70.0097764323772,49.8424219316498,0.506112085026689,18,21.9154846298779,0.5,0.486200996194868,10,2.67521446940283,0.9,1,0.283662353534271,0,12.0526681493789,0.814758736203222,2020-08-05,"OBSV_1351"
"Tree_D","Insect_D","Fungi_2","SITE_0014",2021,697,4.80802841123476,59.2901729127198,31.8783729350101,20.5466396545931,0.886022370262072,10,6.72331647200902,0.8,0.817209616338021,15,14.019709233572,0.6,0.388889328721914,0.198742076793903,0,0.455350933414403,1.23611068524201,2021-05-22,"OBSV_1732"
"Tree_A","Insect_C","Fungi_3","SITE_0003",2018,698,6.73082538401238,30,35.8329547340264,24.2139962405104,0.892566883401014,18,14.6561711569818,0.5,0.564911363809466,10,-0.0108130573956797,0.9,0.739281229333355,0.260175656746498,0,4.87408463062382,0.179530306924934,2018-09-11,"OBSV_1778"
"Tree_B","Insect_E","Fungi_2","SITE_0015",2020,699,21.5549416580906,55.3531213639992,24.8437800455343,16.0526263974982,0.93120714975521,14,16.4814405450702,0.6,0.505536823436402,15,14.533558146851,0.6,0.616893717225655,0.242794223538464,0,8.2138845252445,0.492041934906122,2020-09-05,"OBSV_1077"
"Tree_E","Insect_C","Fungi_3","SITE_0010",2018,700,7.79509201786576,67.4936393335572,40.2666348589808,28.3005780944614,0.575375584792346,18,15.8405450142125,0.5,0.667891739195504,10,13.9779110632043,0.9,0.645747043161158,0.0425002489039232,0,5.90537377177198,0.864066281750201,2018-06-27,"OBSV_1152"
"Tree_E","Insect_E","Fungi_3","SITE_0009",2020,701,10.9853484791063,64.7534275109379,10.5514028534764,6.85697418688655,0.811485300399363,14,14.2788684879496,0.6,0.44237964166172,10,13.2361256068957,0.9,0.669008695876742,0.267811154448141,0,7.68641733631808,0.113038075328804,2020-06-11,"OBSV_1260"
"Tree_B","Insect_D","Fungi_1","SITE_0011",2018,702,9.33378602180468,77.6831988222055,35.7283337333128,20.8470394301967,0.605560972448438,10,10.3408643348233,0.8,0.887087413402142,12,18.1604204886853,0.8,0.67031045961192,0,0,1.9735425412385,0.825688872339129,2018-07-26,"OBSV_1763"
"Tree_D","Insect_C","Fungi_2","SITE_0013",2021,703,8.90478632705404,46.4326493526078,39.8239354822523,28.8465582635008,0.686225835024379,18,12.5887594707576,0.5,0.471998715295899,15,10.4598668555096,0.6,0.54377879343823,0.133227433682453,0,7.10930950529781,0.174831661655609,2021-07-16,"OBSV_1083"
"Tree_E","Insect_C","Fungi_1","SITE_0004",2019,704,0.703069887334695,93.0683031959529,52.3567645290997,34.9891401137334,0.584930245857686,18,14.1171566399676,0.5,0.584941732868421,12,26.372068764962,0.8,0.551446484384931,0.278294960041502,0,5.92525102169039,0.498710295421339,2019-07-25,"OBSV_1263"
"Tree_B","Insect_E","Fungi_4","SITE_0014",2023,705,12.814239180302,58.0193306131536,19.0426603280415,13.0318111858634,0.644800092466176,14,15.8290662553631,0.6,0.776441680222813,18,15.7526801881473,0.5,0.348954140013622,0.0132378291023087,0,4.36887315726721,0.157691473919828,2023-09-14,"OBSV_1464"
"Tree_B","Insect_C","Fungi_2","SITE_0005",2022,706,-1.03973819417307,60.8817214992944,16.8249410935315,11.1968019383012,0.678370588226244,18,12.6363978018395,0.5,0.547295923242732,15,14.3947876324932,0.6,0.382423462827807,0.040267257578464,0,6.42694946967623,1.67228064704883,2022-05-23,"OBSV_1653"
"Tree_B","Insect_C","Fungi_3","SITE_0012",2023,707,2.64660413771062,81.0565923859836,82.6952496313895,56.137707244258,0.907352243922651,18,11.6354291026787,0.5,0.573514405930405,10,16.4304899334591,0.9,0.528572603865717,0.223622187823338,0,5.21208708295221,1.48831078556271,2023-06-24,"OBSV_1486"
"Tree_D","Insect_A","Fungi_3","SITE_0002",2020,708,2.27718038536248,35.2416016336538,34.2624427176341,25.742052779555,0.714356324030086,15,11.8810776481404,0.7,0.76228076816266,10,-0.956544133026731,0.9,0.792561131186846,0.166742188427541,0,2.6488502936125,0.241004392717987,2020-08-22,"OBSV_1681"
"Tree_E","Insect_C","Fungi_1","SITE_0005",2019,709,6.3055426636933,95,3.0849651069256,0.389967436534847,0.641639076848514,18,14.6753379918575,0.5,0.33414638816399,12,25.75815091591,0.8,0.640109784116448,0.290282707903314,0,10.0557106099301,0.341754940086847,2019-05-20,"OBSV_1213"
"Tree_A","Insect_A","Fungi_1","SITE_0002",2023,710,3.13442442403984,39.6956315944372,41.9229436906445,28.8162579778877,0.444129333202727,15,10.1729294187497,0.7,0.68232463551158,12,5.6984444029965,0.8,0.721463201772346,0.216756257688895,0,3.64569645443123,0.0657128223434253,2023-05-16,"OBSV_1286"
"Tree_D","Insect_D","Fungi_2","SITE_0003",2019,711,8.81625225510334,85.8194309820486,38.5225216758006,28.7265880828765,0.595760205970146,10,8.204829073362,0.8,0.807355280166258,15,28.0011305507484,0.6,0.571515361874429,0.0765217884174124,0,1.40590045707842,0.679990531194979,2019-08-26,"OBSV_1622"
"Tree_A","Insect_C","Fungi_2","SITE_0012",2020,712,16.1263328870867,61.0472123931066,78.0844429567684,60.2891796860779,0.524871684005484,18,18.5658209089993,0.5,0.672583088326425,15,16.5899874043828,0.6,0.546371112699109,0.0449865242227214,0,6.65500535337278,0.447462277699773,2020-09-24,"OBSV_1221"
"Tree_A","Insect_C","Fungi_2","SITE_0006",2023,713,24.9155043246118,34.6226249803299,17.3480627257071,11.8832955788166,0.73632855322212,18,22.3553307076058,0.5,0.550295616593079,15,2.31027743316456,0.6,0.781339339301148,0.283355436306995,0,9.97714855704223,0.414991951326264,2023-08-11,"OBSV_1830"
"Tree_D","Insect_E","Fungi_4","SITE_0005",2018,714,6.57874503793302,30,43.3722412201792,30.5323771294704,0.680424533272162,14,10.7672199367514,0.6,0.611779572307587,18,-1.17048427899974,0.5,0.468321433546134,0.14844629555206,0,4.96286047261873,1.45032800994483,2018-08-17,"OBSV_1023"
"Tree_E","Insect_C","Fungi_4","SITE_0003",2021,715,19.4346159840097,30,16.3541508913331,9.95848997697818,0.935349732567556,18,21.5671086223046,0.5,0.331763127679913,18,0.670267949594887,0.5,0.402046613041239,0.0428824125685089,0,13.3053903389674,0.324063522263682,2021-06-04,"OBSV_1711"
"Tree_A","Insect_E","Fungi_4","SITE_0003",2022,716,7.50021698752808,67.8474022976503,8.66623349493297,7.75881416665271,0.433256530808285,14,13.4587965161336,0.6,0.55292652280225,18,22.476617573928,0.5,0.506529399098855,0,0,6.25411471537404,0.376735290288324,2022-07-10,"OBSV_1724"
"Tree_A","Insect_D","Fungi_2","SITE_0003",2021,717,6.66477396216331,48.9546042026983,14.9396316375405,13.9873922298154,0.325347684067674,10,6.35018018629837,0.8,0.842251213267051,15,6.39527520781831,0.6,0.612593181001492,0,0,0.421473388661187,0.725813910006618,2021-09-14,"OBSV_1864"
"Tree_B","Insect_C","Fungi_1","SITE_0011",2019,718,19.0832324307799,33.7435535859206,25.2494098115237,14.7844094247375,0.73663618657738,18,18.7496102686569,0.5,0.58836345758044,12,2.24410976962385,0.8,0.805343505516395,0.293798821416864,0,7.93134837243739,0.172618258165345,2019-07-07,"OBSV_1288"
"Tree_D","Insect_A","Fungi_1","SITE_0002",2023,719,-6.70689377804393,67.3961112141023,21.2123590707459,14.2494132487185,0.447600007872097,15,7.82120702594231,0.7,0.710709503208216,12,17.9449085352184,0.8,0.303699426806616,0.017214305343499,0,2.75070734088057,0.281661552780585,2023-09-09,"OBSV_1685"
"Tree_C","Insect_C","Fungi_3","SITE_0009",2023,720,15.700671517437,30,41.9237765826055,25.303180002012,0.926190871791914,18,16.2806143570268,0.5,0.349836701974299,10,-0.526897785949191,0.9,0.982622769834143,0.52767625549448,1,11.1604310825501,0.469638261218813,2023-07-13,"OBSV_1059"
"Tree_C","Insect_E","Fungi_1","SITE_0013",2022,721,24.1179685127635,48.2410751832647,32.7211578546484,25.8850892499648,0.489166395599022,14,19.1594988950659,0.6,0.565857349494131,12,9.77942566447246,0.8,1,0.0459841278762648,0,8.82479339048936,0.222068763778465,2022-08-14,"OBSV_1609"
"Tree_E","Insect_C","Fungi_3","SITE_0001",2019,722,-7.70284330565054,30,30.1720788938924,17.5630972928622,0.689092818740755,18,9.00895716713335,0.5,0.602023437362433,10,1.07250500988856,0.9,0.390788062461991,0,0,3.78569813623416,0.585738521237583,2019-05-08,"OBSV_1321"
"Tree_D","Insect_E","Fungi_1","SITE_0002",2019,723,-8.6193675638694,49.9785672871492,21.0480658542851,13.4693633016055,0.619974616612308,14,8.83728170367583,0.6,0.654905396525113,12,8.1470167953522,0.8,0.404736505840588,0.0783621674930531,0,2.88371228428623,0.426270285451341,2019-07-14,"OBSV_1658"
"Tree_C","Insect_D","Fungi_1","SITE_0011",2023,724,16.963798152448,49.3859124494201,37.7968754611682,25.5857294795565,0.586057823570445,10,9.216635101734,0.8,0.561573165785926,12,6.20497659636286,0.8,0.794275290482731,0.384675234097681,1,4.9962882656002,0.167467080624205,2023-07-21,"OBSV_1133"
"Tree_D","Insect_A","Fungi_1","SITE_0010",2019,725,19.2604955873794,30,41.9718096649017,32.5696197473269,0.759515997045673,15,16.4493772753477,0.7,0.69597861992609,12,-1.71892100498942,0.8,0.840597302178929,0.316929994945353,1,4.54314497546638,1.00137268466112,2019-07-18,"OBSV_1630"
"Tree_D","Insect_D","Fungi_1","SITE_0008",2021,726,-0.35652182337091,95,37.4182402834256,29.5637344702441,0.583889225800522,10,6.87072576503006,0.8,0.790958858428941,12,23.2868563143074,0.8,0.484845733240789,0.0250154235407398,0,0.613706333242793,0.0983804231174742,2021-04-18,"OBSV_1406"
"Tree_B","Insect_C","Fungi_1","SITE_0014",2018,727,14.2607826945804,45.2513641215005,64.9702566961298,47.1926806317596,0.861093527497724,18,18.9071810384734,0.5,0.353163339984561,12,2.94427544502772,0.8,0.805107663229556,0.416813933887581,1,13.082281783672,0.594795565471353,2018-05-23,"OBSV_1063"
"Tree_A","Insect_A","Fungi_3","SITE_0014",2022,728,29.8155326841578,73.0694178771417,27.756821745823,21.8600767709611,0.511008383543231,15,19.2879464675704,0.7,0.705026463368093,10,14.0076053438324,0.9,1,0.186190334918346,0,6.39622677874012,1.1613750138049,2022-05-17,"OBSV_1373"
"Tree_B","Insect_E","Fungi_2","SITE_0010",2023,729,6.75145504939778,55.3370306391265,29.0693796863224,21.8077009823922,0.661280189524405,14,12.8764709758124,0.6,0.583737149516061,15,13.7623900006134,0.6,0.31719361957515,0,0,5.71192854453245,0.33821873748218,2023-06-11,"OBSV_1496"
"Tree_A","Insect_B","Fungi_1","SITE_0015",2022,730,11.636089883275,30,23.3887699186379,17.2676138363736,0.475913087115623,12,11.7758406955037,0.9,0.90565705717859,12,1.78323442562432,0.8,0.667256081689784,0.0662059311321706,0,0.925776346001317,0.261106764050716,2022-05-24,"OBSV_1634"
"Tree_E","Insect_D","Fungi_2","SITE_0004",2022,731,13.8893521294984,30,16.5558029913669,12.1199768361706,0.612442910810932,10,8.5717561324069,0.8,0.822451769623844,15,-1.23358346733024,0.6,0.613617139337782,0,0,1.34591403374485,0.6835728702991,2022-07-17,"OBSV_1142"
"Tree_C","Insect_C","Fungi_1","SITE_0012",2018,732,34.9572292702453,84.1946194506477,10.7382093727374,4.76758301744034,0.545580825209618,18,24.9161655957598,0.5,0.43739015028022,12,21.7800076258907,0.8,1,0.316922971763221,1,14.3673022513798,0.630118731346566,2018-05-03,"OBSV_1157"
"Tree_A","Insect_C","Fungi_2","SITE_0008",2023,733,1.34593035852593,70.8532203859246,38.0215941615772,25.1457676629747,0.98050037722569,18,11.9473789237672,0.5,0.509401164961241,15,21.1929509242345,0.6,0.416118217482632,0.190670984320095,0,6.61052560598253,0.109908804392874,2023-05-04,"OBSV_1078"
"Tree_A","Insect_D","Fungi_4","SITE_0005",2021,734,0.629348883225485,84.0659082453826,11.5210746154919,8.71946930132511,0.807904863753356,10,8.53180325784449,0.8,0.839964849529246,18,30.546184822137,0.5,0.277705074732206,0.00593987412253985,0,1.60991707882831,0.853709203807218,2021-09-06,"OBSV_1448"
"Tree_E","Insect_E","Fungi_1","SITE_0005",2020,735,2.64481173831264,71.3237896215948,8.58769690938153,10.6064991439666,0.643256003432907,14,10.7560808080092,0.6,0.775308933589661,12,15.2598908144916,0.8,0.683962528458895,0,0,2.32570165312777,0.588620265437156,2020-07-18,"OBSV_1038"
"Tree_A","Insect_D","Fungi_2","SITE_0014",2021,736,6.60661586463872,63.2996025600317,30.2959950027864,18.5210298343665,0.591403642203659,10,6.39205099032383,0.8,0.951888998250578,15,16.2484958371714,0.6,0.401008460971979,0.0365960540184047,0,0.258197449352583,0.714107650435233,2021-07-26,"OBSV_1307"
"Tree_C","Insect_B","Fungi_2","SITE_0011",2021,737,35.6686887913713,83.6331212435868,40.4316666492941,30.1919997117599,0.327101746830158,12,20.1200263090553,0.9,0.59202356825126,15,26.4892249969948,0.6,0.820834926738585,0.0521979104474556,0,7.77257229871127,0.148537519440358,2021-07-11,"OBSV_1542"
"Tree_D","Insect_E","Fungi_2","SITE_0004",2021,738,18.3845450738815,95,12.7703143140419,8.80690630153636,0.730087646329775,14,13.9847163513965,0.6,0.495212701804435,15,31.9237702712712,0.6,0.683951383896233,0.399950965526861,1,7.53308643755009,0.470005261819679,2021-08-11,"OBSV_1588"
"Tree_C","Insect_A","Fungi_2","SITE_0011",2023,739,4.33312973115232,39.8785343939883,15.9210738883112,9.8154733241677,0.689668154018,15,13.6395116277105,0.7,0.731665182020438,15,7.24165361768113,0.6,0.603674604939009,0.177178288605784,0,3.54454990220543,0.42332213911042,2023-08-11,"OBSV_1150"
"Tree_A","Insect_B","Fungi_4","SITE_0005",2020,740,8.40360680803364,61.2583096905575,20.6382900954106,15.7972235595265,0.963916037231684,12,10.3107670030047,0.9,0.991918668359321,18,21.0512598585293,0.5,0.460705809431518,0.0883396159890365,0,0.387187420597635,0.372111730272385,2020-05-11,"OBSV_1832"
"Tree_C","Insect_B","Fungi_2","SITE_0015",2019,741,18.293236420623,30,33.3918020931454,25.2257198480185,0.860884135612286,12,11.9634323082877,0.9,0.711818304967331,15,2.14897623639449,0.6,0.624401251993822,0.150176955262023,0,3.23869668079682,1.08570449032782,2019-08-06,"OBSV_1489"
"Tree_E","Insect_A","Fungi_4","SITE_0013",2021,742,6.61710768532322,62.7845612557304,39.5514413088029,26.7823190629253,0.614068728196435,15,11.7474466729887,0.7,0.871142055812683,18,16.6825899958562,0.5,0.357000892628445,0.0288976721237048,0,1.85110196857498,0.529376542144404,2021-08-03,"OBSV_1107"
"Tree_E","Insect_C","Fungi_4","SITE_0002",2022,743,-2.5861010800612,95,41.0214649780884,31.233202617701,0.69509620803874,18,11.5414513355621,0.5,0.489523546102239,18,37.0045260017581,0.5,0.451250633442897,0.162471308220299,0,5.31670548905453,1.22149721325368,2022-09-06,"OBSV_1094"
"Tree_D","Insect_A","Fungi_2","SITE_0008",2019,744,-2.65096978107852,71.6094162582826,6.49262161620443,1.95750223689565,0.985754543892108,15,10.2955042491932,0.7,0.85385701782573,15,21.3089684544848,0.6,0.276288985611447,0.0799822502037958,0,1.11682136871628,0.862150546667561,2019-04-22,"OBSV_1430"
"Tree_C","Insect_E","Fungi_4","SITE_0004",2020,745,6.08827931145158,30,49.0416466184245,34.7186884576543,0.410768428491428,14,9.88860903033033,0.6,0.517485060495304,18,1.20772316878275,0.5,0.442269449342809,0.0173919204108988,0,5.07810825424483,1.14125529492767,2020-09-10,"OBSV_1491"
"Tree_C","Insect_E","Fungi_2","SITE_0005",2022,746,3.69139740111511,65.1039312724129,26.478029223394,20.1829109943812,0.482532786368392,14,12.9229426039015,0.6,0.519898736398573,15,14.802378268204,0.6,0.408326466719511,0.0245229216182567,0,7.7954752582296,1.29517785742164,2022-09-17,"OBSV_1968"
"Tree_D","Insect_C","Fungi_1","SITE_0011",2021,747,10.9267518677309,42.6368396803271,41.3375409272967,31.3818601387503,0.795073453942314,18,13.6358051916271,0.5,0.479560584604244,12,7.06030886115706,0.8,0.751676369886379,0.342268748726357,1,7.30889946704534,0.692930266423958,2021-06-09,"OBSV_1456"
"Tree_D","Insect_A","Fungi_3","SITE_0005",2021,748,2.51525427732066,56.5502413257783,62.3071800249421,42.3830914337818,0.906551381270401,15,10.8464798064938,0.7,0.632087486405968,10,8.61290932769724,0.9,0.618129846795818,0.111050929494911,0,4.18389936905619,1.20803539460446,2021-08-05,"OBSV_1318"
"Tree_E","Insect_D","Fungi_1","SITE_0015",2022,749,5.87998874628266,69.4112685132153,12.9533190239296,6.33529641197829,0.320221993885934,10,10.7491147463888,0.8,0.782652021373785,12,16.8379811035505,0.8,0.671272621070825,0,0,1.74938198361001,0.0170507716941249,2022-09-20,"OBSV_1837"
"Tree_A","Insect_A","Fungi_3","SITE_0011",2022,750,9.98728684877901,54.052369510943,78.8061727721828,53.8405549032987,0.560510375257582,15,14.8350115139652,0.7,0.707325455432818,10,6.1056888621884,0.9,0.827431136266543,0.214896607656412,0,4.40642889392146,0.643880828171212,2022-06-28,"OBSV_1543"
"Tree_A","Insect_D","Fungi_2","SITE_0005",2021,751,-0.200534771760901,34.6097805143975,15.1335101624722,11.0928796778238,0.312065349076875,10,5.57806842907641,0.8,0.675674886274643,15,2.61281266025645,0.6,0.413748853473587,0.0623583736234367,0,1.64105318846943,0.525918881936682,2021-09-27,"OBSV_1886"
"Tree_A","Insect_B","Fungi_3","SITE_0015",2022,752,20.5403340258112,79.0725403803058,12.4666912102488,7.44901268631703,0.51441679620184,12,12.6137050731693,0.9,1,10,16.4134985375564,0.9,1,0,0,-0.175212760401171,0.35665817340543,2022-08-19,"OBSV_1127"
"Tree_B","Insect_D","Fungi_4","SITE_0003",2018,753,-1.83732574013699,65.9130302587603,47.0500587018695,30.7590233890589,0.909639239893295,10,5.97043885285727,0.8,0.877490359852316,18,19.9464578279417,0.5,0.288742071403155,0,0,-0.00613245744982294,0.125679464334267,2018-08-28,"OBSV_1826"
"Tree_E","Insect_B","Fungi_4","SITE_0004",2021,754,15.7629238008821,30,11.930301039302,8.17813750120965,0.8653846595902,12,14.2146774932695,0.9,0.864233380071736,18,1.63184965188003,0.5,0.633805897588762,0.122399040805312,0,1.7852480676582,0.3556780418553,2021-09-02,"OBSV_1615"
"Tree_E","Insect_C","Fungi_1","SITE_0010",2022,755,20.6427910115664,70.7011886166592,6.85895237510981,3.75479053042637,0.969151142402552,18,18.0914670708932,0.5,0.594429151742019,12,17.3898591589271,0.8,0.995123537415085,0.345303140447874,1,7.58125781041056,0.226481148868013,2022-09-19,"OBSV_1801"
"Tree_E","Insect_D","Fungi_2","SITE_0008",2020,756,7.86720665720683,34.7169854720684,12.7615625671409,6.19608189854634,0.515484775183722,10,8.90836981190928,0.8,0.843896519993633,15,0.762538432403597,0.6,0.446568542467152,0.0069759769536532,0,1.57072569525453,0.405166518039136,2020-08-19,"OBSV_1945"
"Tree_B","Insect_D","Fungi_3","SITE_0005",2021,757,-2.49636766171504,69.2553214346702,35.8501369729166,25.2613867070798,0.487530759559013,10,5.87206641910148,0.8,0.756295417971813,10,14.8028647030544,0.9,0.577591101486743,0.00627976840021036,0,1.51678431978194,0.265825236868554,2021-09-04,"OBSV_1637"
"Tree_C","Insect_B","Fungi_1","SITE_0006",2020,758,11.1896888293684,48.5454421710868,9.31130205293901,9.23437308979716,0.359981461195275,12,9.9613271171886,0.9,0.881099182496659,12,8.99409062289664,0.8,0.82799291429454,0,0,0.642114657750501,0.0958323055422205,2020-05-04,"OBSV_1889"
"Tree_E","Insect_E","Fungi_3","SITE_0012",2019,759,39.5233163561389,48.9509881436967,25.9290869662621,13.5281090384,0.633306816429831,14,20.0488204858931,0.6,0.48378458229172,10,9.96403507125116,0.9,1,0.481988042211014,1,10.1986093796475,0.282492936205689,2019-07-13,"OBSV_1363"
"Tree_A","Insect_C","Fungi_1","SITE_0015",2019,760,17.4519330859334,72.5859389704192,30.2600403911571,21.3881582414777,0.514907501079142,18,18.6080342825299,0.5,0.455010618350591,12,17.63756680763,0.8,0.859245502822568,0.272708384280291,0,10.0732303410035,0.471585396018588,2019-05-24,"OBSV_1337"
"Tree_E","Insect_C","Fungi_3","SITE_0006",2022,761,6.35337095542126,95,46.5602292653671,33.4187446202641,0.468273067101836,18,18.1628247578255,0.5,0.561438882071688,10,22.7032803111515,0.9,0.693163246435775,0.191952957748269,0,7.55818277880814,0.257449384858013,2022-05-15,"OBSV_1345"
"Tree_D","Insect_D","Fungi_3","SITE_0006",2018,762,16.9724641014392,30,49.1940853575535,33.9362937875114,0.702694021398202,10,10.9844992053654,0.8,0.751588248403788,10,7.62595817841638,0.9,0.871970515144458,0.0877912490681819,0,2.04655645833558,0.0991002958274636,2018-08-16,"OBSV_1793"
"Tree_D","Insect_D","Fungi_4","SITE_0014",2021,763,6.90057465400264,56.9531582328569,6.54095274021998,3.34027629677444,0.687100888951682,10,7.51709502508709,0.8,0.915709355214756,18,18.2654934742042,0.5,0.461676213114153,0.109895395386773,0,0.46531557004398,0.454709174529988,2021-09-19,"OBSV_1215"
"Tree_D","Insect_E","Fungi_2","SITE_0015",2020,764,18.4203028670227,95,51.1306199439335,37.0975109432384,0.531736387242563,14,16.2544518154168,0.6,0.666841100317064,15,30.3248005141626,0.6,0.629695709191108,0.282629982589427,0,5.2769692845287,0.119619374005255,2020-09-20,"OBSV_1173"
"Tree_E","Insect_E","Fungi_4","SITE_0006",2021,765,-4.76887070548228,44.3110601840522,47.6315450505793,31.949226742071,0.594814801751636,14,8.32547024147768,0.6,0.635919113561745,18,10.3770702296202,0.5,0.26672059166394,0.108951829652148,0,2.53686207512843,0.451761780645318,2021-04-16,"OBSV_1974"
"Tree_A","Insect_D","Fungi_2","SITE_0001",2021,766,20.0286347622204,60.5102299391424,27.7415933785363,20.072875541739,0.878472166555002,10,12.3853773173931,0.8,0.830347908025749,15,12.9831526483415,0.6,0.690113532361811,0.121207761901388,0,2.24090473199828,0.996157414094271,2021-04-09,"OBSV_1666"
"Tree_A","Insect_B","Fungi_1","SITE_0001",2023,767,4.349433975729,47.0084093004884,23.9312966041344,15.9949767562992,0.643970400677063,12,12.4412365195305,0.9,0.874947527845818,12,5.52962598022811,0.8,0.647343944459658,0,0,1.74283480274839,0.145686753150601,2023-04-05,"OBSV_1478"
"Tree_E","Insect_D","Fungi_1","SITE_0013",2021,768,20.9439097312026,54.69169590721,15.9478453438602,8.3249605429224,0.443651243741624,10,10.19233010736,0.8,0.836957247769436,12,11.9196268420942,0.8,0.843976211236538,0.16898962100779,0,1.63941222797087,0.154524158994575,2021-07-05,"OBSV_1163"
"Tree_E","Insect_D","Fungi_2","SITE_0011",2021,769,-0.0751737602888785,83.100895406796,19.5601565052644,9.44769112412335,0.651077996962704,10,6.32660602320484,0.8,1,15,25.6588467549269,0.6,0.451192547043046,0,0,-1.00931894846946,0.0525580183355043,2021-06-17,"OBSV_1038"
"Tree_C","Insect_B","Fungi_4","SITE_0002",2021,770,-4.72193612491426,58.7245194412498,37.2791656226515,28.0104091413278,0.795248323585838,12,10.1881332693904,0.9,0.933189718178206,18,13.0161904168957,0.5,0.429078829506308,0,0,0.815290326556158,0.33830489178223,2021-06-24,"OBSV_1606"
"Tree_C","Insect_E","Fungi_1","SITE_0011",2023,771,15.3884160105454,70.083210374083,22.8775988316922,15.4373640034215,0.436068816320039,14,14.9132363715195,0.6,0.466927000347074,12,12.4872935768719,0.8,0.847168156228165,0.277428214615287,0,7.89700792472736,0.152042239895677,2023-06-02,"OBSV_1909"
"Tree_A","Insect_D","Fungi_2","SITE_0012",2021,772,16.8742265301372,77.5175200202234,69.8875875875355,49.2829855902612,0.984093591454439,10,9.73360109459653,0.8,0.776778359188784,15,25.5656341321554,0.6,0.487795633545099,0.21302548715452,0,1.58864796423229,2.57978537314884,2021-08-05,"OBSV_1838"
"Tree_D","Insect_A","Fungi_2","SITE_0009",2022,773,8.85908985606609,85.2420143845971,37.0759499965846,27.5211238174717,0.820585906389169,15,14.0948758517718,0.7,0.716752985955404,15,29.396116843577,0.6,0.511615217744325,0.0337666275624395,0,3.11584703117543,0.514067452084272,2022-09-20,"OBSV_1454"
"Tree_C","Insect_C","Fungi_3","SITE_0006",2019,774,31.1383128582723,59.5156387647981,14.7572232142364,11.0920967946306,0.525938696344383,18,23.4204159479598,0.5,0.594837490589821,10,8.11263306896296,0.9,1,0.0771963140428646,0,9.36395659738563,0.291029455333527,2019-07-02,"OBSV_1959"
"Tree_E","Insect_A","Fungi_4","SITE_0014",2021,775,8.59754700993468,30,29.5428419364047,16.9281004009862,0.72281659366563,15,14.1712893116762,0.7,0.812386430581299,18,5.52272065570886,0.5,0.460468897490303,0.258930258397732,0,2.66489905393259,0.0959185274716401,2021-08-09,"OBSV_1010"
"Tree_C","Insect_C","Fungi_4","SITE_0015",2019,776,17.1557938531139,59.0738854053309,16.6619300872955,10.5288724501691,0.447445899457671,18,20.5056624699835,0.5,0.608386449445704,18,14.0836525662718,0.5,0.386903200811562,0.16218056672529,0,8.25860705206172,0.445959325449221,2019-09-23,"OBSV_1059"
"Tree_D","Insect_D","Fungi_2","SITE_0004",2021,777,18.1744447246854,30,4.10140057950079,2.91785749052569,0.866508343024179,10,10.9067319233909,0.8,0.659102403135296,15,1.01410677242807,0.6,0.64951577372973,0.253845503752562,0,3.53918112744352,0.760366225315102,2021-09-14,"OBSV_1270"
"Tree_D","Insect_A","Fungi_3","SITE_0009",2021,778,5.9065494677586,95,66.1935571783639,47.7725616071178,0.547724736342207,15,12.7231086298952,0.7,0.55949473374541,10,19.6474527261174,0.9,0.813639794403832,0.24926977104299,0,5.35970558745441,0.233042640584653,2021-04-21,"OBSV_1508"
"Tree_B","Insect_A","Fungi_1","SITE_0002",2021,779,5.44938512943229,65.7981060905617,17.6676781288448,9.69071687520591,0.322029390209354,15,12.7707006052648,0.7,0.592726532505061,12,16.9682035060276,0.8,0.533685343196659,0.0718820708530647,0,5.66951014033144,0.0780278234933708,2021-09-25,"OBSV_1815"
"Tree_D","Insect_D","Fungi_4","SITE_0015",2023,780,16.1675392712568,55.6457263681795,72.0982560972226,49.3820574529975,0.447504720604047,10,10.5091857926066,0.8,0.863389543880109,18,16.4911054681031,0.5,0.676191245404819,0,0,1.76187363632906,0.498496704275501,2023-07-18,"OBSV_1909"
"Tree_B","Insect_B","Fungi_3","SITE_0014",2019,781,5.06000969726802,51.3838227827457,12.3919645721227,6.07194174230958,0.8541143379407,12,11.6568994335183,0.9,0.664446515814825,10,8.49406837319486,0.9,0.821819983254922,0.224192967233877,0,4.17889072027959,0.896088330329892,2019-06-25,"OBSV_1159"
"Tree_C","Insect_E","Fungi_1","SITE_0008",2018,782,14.1637041000529,30,25.0919525382339,16.410481325569,0.785651120939292,14,12.1865607501238,0.6,0.555354794746619,12,0.567001828141322,0.8,0.872831904188133,0.447700338195613,1,6.49767021973912,0.295690943355493,2018-05-16,"OBSV_1683"
"Tree_B","Insect_A","Fungi_4","SITE_0009",2019,783,0.352731537460972,51.6874560166428,64.1662756228856,41.6066622730824,0.467220119736157,15,10.6520487968122,0.7,0.715509645798333,18,11.5468428697537,0.5,0.341428294601764,0,0,2.49608533323691,0.470475075280113,2019-04-19,"OBSV_1421"
"Tree_D","Insect_E","Fungi_1","SITE_0010",2021,784,1.58380450924506,45.709847150094,61.4253314123695,44.9128479392838,0.802456300146878,14,9.82475193518972,0.6,0.514814331259621,12,5.52050242277576,0.8,0.624758932206585,0.261687003253892,0,4.00145920377649,1.44875493570147,2021-04-22,"OBSV_1308"
"Tree_B","Insect_D","Fungi_3","SITE_0004",2021,785,9.40559761107044,95,68.9166757485902,50.8121236684369,0.525860627414659,10,9.59479583993877,0.8,0.729419518530456,10,21.0241235161059,0.9,0.678540547831762,0.13419649367923,0,3.23170803251259,0.0983626265922332,2021-09-24,"OBSV_1737"
"Tree_D","Insect_C","Fungi_1","SITE_0002",2020,786,14.4415043727886,44.7914061805239,41.7023213235358,28.7384904428779,0.946592016355134,18,17.7049222011228,0.5,0.501083417741093,12,4.46861514687686,0.8,0.678030071848177,0.36287287372075,1,9.47605056339082,0.41406079916348,2020-06-16,"OBSV_1383"
"Tree_A","Insect_A","Fungi_4","SITE_0011",2019,787,26.2942057507968,73.5853675439986,27.7022834489541,22.7626254382341,0.818915190710686,15,18.5816721082233,0.7,0.902339494495938,18,25.2907790854465,0.5,0.660801644593546,0.0653969680635537,0,2.20778988050916,0.0336171411288639,2019-08-05,"OBSV_1945"
"Tree_E","Insect_D","Fungi_2","SITE_0003",2020,788,7.27428559989486,73.2053045294229,15.9194880019517,10.3372299422954,0.690559205063619,10,9.16181426782191,0.8,0.702612202202562,15,23.2545735057361,0.6,0.455501921087882,0.00915409210471164,0,3.17933543314385,0.649887055488769,2020-09-19,"OBSV_1976"
"Tree_B","Insect_A","Fungi_2","SITE_0001",2021,789,-0.404555174644228,30,7.57142256811366,4.58345820924134,0.338627725583501,15,10.4970498732302,0.7,0.682578090215756,15,-0.764129254865306,0.6,0.68546884500043,0.0766948631975462,0,4.28354615969579,0.106430424192505,2021-05-23,"OBSV_1559"
"Tree_C","Insect_A","Fungi_1","SITE_0008",2021,790,5.56070265165784,67.3450351745342,9.15934796586457,7.95575577426996,0.818920650752261,15,12.19357861164,0.7,0.678712743694143,12,15.1274416615187,0.8,0.6025500461579,0.240388041027856,0,3.59387828811154,1.39706404733365,2021-08-12,"OBSV_1236"
"Tree_E","Insect_A","Fungi_2","SITE_0006",2020,791,5.78752106103973,57.6577298366367,82.2885318722013,54.2756173996361,0.381187810725532,15,10.4288519786047,0.7,0.855575790510648,15,11.8223338728835,0.6,0.394244777489544,0.0672604794676108,0,1.69531219920858,0.06957074054359,2020-05-03,"OBSV_1455"
"Tree_C","Insect_C","Fungi_3","SITE_0004",2019,792,16.4259090795681,64.587722867799,21.5750189336982,15.3139231877611,0.334225613065064,18,19.80418688452,0.5,0.56744218550907,10,14.7300568836101,0.9,0.837400185224369,0.288903824230639,0,7.75276410334291,0.0704584818094113,2019-06-13,"OBSV_1372"
"Tree_D","Insect_B","Fungi_3","SITE_0009",2020,793,9.53557349438915,51.7228187926503,27.4920245978805,16.6970561241758,0.838614284037612,12,10.682408176988,0.9,0.945009950889998,10,5.7330435534408,0.9,0.717163345679893,0,0,0.308780735147026,1.05984590328068,2020-04-04,"OBSV_1095"
"Tree_B","Insect_D","Fungi_4","SITE_0010",2019,794,-1.07746910076931,76.7613042217157,44.7544036793195,32.3236360240584,0.490092202601954,10,5.5450265352405,0.8,0.803709336663015,18,27.9243921040112,0.5,0.364793071292459,0.157543224675476,0,0.533982442023264,0.322738631718004,2019-05-25,"OBSV_1170"
"Tree_A","Insect_A","Fungi_3","SITE_0014",2021,795,19.127455360975,52.950100829707,26.9117064044361,16.4480559020461,0.448749612527899,15,14.487300446368,0.7,0.759796277776313,10,8.12946183276206,0.9,1,0,0,2.60886616063914,0.948193865901551,2021-07-23,"OBSV_1281"
"Tree_D","Insect_E","Fungi_3","SITE_0001",2022,796,-1.14139585840386,30,43.3252754759479,30.3180398075292,0.636618244694546,14,9.5337155480262,0.6,0.476271034420279,10,-3.45941397991955,0.9,0.618278083815691,0.263174923131967,0,5.26670872026205,0.931585570600701,2022-09-08,"OBSV_1834"
"Tree_D","Insect_B","Fungi_3","SITE_0005",2021,797,-5.27482808317815,38.4559642476078,70.7314755751001,49.8503188904254,0.996852008067071,12,7.5982943974515,0.9,1,10,0.757479788029218,0.9,0.506792138766861,0,0,0.617664604389408,0.936902453575999,2021-05-06,"OBSV_1293"
"Tree_A","Insect_B","Fungi_4","SITE_0014",2022,798,25.6965620625628,41.7122289300267,57.2028344275544,37.3488320292776,0.792297886032611,12,15.2128537785989,0.9,0.958389957133558,18,3.38642830378142,0.5,0.713460090709184,0.0341325789231589,0,0.0890034783704301,1.90563123132693,2022-05-02,"OBSV_1387"
"Tree_A","Insect_D","Fungi_1","SITE_0007",2021,799,8.41461912926776,55.7655672276233,22.8349335128449,14.6599773734692,0.840024334192276,10,9.80984064121554,0.8,0.815739804058927,12,9.61727743563886,0.8,0.712292325656213,0.109999796767442,0,0.895881777619477,0.406394738313701,2021-05-24,"OBSV_1696"
"Tree_A","Insect_D","Fungi_3","SITE_0005",2021,800,-0.826864234399347,92.0339389216777,26.2081436547723,21.131200505665,0.739298169617541,10,6.09443582005885,0.8,0.78618213581984,10,17.3879037105326,0.9,0.617461217331679,0.0380414337502512,0,1.04729807548124,0.518329554243423,2021-07-12,"OBSV_1170"
"Tree_B","Insect_D","Fungi_4","SITE_0010",2021,801,4.25101620102298,86.1046696041038,51.4620735793557,33.6971506960896,0.791959267458878,10,7.23656083070522,0.8,0.818407888169114,18,31.9550945844873,0.5,0.34137450147824,0,0,1.6630604503299,0.249580785229541,2021-08-21,"OBSV_1847"
"Tree_E","Insect_C","Fungi_3","SITE_0011",2021,802,21.4297211967397,46.3564587509031,13.1077438810303,9.21987697533819,0.750568471383303,18,18.5630979019426,0.5,0.579768627201223,10,7.80423237933688,0.9,0.955064959851653,0.378048315783562,1,8.34070637935232,0.185510154265447,2021-06-02,"OBSV_1544"
"Tree_B","Insect_E","Fungi_3","SITE_0007",2018,803,7.06987766477506,95,30.6189320391744,25.6231080265823,0.561528582801111,14,12.4430797476375,0.6,0.691876289473996,10,15.0272449514878,0.9,0.824742742627598,0.221260157104022,0,4.40067977769258,0.0136138095517061,2018-08-23,"OBSV_1182"
"Tree_C","Insect_A","Fungi_2","SITE_0010",2019,804,21.7590121832531,52.5647802006402,46.3355506500435,31.6314956703455,0.461847156542353,15,18.1780902398928,0.7,0.802185498519553,15,14.3044167104896,0.6,0.688448987451368,0,0,4.77292964868531,0.239604748111063,2019-08-13,"OBSV_1978"
"Tree_A","Insect_C","Fungi_2","SITE_0004",2018,805,12.7125325102881,93.8186661584712,22.8231719725983,15.8940387154269,0.975377165828831,18,17.4276655445285,0.5,0.531397651811287,15,30.6103471462476,0.6,0.503346084265919,0.101243013162749,0,7.92342483887609,1.72113061476534,2018-09-17,"OBSV_1737"
"Tree_A","Insect_B","Fungi_3","SITE_0005",2020,806,2.37919760601123,83.4263032877589,5.28635740563065,2.45884307043036,0.990712596080266,12,10.304794354324,0.9,1,10,14.2444258380706,0.9,0.879016326353925,0,0,0.022857448241876,0.706514667926883,2020-05-24,"OBSV_1489"
"Tree_D","Insect_C","Fungi_3","SITE_0007",2021,807,12.6048770716097,74.8564530801738,12.0277289862387,9.92227243137248,0.881055498006754,18,16.4729262436803,0.5,0.712761374922367,10,13.8596157517216,0.9,0.770945426932183,0.223064212212887,0,4.40604917065315,1.09040463070911,2021-07-09,"OBSV_1946"
"Tree_C","Insect_A","Fungi_1","SITE_0014",2023,808,4.28731779735017,42.5582316728142,64.525448032677,46.2782926984593,0.607988809328526,15,11.0187336731418,0.7,0.671374931807426,12,1.63708611849404,0.8,0.431154782206663,0.0871298242309141,0,4.0967123614539,1.0322554436276,2023-06-02,"OBSV_1312"
"Tree_E","Insect_B","Fungi_4","SITE_0006",2018,809,13.1812310246731,81.5143745899719,11.2990712308922,8.07441822245477,0.748953852942213,12,13.537752658002,0.9,0.824351314962174,18,27.5315530898991,0.5,0.409497734614977,0.0427683895652488,0,2.37956325904389,0.546848731183961,2018-08-23,"OBSV_1114"
"Tree_A","Insect_C","Fungi_2","SITE_0010",2022,810,15.8849202041307,95,23.182671681701,15.3072150091558,0.584781776601449,18,18.4581558893336,0.5,0.565445433372528,15,29.7643773238728,0.6,0.643082235528774,0.241995960360256,0,7.44430055859122,0.572476784997769,2022-05-19,"OBSV_1759"
"Tree_C","Insect_A","Fungi_1","SITE_0004",2020,811,2.052308345793,30,26.3232410497855,23.0967774144624,0.343168738554232,15,11.0306096081021,0.7,0.868014911325125,12,2.6805665600195,0.8,0.687918016444536,0.026682954319917,0,2.06173424118114,0.901971124617486,2020-06-23,"OBSV_1081"
"Tree_D","Insect_D","Fungi_3","SITE_0005",2021,812,-6.9897583219827,87.1037145432471,66.5867799904144,45.9805127321146,0.491891221678816,10,5.91119256079365,0.8,0.828550710473098,10,16.3551515895614,0.9,0.641480873182876,0,0,0.672751975745747,0.282063379957171,2021-04-10,"OBSV_1806"
"Tree_D","Insect_E","Fungi_2","SITE_0005",2018,813,-4.35827837852905,87.0377474320026,20.4443663749296,14.4516632342816,0.581589080160484,14,8.01226875032008,0.6,0.775692994862562,15,27.9967096610076,0.6,0.388184994501142,0.00671483645073652,0,1.83959819593366,0.694240651901518,2018-07-10,"OBSV_1441"
"Tree_A","Insect_D","Fungi_3","SITE_0003",2021,814,9.27033616392884,68.2265420829578,22.2088064265303,18.3635034762203,0.324380872724578,10,8.87643225307288,0.8,0.866479998779388,10,15.3115627053921,0.9,0.669526025663465,0,0,1.00320912278796,0.306588295163287,2021-04-28,"OBSV_1131"
"Tree_B","Insect_C","Fungi_3","SITE_0008",2019,815,7.02892667622104,66.8243720050561,28.7988694623889,21.4394508161012,0.455155534553342,18,14.8512774238071,0.5,0.60856542901096,10,11.6794588113332,0.9,0.720768086816104,0.110961250912897,0,6.06874418317196,0.893843361795591,2019-08-22,"OBSV_1726"
"Tree_E","Insect_D","Fungi_3","SITE_0012",2018,816,18.47790326014,57.4059919351976,39.2862894256961,24.8665235381742,0.730098881293088,10,10.5288479889772,0.8,0.824828280340249,10,8.84349557587513,0.9,0.921465680959726,0.199140127280639,0,1.49904187731115,0.243716486776387,2018-08-13,"OBSV_1827"
"Tree_D","Insect_A","Fungi_4","SITE_0010",2023,817,1.23910385134117,30,14.6577586726709,10.0612742437693,0.651533242454752,15,8.89949806756185,0.7,0.746507640930117,18,2.8902348002797,0.5,0.406577016392752,0.26867966042394,0,1.89433271083103,0.689286854398494,2023-04-15,"OBSV_1619"
"Tree_D","Insect_A","Fungi_4","SITE_0005",2019,818,-1.29003585008697,30,15.952495759324,10.5043139664897,0.648534350353293,15,8.18771372394539,0.7,0.75446696644785,18,4.65171456601986,0.5,0.319984262783345,0.0348352930772739,0,1.92520803343145,0.90551492712183,2019-06-28,"OBSV_1323"
"Tree_A","Insect_E","Fungi_3","SITE_0014",2021,819,8.33030017287841,44.3860083689726,50.0769211067477,34.8653015634223,0.347285168385133,14,12.9251543069986,0.6,0.782401071146963,10,4.65386037878822,0.9,0.682614610705911,0.0570954185951541,0,3.48247814288165,0.941193902415441,2021-08-16,"OBSV_1077"
"Tree_C","Insect_B","Fungi_3","SITE_0011",2020,820,16.6644373716413,51.8580114504306,20.757410459913,16.1770170341397,0.98635452229064,12,11.5780711420864,0.9,0.982383520129549,10,6.85362321318697,0.9,0.763477456332708,0,0,-0.295540952620644,1.23125001392785,2020-05-06,"OBSV_1379"
"Tree_C","Insect_D","Fungi_4","SITE_0001",2021,821,23.7249612263864,78.6749458705169,40.010064845338,25.2903096669299,0.833074284903705,10,12.14995610165,0.8,0.85916919032191,18,26.497766998183,0.5,0.639486296308455,0.0297352298212329,0,1.16442010243313,1.01276819767653,2021-04-04,"OBSV_1902"
"Tree_E","Insect_E","Fungi_4","SITE_0014",2021,822,12.5956531284913,43.8206202750543,39.0236231195076,25.0937640030783,0.853231686144136,14,15.5255783838927,0.6,0.721852740462811,18,9.46456645523514,0.5,0.485946416291807,0.0238594123009199,0,4.49483351732061,0.14064804528005,2021-09-21,"OBSV_1337"
"Tree_D","Insect_E","Fungi_3","SITE_0005",2023,823,-4.28728384817066,95,69.8063356554131,54.5020717852069,0.778895467449911,14,8.39524429673048,0.6,0.602406615192373,10,18.8203110153669,0.9,0.782749386873022,0.188868973039989,0,2.80093177516698,0.200026999681293,2023-08-12,"OBSV_1932"
"Tree_B","Insect_A","Fungi_1","SITE_0015",2021,824,6.88484138448905,64.0679968208097,58.7894023511614,40.5261851997335,0.440239473502152,15,10.9343095780399,0.7,0.593930762615242,12,16.3379939970912,0.8,0.625465961217678,0.176486008718095,0,4.31958129324777,0.0619543753151938,2021-04-09,"OBSV_1474"
"Tree_B","Insect_D","Fungi_4","SITE_0014",2023,825,18.5017462787817,89.3121585399432,45.497734391271,32.1035991826668,0.475526081793942,10,11.4456635471235,0.8,0.713063746385532,18,33.7811406107087,0.5,0.582504344995914,0.146735274901941,0,3.70570438212235,0.337746989381678,2023-04-23,"OBSV_1021"
"Tree_D","Insect_D","Fungi_4","SITE_0007",2020,826,3.35042333134574,87.6173035095417,24.3598174535155,16.7192680587267,0.354196971468627,10,6.68609642906751,0.8,0.836304616777049,18,34.8437224326658,0.5,0.25739974940015,0.0395585791024288,0,1.85804043285861,0.45355277032433,2020-06-08,"OBSV_1922"
"Tree_E","Insect_C","Fungi_1","SITE_0003",2022,827,7.22463742557083,83.8729256417114,6.55101189397334,4.30487222146598,0.692931034998037,18,15.3950259570661,0.5,0.501266857182861,12,19.5783860504066,0.8,0.71786175551705,0.222969498773379,0,7.46779947777807,0.257453680352431,2022-04-06,"OBSV_1863"
"Tree_E","Insect_B","Fungi_2","SITE_0007",2019,828,-3.31415352315119,69.2046071535892,81.4443388858136,60.6830243206384,0.429801816912368,12,8.07924731044799,0.9,0.890167418493819,15,24.2640738534168,0.6,0.479916449088155,0,0,0.559528871329001,0.56283551256377,2019-05-22,"OBSV_1557"
"Tree_E","Insect_E","Fungi_3","SITE_0009",2021,829,20.4276462884552,60.588495863027,36.1092395623831,24.9919084895936,0.445958229713142,14,17.4353084315244,0.6,0.60028311510811,10,11.5458376331041,0.9,0.957326186112579,0.0283866749063288,0,7.54801583897844,0.241701230319472,2021-04-17,"OBSV_1891"
"Tree_B","Insect_B","Fungi_4","SITE_0012",2019,830,13.9313235035383,48.6665665777757,40.1634885827903,28.5482360885366,0.333578587463126,12,12.136219153618,0.9,0.76461652982176,18,11.3833530732795,0.5,0.491732751962026,0.00695918813162234,0,2.55527785054183,0.500356894003663,2019-04-20,"OBSV_1681"
"Tree_C","Insect_D","Fungi_1","SITE_0004",2020,831,13.0661620354732,95,7.93993840593997,4.37249674466512,0.669817023281939,10,9.67799489892317,0.8,0.793080690694866,12,26.8377823783847,0.8,0.801483569235413,0.0607210609662604,0,2.16900997174086,0.924018899485152,2020-04-10,"OBSV_1279"
"Tree_D","Insect_E","Fungi_3","SITE_0008",2022,832,11.0598719053639,83.0586607924174,92.9014655326036,65.5549514592125,0.573360770940781,14,13.7614470226693,0.6,0.517749918861752,10,16.0456637775979,0.9,0.94244101233908,0.197801616479896,0,6.97259522104952,0.0958829300739909,2022-09-07,"OBSV_1129"
"Tree_A","Insect_B","Fungi_3","SITE_0004",2023,833,3.52413994060361,74.4291088033657,35.6016218980763,24.3275087316004,0.363147556618787,12,9.16643869166416,0.9,0.922422010411704,10,14.9134212521438,0.9,0.725953603549787,0.0963832095953547,0,1.35485854370481,0.110547348818185,2023-04-27,"OBSV_1352"
"Tree_D","Insect_E","Fungi_1","SITE_0011",2022,834,9.9977660061029,95,15.3451030338944,8.13928388890921,0.800563660776243,14,11.1111866691934,0.6,0.525290667008517,12,24.8370305136205,0.8,0.809561664843744,0.181684680187637,0,5.52922811063011,0.835637911304534,2022-05-15,"OBSV_1827"
"Tree_D","Insect_A","Fungi_3","SITE_0007",2020,835,3.08528975609257,54.1588236643644,40.8233133776008,29.7005943087789,0.690476239519194,15,14.9250871123483,0.7,0.832090623387787,10,10.0689548473057,0.9,0.793701056915305,0.0873892375776418,0,2.27742003547047,0.802369836680234,2020-06-11,"OBSV_1985"
"Tree_B","Insect_E","Fungi_4","SITE_0007",2020,836,-9.14512069771681,77.9490562414831,17.804338835186,15.4660612925165,0.332417888985947,14,8.29661566438347,0.6,0.591284229545305,18,27.4279513282324,0.5,0.276591610012271,0.203931051695091,0,3.26007900519723,0.23362170348913,2020-05-24,"OBSV_1554"
"Tree_C","Insect_B","Fungi_2","SITE_0004",2020,837,5.90639052864348,72.9600165220415,11.0256790789642,8.38216319097912,0.962224498065188,12,11.1318724685805,0.9,1,15,22.000319372356,0.6,0.674739419277558,0.258890575391604,0,-0.707183878927463,0.855301973447423,2020-09-06,"OBSV_1830"
"Tree_C","Insect_B","Fungi_2","SITE_0004",2019,838,21.226644823794,60.7684682868325,87.9478083890522,60.4073441757243,0.66274297721684,12,11.302047033708,0.9,0.675565303791867,15,17.001580495931,0.6,0.722881661578114,0.235242516940124,0,4.17997108211292,0.176188511796382,2019-05-19,"OBSV_1756"
"Tree_C","Insect_C","Fungi_2","SITE_0013",2018,839,26.869410969553,92.3650675674276,30.3737868910861,20.2108206345888,0.494363483879715,18,22.374301854602,0.5,0.429294732440254,15,31.5740867050277,0.6,0.819609345128682,0.205767992860622,0,13.9389341058306,0.827321996739544,2018-09-19,"OBSV_1486"
"Tree_A","Insect_A","Fungi_2","SITE_0009",2021,840,14.4001862559547,63.2949747457857,27.1401562034423,20.2416033620482,0.711046682368033,15,16.3450790380267,0.7,0.707098614564718,15,14.4722823317076,0.6,0.570231547440192,0.0423959274479242,0,5.20652650517763,0.298035755282635,2021-07-27,"OBSV_1368"
"Tree_C","Insect_B","Fungi_3","SITE_0004",2018,841,13.8595882629291,94.9302890769281,74.6469510138378,53.1822302600068,0.351504880050197,12,12.8072516677209,0.9,0.926766776683049,10,19.1324517517876,0.9,0.878208938759083,0,0,0.924424844972331,0.421830304835848,2018-09-27,"OBSV_1052"
"Tree_B","Insect_D","Fungi_1","SITE_0006",2022,842,33.8038520700293,78.0478864098262,45.4080077495652,32.1189274984286,0.497619175422005,10,12.7234522259426,0.8,0.627809974225828,12,20.2910180526119,0.8,1,0.0901595081892261,0,4.94207739733345,0.698634086843065,2022-04-24,"OBSV_1035"
"Tree_B","Insect_A","Fungi_2","SITE_0002",2020,843,-2.36189002564915,48.760630833435,21.1229558950422,13.721052902216,0.872131561953574,15,10.7002523177968,0.7,0.757294630843696,15,10.5325412050955,0.6,0.445814079355983,0.000138934836573401,0,2.96128570627401,0.952917507003329,2020-07-22,"OBSV_1503"
"Tree_E","Insect_A","Fungi_2","SITE_0006",2023,844,-3.05881866813841,30,51.2383378073217,37.184311833757,0.368787836935371,15,10.7134869585686,0.7,0.776580967510455,15,2.59953607278266,0.6,0.42254580070812,0.0512873712588444,0,1.82462426573519,0.236202932589994,2023-08-09,"OBSV_1017"
"Tree_B","Insect_B","Fungi_4","SITE_0012",2021,845,-5.64723870104359,66.0707726699927,40.8539282224675,24.7156879088564,0.38496417242568,12,9.15163294224575,0.9,0.863185365603846,18,23.6588074573298,0.5,0.321041238461806,0,0,0.635116544209663,0.0648247217331296,2021-06-17,"OBSV_1865"
"Tree_B","Insect_D","Fungi_2","SITE_0013",2023,846,26.0173977895372,43.5566402380515,34.0616152950157,19.7075181546709,0.982214413699694,10,12.7505056644274,0.8,0.818015548821046,15,8.49311927819778,0.6,0.748213088985381,0.171974297667086,0,2.62922471349125,0.623470100087132,2023-06-18,"OBSV_1006"
"Tree_C","Insect_A","Fungi_2","SITE_0006",2022,847,11.6677441574321,30,45.4460773701067,36.4443067719814,0.852089023357257,15,13.4765239891103,0.7,0.71133869972391,15,0.408540537881608,0.6,0.579757084027709,0,0,3.46226406894776,1.59108963463917,2022-09-28,"OBSV_1787"
"Tree_B","Insect_D","Fungi_4","SITE_0014",2021,848,2.96858765816127,65.8880930189707,16.5739147687057,9.17077752180062,0.757861837185919,10,7.59642475544611,0.8,0.739458097058437,18,19.4190037429112,0.5,0.40924813957116,0.126717387365433,0,1.44194416597132,0.318295512293338,2021-07-08,"OBSV_1732"
"Tree_E","Insect_A","Fungi_1","SITE_0014",2019,849,26.9441451963572,84.8004620587756,42.0219968263724,29.223045247026,0.656505460827611,15,18.9150344332225,0.7,0.556234148145257,12,21.1712077256776,0.8,1,0.279049884409762,0,8.12238250492066,0.699451817786657,2019-05-06,"OBSV_1598"
"Tree_C","Insect_C","Fungi_4","SITE_0011",2018,850,8.24139798056936,70.8288666787869,30.0976178586466,21.2001701406407,0.974234031536616,18,14.1518509857107,0.5,0.689166302944,18,23.537315066681,0.5,0.662214738576418,0.13932377700036,0,3.790353486758,1.14360113147591,2018-07-04,"OBSV_1092"
"Tree_D","Insect_C","Fungi_4","SITE_0015",2023,851,14.0176552998376,61.915539523452,37.0408113060519,23.4834406985077,0.594942457950674,18,16.5234459270819,0.5,0.449643365606473,18,21.4219576453546,0.5,0.530992384752677,0.00176918683272592,0,9.04973689303839,0.108030212762976,2023-07-10,"OBSV_1086"
"Tree_D","Insect_B","Fungi_3","SITE_0011",2018,852,18.0913013037386,68.7597351677162,62.9267585144209,45.5328463265133,0.914965183590539,12,13.0195620859793,0.9,0.899938824394335,10,12.0056672589504,0.9,0.877528827994815,0.0711438053223338,0,1.04994486539787,0.159552460092895,2018-09-17,"OBSV_1113"
"Tree_D","Insect_D","Fungi_1","SITE_0010",2020,853,14.2698832923447,88.1543810399681,32.1712963085972,18.6805218677178,0.417348949774168,10,9.90836924065952,0.8,0.820184704232961,12,17.8287780442346,0.8,0.709501138668013,0.0618688894334947,0,1.06875670965685,0.777116693540014,2020-07-05,"OBSV_1369"
"Tree_E","Insect_A","Fungi_1","SITE_0006",2021,854,9.18592874924622,83.6797275121565,41.2541689709952,28.7511960030492,0.884289142559282,15,16.9661965569686,0.7,0.558019262694624,12,19.2394392436795,0.8,0.73001961212638,0.31542956382233,1,6.75865473151166,0.397568277161628,2021-05-22,"OBSV_1219"
"Tree_D","Insect_A","Fungi_1","SITE_0006",2019,855,-1.46309560968741,43.8711869627598,22.3342192213456,13.8668206446877,0.744873001636006,15,9.02585455076046,0.7,0.84399663836577,12,3.54923925322422,0.8,0.580403381836365,0.132315815705749,0,1.9468085180902,0.377404935592732,2019-08-16,"OBSV_1284"
"Tree_C","Insect_E","Fungi_1","SITE_0012",2021,856,15.649552073558,82.2718998862496,18.8488845516385,12.177060148269,0.474440242000855,14,15.5366062468714,0.6,0.518182421744569,12,15.330486121979,0.8,0.863586882286449,0,0,7.70786007208008,1.89650236117729,2021-09-04,"OBSV_1255"
"Tree_E","Insect_B","Fungi_4","SITE_0015",2020,857,15.8086457024719,44.8493283839842,53.1248763970171,32.7578766961884,0.435274118930101,12,11.7953170885821,0.9,1,18,12.3472520851104,0.5,0.702041394706065,0.00352663962870989,0,1.10791128322119,0.400406210329773,2020-07-24,"OBSV_1374"
"Tree_B","Insect_D","Fungi_2","SITE_0002",2019,858,-1.59227272821962,47.9617488437489,26.1871430438693,16.1915672803111,0.764662673696876,10,7.77603741580526,0.8,0.695287359461054,15,11.394756101086,0.6,0.569303223517599,0.230462018010353,0,1.61830521087057,0.895634848756856,2019-04-11,"OBSV_1555"
"Tree_D","Insect_C","Fungi_3","SITE_0006",2018,859,8.73147025263535,30,76.0247256915513,51.2166367074433,0.316317063127644,18,13.8757259713414,0.5,0.748881325012766,10,2.04581133775476,0.9,0.670192363838129,0,0,4.01004769580823,0.109923680033302,2018-06-11,"OBSV_1554"
"Tree_E","Insect_C","Fungi_2","SITE_0006",2019,860,18.4105162858845,30,21.7470220181663,15.6671002175038,0.353707150928676,18,18.3133799298452,0.5,0.356464605074173,15,1.9144886136878,0.6,0.656354064922326,0.0221247466815152,0,11.4947637491061,0.177542731279213,2019-07-16,"OBSV_1403"
"Tree_C","Insect_D","Fungi_1","SITE_0002",2023,861,6.42312304182494,49.0240140413882,37.0621401548605,24.6624158824783,0.919667518045753,10,11.5935946455561,0.8,0.731294965893906,12,8.94887976579027,0.8,0.658042066003679,0.255522904544105,0,3.46824944407215,0.252231690644928,2023-05-10,"OBSV_1994"
"Tree_C","Insect_A","Fungi_2","SITE_0015",2018,862,9.8607945525924,30,36.0545771716305,23.440397880659,0.835389537620358,15,12.0426737364482,0.7,0.603562074521197,15,0.989422613612235,0.6,0.421553103607637,0,0,5.42297354764953,0.740177314901346,2018-07-14,"OBSV_1281"
"Tree_D","Insect_C","Fungi_1","SITE_0007",2019,863,5.06367357229536,76.0550718933285,12.7330741278025,9.10756710622275,0.308306849328801,18,15.8291764153276,0.5,0.546643697948911,12,19.5503963893142,0.8,0.729892301531792,0.198428768601085,0,7.68900762046274,0.122307772421711,2019-04-10,"OBSV_1844"
"Tree_E","Insect_C","Fungi_1","SITE_0009",2020,864,22.4066032906576,66.3248260770495,10.8755414002976,4.50911025973623,0.605372788035311,18,20.487957746913,0.5,0.504162887344359,12,12.7375158194682,0.8,0.994440543417467,0.388362987705999,1,10.6340941004654,0.248937036042751,2020-06-27,"OBSV_1893"
"Tree_C","Insect_A","Fungi_2","SITE_0004",2019,865,-4.54895897608395,46.1054094642098,24.5796959838592,17.5292070856436,0.403743634442799,15,7.88842274286089,0.7,0.587464475390393,15,7.97901299777501,0.6,0.48670714268876,0.106967097608354,0,4.45869635333183,0.337750396547828,2019-09-03,"OBSV_1402"
"Tree_C","Insect_B","Fungi_1","SITE_0014",2023,866,2.65415149760025,73.5131358813162,50.3164579449585,33.0094835366627,0.585264327027835,12,9.20212081463518,0.9,0.909702391995909,12,17.2246725653455,0.8,0.612208676083308,0,0,1.101008255616,0.143597079921792,2023-04-02,"OBSV_1775"
"Tree_B","Insect_A","Fungi_3","SITE_0011",2023,867,7.34703654793108,79.4408003722833,37.7619393762157,23.4109033543416,0.874539392860606,15,13.0589068684574,0.7,0.797401376079909,10,16.757281129033,0.9,0.80254985791072,0.212723526953982,0,2.62140038383783,0.657252079664683,2023-09-13,"OBSV_1967"
"Tree_C","Insect_D","Fungi_3","SITE_0005",2023,868,-1.50944402634585,67.2970376017409,13.765224563828,9.82470874453536,0.83043147532735,10,5.12655097733187,0.8,0.815908328273537,10,6.07544520064576,0.9,0.528401645186661,0.0297605955007139,0,0.155237835754481,1.2552896657597,2023-05-20,"OBSV_1744"
"Tree_C","Insect_D","Fungi_2","SITE_0008",2018,869,20.7346988614752,58.0489689890149,38.15013817117,24.1488351915239,0.536947552883066,10,10.8193892947096,0.8,0.576063742842451,15,14.8634580406272,0.6,0.579514413229631,0.174932781250433,0,3.46972537729896,0.506115882783924,2018-05-21,"OBSV_1007"
"Tree_E","Insect_B","Fungi_3","SITE_0003",2018,870,-2.38000504825139,86.4098042443765,66.1050366992176,48.7384200661939,0.381608465034515,12,9.61474141369969,0.9,0.777871348625824,10,16.6026869299751,0.9,0.639062813750189,0.182801075014206,0,2.34690002795348,0.274053047509176,2018-04-12,"OBSV_1633"
"Tree_A","Insect_B","Fungi_1","SITE_0006",2019,871,21.5992744315976,57.4256102215307,22.6953963227307,13.4091433128623,0.431612668605521,12,15.7504548235508,0.9,0.805555921959955,12,8.1617641152836,0.8,0.920708660185274,0.171793689713102,0,2.59340577253021,0.509527208834332,2019-04-06,"OBSV_1688"
"Tree_A","Insect_B","Fungi_1","SITE_0007",2018,872,-3.62207974544442,30,75.4013221458459,54.5637127966656,0.863014974328689,12,6.49992339279379,0.9,1,12,-1.05265932674024,0.8,0.400559973213779,0.0382270756472643,0,-0.0186336654583812,0.549276624897018,2018-09-15,"OBSV_1681"
"Tree_E","Insect_C","Fungi_1","SITE_0010",2020,873,12.8067659117095,56.3051576679984,8.44688081235342,5.63884715327259,0.601386863319203,18,17.6012756839687,0.5,0.49170792276781,12,10.9990422745047,0.8,0.585547288406259,0.203643280878193,0,8.69553732284759,0.257059847919923,2020-05-07,"OBSV_1135"
"Tree_B","Insect_A","Fungi_1","SITE_0014",2020,874,-0.429580822585313,61.0834906908543,53.8301370054125,38.5886281975617,0.533711685915478,15,8.42093540213076,0.7,0.955582509637906,12,9.28397961619284,0.8,0.768286647409167,0,0,0.1859295581257,0.447083241029893,2020-04-04,"OBSV_1961"
"Tree_D","Insect_E","Fungi_3","SITE_0011",2021,875,25.6568368235711,30,59.0862958722181,39.2675805291875,0.462433134019375,14,17.1549787124128,0.6,0.346706931920358,10,2.24774774343033,0.9,1,0.32511924970513,1,10.8924873646423,0.556709454944957,2021-08-07,"OBSV_1400"
"Tree_A","Insect_B","Fungi_4","SITE_0009",2023,876,8.86857668674622,67.9828636153867,34.1797054057531,26.1326209341111,0.871402022265829,12,11.2432961458196,0.9,0.979007536988291,18,21.6390888797032,0.5,0.404287130648584,0.117770316670394,0,0.958652908135785,0.649478866534273,2023-04-27,"OBSV_1042"
"Tree_B","Insect_B","Fungi_1","SITE_0013",2023,877,26.6852536345287,49.7937735736631,19.0420364597928,14.4139481755751,0.771058361465111,12,16.9706387635645,0.9,1,12,8.24096896540703,0.8,0.910903640295528,0.0530190944846038,0,-0.761635079411339,1.47936967176561,2023-07-02,"OBSV_1573"
"Tree_B","Insect_D","Fungi_1","SITE_0015",2021,878,5.22846710405083,30,32.1233510486655,20.1132326029864,0.699819553573616,10,7.45988430518714,0.8,0.752561307285801,12,2.20458398240343,0.8,0.641027086019,0.188804202958702,0,2.17963241452281,0.11193638259865,2021-06-19,"OBSV_1022"
"Tree_C","Insect_C","Fungi_2","SITE_0005",2018,879,-8.7449551441823,42.3549749616422,5.00394159743443,3.53033399180492,0.682010284275748,18,7.93985532798048,0.5,0.44289004404094,15,7.33154004432537,0.6,0.360169272450983,0.292135592597801,0,4.4881553302312,0.117124278039113,2018-09-02,"OBSV_1063"
"Tree_B","Insect_C","Fungi_1","SITE_0006",2019,880,24.473974735239,37.4291333181915,47.177262710373,30.8550426589176,0.945338439475745,18,17.7378109463762,0.5,0.360193132567734,12,2.34958664256879,0.8,0.854409324370985,0.33591386092644,1,11.7040150105081,0.516984258038015,2019-05-14,"OBSV_1663"
"Tree_B","Insect_E","Fungi_3","SITE_0009",2021,881,0.922495122282919,85.1435048644532,10.3476733589132,6.8879774401641,0.834512309194542,14,9.84208602333892,0.6,0.598766006292403,10,21.2202967513713,0.9,0.523401871678128,0.136965080815082,0,4.90616253177228,0.318899498819535,2021-05-26,"OBSV_1022"
"Tree_B","Insect_A","Fungi_4","SITE_0013",2021,882,7.17194268815967,86.8741888120369,34.6147193526178,25.1694316700143,0.631862807949074,15,12.5881924847438,0.7,0.677249073080682,18,30.1611785163039,0.5,0.392367183455821,0.18815926934631,0,4.12271939881667,0.688889525889448,2021-06-02,"OBSV_1621"
"Tree_A","Insect_A","Fungi_2","SITE_0014",2019,883,-2.9610472876682,89.5718053720377,64.7622750962813,46.1808721022127,0.873890409525484,15,10.4661768017361,0.7,0.70063450509902,15,26.0998937091825,0.6,0.52778434421145,0.0970191728485427,0,3.45784142479245,0.839836376490644,2019-07-02,"OBSV_1792"
"Tree_B","Insect_B","Fungi_3","SITE_0001",2018,884,-0.293920097104237,30,51.438810089725,37.8094494125789,0.469738079165108,12,9.94321860354356,0.9,0.977599279810734,10,0.9894234573029,0.9,0.511865741831319,0.139699397476803,0,0.149658096143281,0.478039692286391,2018-09-24,"OBSV_1455"
"Tree_D","Insect_A","Fungi_2","SITE_0014",2018,885,7.78030526133141,54.4921039409323,30.4240335215505,18.7073937238566,0.935746939387172,15,12.9274691438125,0.7,0.714536318556787,15,11.7889457214874,0.6,0.717801926869892,0.230016696619452,0,3.5705280281456,0.329777591678013,2018-07-26,"OBSV_1628"
"Tree_B","Insect_D","Fungi_3","SITE_0002",2018,886,8.33762584999282,91.157092584015,36.1139600716788,23.3545424782799,0.847464609518647,10,10.1170521844114,0.8,0.666171669987236,10,20.2317123028758,0.9,0.759701525593842,0.0925388269101743,0,3.95265072852635,0.263380832094871,2018-09-19,"OBSV_1735"
"Tree_B","Insect_C","Fungi_3","SITE_0003",2020,887,7.22632471636971,53.9588183511265,29.0985835020389,22.8834011244535,0.500311140040867,18,14.023721749707,0.5,0.495872113764579,10,9.0658211848257,0.9,0.780146286556196,0.170293914900416,0,7.45495649082022,0.259439131894672,2020-07-01,"OBSV_1039"
"Tree_C","Insect_E","Fungi_2","SITE_0004",2018,888,6.94828430533178,47.2250222493994,13.9030134998713,6.09264333725871,0.52496667644009,14,10.3841539606044,0.6,0.424891879188843,15,8.86572198429895,0.6,0.458468520566491,0.000155583453200381,0,5.05971337205419,0.335834397282662,2018-06-15,"OBSV_1674"
"Tree_A","Insect_E","Fungi_4","SITE_0002",2023,889,-2.26238586194712,47.8519592291845,34.3796632087511,23.4544441379015,0.524803545209579,14,8.22129594474994,0.6,0.665582254071277,18,12.6089354622674,0.5,0.518314178391361,0.106915672432995,0,3.51994962830621,0.334824670194458,2023-09-17,"OBSV_1769"
"Tree_E","Insect_D","Fungi_2","SITE_0014",2023,890,17.7471363717884,30,27.8543586212319,20.5026769300199,0.370547247934155,10,12.0314496539559,0.8,0.702488185400701,15,-2.39015054350835,0.6,0.830425129070909,0.237892685448109,0,3.63884306211333,0.600606242163909,2023-07-03,"OBSV_1335"
"Tree_E","Insect_D","Fungi_3","SITE_0009",2021,891,7.96228584294534,92.9117986833429,43.2544973040633,31.2155520466983,0.350301632331684,10,11.0564840746865,0.8,0.789945819723712,10,15.8435830753091,0.9,0.861138091654088,0.0575621494898471,0,2.84754816633874,0.304924323764464,2021-04-22,"OBSV_1293"
"Tree_A","Insect_D","Fungi_1","SITE_0003",2019,892,2.52937067264861,56.3116379241395,18.0366419041117,10.4940157894982,0.440158366924152,10,8.08656495074591,0.8,0.815650183899853,12,14.7528991646182,0.8,0.461300869832669,0.200620249425269,0,1.59013093229709,0.0994579885032856,2019-08-02,"OBSV_1634"
"Tree_D","Insect_D","Fungi_3","SITE_0005",2018,893,15.4979951771393,64.0335811580574,14.7023902719709,9.14971885576496,0.883494565449655,10,13.0230681917568,0.8,0.633239938255704,10,11.391120205168,0.9,1,0.219655205377897,0,4.27632649319866,1.14689139415522,2018-08-03,"OBSV_1038"
"Tree_D","Insect_A","Fungi_1","SITE_0011",2022,894,26.599096069242,42.5261570488376,8.57925117136299,4.76842162911262,0.718546947254799,15,17.9197554585136,0.7,0.886224293841659,12,5.36459776776474,0.8,1,0.0998268587189364,0,2.34942086144185,2.22144173212248,2022-07-20,"OBSV_1705"
"Tree_B","Insect_E","Fungi_2","SITE_0004",2023,895,-1.26741183967753,39.2877309303607,18.3112414396908,11.152056381101,0.427674184367061,14,8.6016227644068,0.6,0.875897923063598,15,7.57027843826991,0.6,0.523732689818658,0,0,1.38540222715462,0.358116782583845,2023-05-13,"OBSV_1959"
"Tree_D","Insect_E","Fungi_3","SITE_0001",2019,896,16.6673200957408,80.1038592312712,47.2877413286324,34.5751116918218,0.597035482036881,14,13.9452999833788,0.6,0.620977015656626,10,16.4571246992074,0.9,0.826769195008774,0.304118789756766,1,5.44112076886324,0.531618866090671,2019-07-28,"OBSV_1879"
"Tree_E","Insect_C","Fungi_4","SITE_0001",2023,897,-10.6884630225032,69.9244985771658,16.9352673656593,9.13431272834485,0.30053307809867,18,7.2024120648328,0.5,0.439886923416357,18,22.3198999555697,0.5,0.193698660887702,0.0297177667822715,0,4.28060363190968,0.723704772238372,2023-07-03,"OBSV_1640"
"Tree_E","Insect_A","Fungi_2","SITE_0013",2018,898,27.9895033938173,57.0354749006861,68.449332804184,50.4459887399597,0.447062521777116,15,18.149286702283,0.7,0.509353588187666,15,11.7643376831611,0.6,0.504381235352034,0.198458670363866,0,8.59498850460709,0.599050064762348,2018-09-25,"OBSV_1752"
"Tree_E","Insect_A","Fungi_3","SITE_0007",2021,899,7.83231027032067,74.6999140559608,27.8222791708553,16.2553438910434,0.741414154367521,15,14.878898565813,0.7,0.780989846157013,10,17.9047073846362,0.9,0.803598080526812,0.159054914124861,0,2.10380304539482,1.11279982800589,2021-06-19,"OBSV_1761"
"Tree_B","Insect_A","Fungi_2","SITE_0012",2020,900,6.80188930123278,83.4539375698677,49.9099124320093,35.7636393931719,0.371217022323981,15,12.6816242690479,0.7,0.63621186800072,15,26.2087407675815,0.6,0.672170779828129,0.255228761740365,0,5.63185743101928,0.191554936025739,2020-07-16,"OBSV_1950"
"Tree_B","Insect_B","Fungi_4","SITE_0014",2018,901,10.8345486860216,39.7894061421021,30.0246459990029,21.2142805873693,0.361981959571131,12,11.0309148358315,0.9,0.94259839150826,18,7.10267191563109,0.5,0.414319528508097,0,0,0.666702569343697,0.224697222237718,2018-09-10,"OBSV_1499"
"Tree_A","Insect_E","Fungi_4","SITE_0014",2022,902,11.9215944726114,36.5218077886683,66.3990225527695,50.300964185649,0.969558988977224,14,12.4746998121349,0.6,0.576191033364232,18,4.09164506959652,0.5,0.473132038877599,0.111417305906556,0,5.96916276810629,0.633137590301707,2022-09-01,"OBSV_1409"
"Tree_D","Insect_E","Fungi_1","SITE_0009",2022,903,10.2559481978752,54.9574738034598,44.6128071090381,28.5055692452683,0.545225666626357,14,12.6993414863173,0.6,0.385775546333186,12,8.5530156686008,0.8,0.470170866716674,0.292212811047389,0,7.95508814711414,0.261771905992677,2022-09-20,"OBSV_1703"
"Tree_A","Insect_B","Fungi_1","SITE_0011",2018,904,12.4592076309394,95,44.6615937201388,31.9869899930516,0.608464860543609,12,12.6087364158943,0.9,0.888609276340039,12,27.3322644911286,0.8,0.694141780826564,0.0150300668047103,0,1.16092129121194,0.526799629740026,2018-05-06,"OBSV_1274"
"Tree_A","Insect_B","Fungi_1","SITE_0009",2018,905,2.8526331856609,77.4562982266415,18.557415504211,13.0332694216467,0.95338875176385,12,8.2910475360376,0.9,0.999650110961552,12,17.0514033647541,0.8,0.882390510564286,0,0,0.975856588828187,1.24808445577434,2018-07-19,"OBSV_1322"
"Tree_B","Insect_E","Fungi_4","SITE_0015",2019,906,14.1236964810329,49.3080362104176,28.2566639380305,23.4855893359738,0.310519974608906,14,14.4722706614841,0.6,0.717525197671677,18,10.3998771149422,0.5,0.499317463627684,0.0717958106385845,0,4.53917298047798,0.157876746017892,2019-06-07,"OBSV_1127"
"Tree_E","Insect_E","Fungi_1","SITE_0003",2018,907,-5.3425187250222,74.7104303109857,18.6901298851988,17.5860948055859,0.936222624708898,14,8.14852508921557,0.6,0.693163831686239,12,14.1665329352933,0.8,0.47714118397971,0.239055714044153,0,2.61636139284083,0.623307511950969,2018-06-28,"OBSV_1247"
"Tree_E","Insect_E","Fungi_4","SITE_0011",2022,908,29.5025999738371,48.3369713388224,19.5719984277365,20.6622212511643,0.689487452735193,14,17.9035266149054,0.6,0.683629726609571,18,10.9278246286643,0.5,0.487707986510118,0.0714672070659779,0,5.70877881822092,1.05674376196418,2022-07-07,"OBSV_1521"
"Tree_D","Insect_E","Fungi_3","SITE_0014",2023,909,18.1282435159646,65.1610274184851,26.6199877748326,18.6634409020096,0.731047160341404,14,15.2259871969665,0.6,0.513094776702208,10,13.3334413690912,0.9,0.988961008068529,0.290185150903737,0,7.03826410325899,1.21744427934054,2023-04-15,"OBSV_1846"
"Tree_A","Insect_C","Fungi_3","SITE_0010",2022,910,15.9839427625451,67.1829219422045,17.6790474032156,15.0877488884283,0.691188732325099,18,18.5718564165378,0.5,0.446279200309773,10,11.3379912443399,0.9,0.948649354527064,0.396754973643437,1,10.6613718085027,0.105740966374044,2022-09-13,"OBSV_1804"
"Tree_A","Insect_C","Fungi_1","SITE_0004",2023,911,0.679749800615748,59.4910640573814,58.4363149354588,41.5209409124864,0.421921893418767,18,13.6941334129421,0.5,0.595626634146945,12,13.7875594667427,0.8,0.574040321412494,0,0,5.72371610042977,1.28707468257781,2023-04-06,"OBSV_1067"
"Tree_E","Insect_D","Fungi_1","SITE_0003",2018,912,6.9523434478602,37.3572713337768,28.1055825182968,24.36147723181,0.677876250492409,10,10.6076621230578,0.8,0.623495631105613,12,3.99453441370815,0.8,0.669869942889877,0.321739643606039,1,4.71284125036449,1.03639839246926,2018-08-07,"OBSV_1208"
"Tree_E","Insect_C","Fungi_2","SITE_0015",2021,913,14.7778338955297,71.1910917364878,26.6469697591162,18.3646928359415,0.697353390138596,18,15.0030438699594,0.5,0.597429010216778,15,19.1668381138893,0.6,0.503535505497969,0.135967954986683,0,5.93735644710767,0.903690117415468,2021-06-15,"OBSV_1224"
"Tree_E","Insect_B","Fungi_2","SITE_0006",2018,914,8.31249792935817,52.1819413177804,27.6164995177529,19.270216794531,0.486870321724564,12,8.65932111777612,0.9,1,15,12.4334753499174,0.6,0.576493769301351,0,0,0.173250311523726,0.387180389342258,2018-08-02,"OBSV_1647"
"Tree_A","Insect_D","Fungi_4","SITE_0011",2023,915,17.5355227365309,42.9233867052939,15.7679372456287,13.2237500039285,0.46434619219508,10,13.8508706448508,0.8,0.614476414812671,18,8.46863842342257,0.5,0.395145269137288,0,0,5.35318261094477,0.159824610607483,2023-04-23,"OBSV_1259"
"Tree_B","Insect_B","Fungi_3","SITE_0010",2019,916,22.4172790416939,30,18.349454355695,13.3717927536373,0.570392295252532,12,12.1597413657529,0.9,0.778348601790008,10,0.707548378324101,0.9,0.956121972334329,0.10290552184879,0,3.25093616390341,0.221820868717455,2019-05-23,"OBSV_1187"
"Tree_A","Insect_E","Fungi_3","SITE_0013",2022,917,19.8876350505268,30,30.2870206561843,22.3348007103067,0.449186137807555,14,14.7737193159409,0.6,0.645922920521763,10,1.7405143455786,0.9,0.829167894508162,0.117627262971858,0,5.04824276327589,0.71176203076069,2022-04-13,"OBSV_1835"
"Tree_C","Insect_C","Fungi_3","SITE_0011",2021,918,18.9276879770543,61.117257041705,36.5288885084644,21.006265922588,0.651178747043013,18,17.8979310635012,0.5,0.541057711681406,10,10.8913963584104,0.9,1,0.231158181369996,0,9.49028325860163,0.652923100341875,2021-06-14,"OBSV_1987"
"Tree_B","Insect_D","Fungi_2","SITE_0007",2019,919,6.31593746753083,35.8634917281168,13.1753578076779,4.1598515368683,0.815008346061222,10,6.44934080453963,0.8,0.842859218326391,15,2.07876519062466,0.6,0.447643563038919,0.00670443343642332,0,0.534917462375923,1.01662075294922,2019-08-14,"OBSV_1795"
"Tree_E","Insect_C","Fungi_4","SITE_0009",2020,920,-0.462180002041967,74.3344249743929,49.9263526064165,36.3811456493064,0.315267485729419,18,14.0216997661863,0.5,0.467373550263336,18,26.6510642244313,0.5,0.386457834700222,0.00905839000320391,0,7.10488000553222,0.394387283905616,2020-07-23,"OBSV_1868"
"Tree_D","Insect_B","Fungi_1","SITE_0009",2019,921,9.69910612387443,81.0796763619545,7.17218032526798,5.23753003934755,0.780559016345069,12,10.270389618851,0.9,0.867298981232738,12,19.5121209088674,0.8,0.751258769421898,0.129036138190724,0,1.35894835891398,0.402634948695334,2019-06-21,"OBSV_1179"
"Tree_E","Insect_B","Fungi_1","SITE_0001",2021,922,5.19512346875852,36.702182851118,21.4738107363571,16.7515079506809,0.663579057226889,12,6.41889473450676,0.9,0.877717893287002,12,3.40169107521997,0.8,0.673813172334949,0.130573623622898,0,0.853704307426591,0.792160490821484,2021-06-06,"OBSV_1976"
"Tree_D","Insect_A","Fungi_4","SITE_0009",2019,923,6.47440597015881,77.2118290888157,29.9359599130365,27.9008160191212,0.809933882579207,15,15.4310627303242,0.7,0.513336675812984,18,27.163783509479,0.5,0.371095115391743,0.00481228266854883,0,7.69157925532027,0.778457748227449,2019-05-01,"OBSV_1058"
"Tree_A","Insect_C","Fungi_2","SITE_0011",2021,924,6.35825600771324,30,15.7153246558064,11.3387132194962,0.524054470728151,18,13.6942015477916,0.5,0.430220764422214,15,0.499227677701201,0.6,0.595224952183781,0.262582389754868,0,7.97625543111895,0.140312180446661,2021-07-16,"OBSV_1843"
"Tree_C","Insect_C","Fungi_4","SITE_0008",2019,925,9.68617416384737,39.6539030089994,24.4254459604434,17.6271309569098,0.687247497774661,18,15.6215571717924,0.5,0.560924216812828,18,7.61859767623726,0.5,0.44023286368346,0.276205219749093,0,6.88022333375414,0.322296660313964,2019-05-19,"OBSV_1298"
"Tree_E","Insect_A","Fungi_1","SITE_0015",2021,926,8.67873290119472,47.462562481244,27.9788555636595,17.516762332317,0.376794453407638,15,11.7884214298251,0.7,0.608578618378354,12,10.4031091030384,0.8,0.680856305484036,0.121335572105468,0,5.35925272248822,0.286708205273171,2021-07-12,"OBSV_1912"
"Tree_C","Insect_B","Fungi_2","SITE_0007",2021,927,10.0459889635747,95,37.3556553281892,26.3890847124595,0.897995902434923,12,10.5837571720291,0.9,0.889487256946244,15,30.443955002287,0.6,0.505840968528767,0.0517424725889971,0,1.16696641955381,1.14027914004646,2021-05-15,"OBSV_1555"
"Tree_C","Insect_A","Fungi_1","SITE_0013",2020,928,-2.51322284416922,30,21.060523773634,13.5532970351536,0.338206876837648,15,10.254715241016,0.7,0.811832084127389,12,-1.26805067326416,0.8,0.634845430381576,0.157238336354839,0,2.40069249429997,0.187896871585334,2020-07-23,"OBSV_1573"
"Tree_D","Insect_C","Fungi_2","SITE_0005",2020,929,1.39740810138282,73.1632004067986,28.9183289622662,22.8462059823693,0.930040924740024,18,12.506970705827,0.5,0.536279921807949,15,21.6008243399203,0.6,0.560637934134017,0.323595376744587,1,6.1920296465458,0.359469508650855,2020-08-10,"OBSV_1009"
"Tree_B","Insect_E","Fungi_1","SITE_0013",2018,930,1.74448984040096,30,28.3941120208428,17.63908927541,0.680895345122553,14,12.3310761535646,0.6,0.589310565268792,12,2.88361774533096,0.8,0.634620257124944,0.016746486211703,0,5.17398805701371,0.214320295206384,2018-08-05,"OBSV_1049"
"Tree_E","Insect_D","Fungi_4","SITE_0006",2022,931,6.02846869187347,95,47.89368427749,31.6302578672426,0.741424691281281,10,8.62915281824073,0.8,0.623283153779549,18,36.8031481349649,0.5,0.364662340065636,0.0827004247761656,0,3.25781704466268,1.04278919421329,2022-04-09,"OBSV_1670"
"Tree_B","Insect_B","Fungi_2","SITE_0008",2018,932,4.29987468657751,65.0772592702287,56.1329830289372,42.1515850745299,0.921570343268104,12,5.8040557665934,0.9,0.913285704493333,15,16.1510794981677,0.6,0.66363096925332,0.243085365500863,0,0.517534688634609,0.241161537832828,2018-09-07,"OBSV_1507"
"Tree_B","Insect_D","Fungi_4","SITE_0009",2019,933,19.3280241717494,47.7048567747454,34.0622596450669,19.1359798297839,0.773787117516622,10,8.8650575232051,0.8,0.657503771539063,18,12.9624974759461,0.5,0.402882589257628,0.0927491163447999,0,3.17557199320563,0.308321344353867,2019-04-19,"OBSV_1512"
"Tree_C","Insect_A","Fungi_4","SITE_0012",2022,934,19.8578431809464,30,9.87888995138734,6.0377888322595,0.344485225458629,15,16.2444355060214,0.7,0.764671225942205,18,-0.44991497844802,0.5,0.527849949916317,0,0,3.41635726534273,0.175379786501618,2022-09-05,"OBSV_1675"
"Tree_A","Insect_C","Fungi_4","SITE_0008",2023,935,20.388645703611,67.5421844996288,38.8194883309848,26.7986752575894,0.378737460402772,18,17.7973838595052,0.5,0.687800374735202,18,24.4719402867448,0.5,0.496030867099718,0.0265815539810509,0,5.7242701806622,0.408154496584485,2023-09-02,"OBSV_1271"
"Tree_A","Insect_D","Fungi_3","SITE_0010",2018,936,6.00467997591412,54.3474647791576,14.3464282617567,9.31280867610879,0.652297892747447,10,7.8699355923166,0.8,0.686746056086547,10,8.06910152237729,0.9,0.818635756921351,0.185506999368557,0,2.3101387557477,0.544650530051867,2018-04-02,"OBSV_1960"
"Tree_A","Insect_D","Fungi_1","SITE_0011",2019,937,9.09602769010344,68.8115582912655,21.3776821065628,14.1632808584645,0.445521696121432,10,7.54975698367688,0.8,0.664805018015933,12,15.0467205634329,0.8,0.678448538045939,0.117022438296389,0,2.98361986388982,0.178332567470056,2019-07-06,"OBSV_1700"
"Tree_A","Insect_C","Fungi_3","SITE_0013",2021,938,3.56270808907609,46.3705618310138,9.23901976106532,7.10761178932255,0.909257094515487,18,14.8059797192825,0.5,0.735212293441046,10,5.27599163838762,0.9,0.777156395109506,0.178890505468063,0,5.19269736503086,0.847519342198172,2021-08-22,"OBSV_1736"
"Tree_B","Insect_E","Fungi_4","SITE_0001",2022,939,12.0616571939201,61.3276363753578,10.6112165685695,7.88631868487638,0.818494906206615,14,11.9884086478366,0.6,0.776265471013771,18,18.9559819400009,0.5,0.352170950110723,0.100748457688867,0,2.77510430694539,0.803160356838319,2022-09-02,"OBSV_1464"
"Tree_E","Insect_A","Fungi_3","SITE_0015",2022,940,5.75529842742758,69.0587041108276,18.8023043959371,12.6101039562004,0.491556549537927,15,16.1252713122506,0.7,0.752880955762676,10,14.5645204551446,0.9,0.695298346875275,0.0541278857790097,0,4.71164290178225,0.467383738527722,2022-09-22,"OBSV_1973"
"Tree_A","Insect_A","Fungi_1","SITE_0008",2023,941,9.54428010169936,34.3979681571266,37.170499385775,29.0399403427981,0.989615708263591,15,14.2870466410871,0.7,0.708858164079388,12,1.68225927981868,0.8,0.748755131707171,0.360536332282162,1,4.46786147219471,0.400006299790596,2023-05-06,"OBSV_1554"
"Tree_A","Insect_D","Fungi_3","SITE_0014",2022,942,13.0059858318776,93.1829789133026,24.2162718595976,16.0504774486698,0.873026860132813,10,9.9370897358375,0.8,0.815857641322509,10,23.1387217029178,0.9,0.957042433803941,0.0938592694316659,0,2.7280194807444,2.02167321846787,2022-04-11,"OBSV_1738"
"Tree_C","Insect_C","Fungi_1","SITE_0004",2022,943,8.12375572572582,75.8088951702873,16.6120649084851,14.1616140133563,0.639113756688312,18,14.3742313628431,0.5,0.574286970908259,12,16.5794630106436,0.8,0.517186098760393,0.223247400706334,0,5.65747699708144,0.841729329132562,2022-07-10,"OBSV_1880"
"Tree_E","Insect_D","Fungi_3","SITE_0001",2018,944,-0.0866978838296655,90.1228129761005,41.4972704729544,25.3101809501212,0.599657973204739,10,6.99898408966169,0.8,0.653151032033232,10,16.808010031281,0.9,0.701089147744126,0.34694703646624,1,2.28086126742539,0.119753773007789,2018-09-19,"OBSV_1652"
"Tree_E","Insect_A","Fungi_3","SITE_0001",2018,945,0.652442679635546,30,68.4364942047451,49.321113074959,0.84934236232657,15,10.3471265383063,0.7,0.673857046329059,10,-1.84921499873814,0.9,0.745538349551725,0.0757761237036413,0,4.45220198343112,1.30686400489129,2018-05-17,"OBSV_1242"
"Tree_E","Insect_E","Fungi_3","SITE_0010",2023,946,4.78180451041153,66.0188874443089,45.0369422608073,28.2650235008081,0.482667355099693,14,11.5305210444773,0.6,0.486042723894392,10,12.0696205246361,0.9,0.727782157356156,0.259696350989393,0,6.16672178946894,0.203779021134789,2023-04-28,"OBSV_1462"
"Tree_C","Insect_E","Fungi_4","SITE_0001",2018,947,4.85137322708869,42.7693885871356,9.98397089325803,7.8756748002448,0.939867508620955,14,11.1080508252614,0.6,0.595809014369773,18,10.6293594046029,0.5,0.350830400009387,0.138573522039455,0,5.58255998955389,0.540116936632976,2018-09-02,"OBSV_1524"
"Tree_D","Insect_B","Fungi_3","SITE_0006",2019,948,16.3197739570661,65.1613033818844,21.545561566603,15.1942004576286,0.340657366183586,12,12.1421876265385,0.9,0.84027074642245,10,9.31696079199178,0.9,0.837682433264291,0.00342362834908966,0,2.03782448026997,0.186346101686523,2019-06-25,"OBSV_1857"
"Tree_D","Insect_E","Fungi_1","SITE_0014",2023,949,31.8817525293268,54.3443502536017,21.9909548339669,15.2013449944549,0.780004845676012,14,19.0793201842399,0.6,0.605059304826487,12,11.8384400722899,0.8,0.959915778803368,0.319461462570017,1,6.80430274145445,0.86342365236182,2023-07-10,"OBSV_1757"
"Tree_C","Insect_A","Fungi_1","SITE_0014",2022,950,14.9862536827123,41.9036494139479,45.065480463312,34.0127049344618,0.969294998142868,15,16.2554543809945,0.7,0.735292788774476,12,6.06941994821828,0.8,0.714264107685379,0.209341877065491,0,4.01811188756155,0.793311495778874,2022-08-04,"OBSV_1953"
"Tree_D","Insect_B","Fungi_2","SITE_0015",2022,951,18.538579885102,71.1493378468518,35.3692522964322,25.5976458602175,0.752071785880253,12,13.5594393016314,0.9,1,15,21.1367970001767,0.6,0.537863029719248,0,0,0.820156176778923,0.135428843610322,2022-06-12,"OBSV_1752"
"Tree_B","Insect_B","Fungi_1","SITE_0014",2019,952,4.88038299385044,64.8039297815396,11.6240835031104,8.50484134050994,0.366110202949494,12,8.99017564680601,0.9,0.84707029870012,12,12.5787854530046,0.8,0.839324579749592,0.0363336012348254,0,0.845603413096918,0.0802107072834095,2019-08-27,"OBSV_1554"
"Tree_E","Insect_C","Fungi_4","SITE_0011",2018,953,21.4252556421053,30,41.8384335955271,30.2300740302801,0.353103191545233,18,21.3469845428611,0.5,0.522588003750411,18,0.257320172512936,0.5,0.794756448732255,0.150073217340829,0,9.94021931802269,0.0556327196322975,2018-06-20,"OBSV_1081"
"Tree_D","Insect_C","Fungi_4","SITE_0006",2018,954,23.9228355011825,59.1009265421879,42.3447549216991,27.1981749770825,0.663890905608423,18,20.004840709391,0.5,0.613191618213848,18,18.4293450013851,0.5,0.565297113126052,0.0661833110909457,0,9.06714733007671,0.348211924600307,2018-09-18,"OBSV_1675"
"Tree_E","Insect_E","Fungi_3","SITE_0002",2018,955,6.57813571892894,52.2075373138632,20.1772451778612,15.0959133922047,0.701215719175525,14,9.7139337050478,0.6,0.588435798612526,10,9.37904787364759,0.9,0.735945940711682,0.277967125734929,0,3.80849940140221,0.529749773878789,2018-04-08,"OBSV_1429"
"Tree_B","Insect_E","Fungi_2","SITE_0012",2020,956,18.7935958599007,89.1470172706764,59.5269610405742,42.2222807948015,0.650396593194455,14,15.3671785195607,0.6,0.676015396553876,15,27.0713241230537,0.6,0.623462369447965,0.0391206031555324,0,4.05084927236466,0.383657838522435,2020-05-21,"OBSV_1175"
"Tree_B","Insect_C","Fungi_1","SITE_0012",2020,957,8.36021175849879,44.8257912517541,4.21126862935352,1.53553094538663,0.696627561375499,18,13.1361464098124,0.5,0.528683994056589,12,4.64373537551027,0.8,0.610493995919789,0.157788381198618,0,6.09607363577023,0.70747484074592,2020-05-06,"OBSV_1167"
"Tree_B","Insect_D","Fungi_1","SITE_0012",2023,958,15.4157289993528,66.7562167133056,39.2294149467657,29.2656797662445,0.664516122010536,10,10.1958375743199,0.8,0.726697081500067,12,14.313676135173,0.8,0.807991267020619,0.170112887513208,0,2.48768104329968,0.261463921185508,2023-06-24,"OBSV_1256"
"Tree_B","Insect_E","Fungi_4","SITE_0006",2023,959,12.5203540100173,35.9114048152977,8.54870763355665,5.59736918757807,0.643040507729165,14,13.6342306641669,0.6,0.665061174092684,18,3.60347562502274,0.5,0.412696162886303,0.147144641086747,0,4.60300605231734,0.199454081478357,2023-07-06,"OBSV_1501"
"Tree_E","Insect_D","Fungi_2","SITE_0010",2022,960,18.4959309863944,48.0257103847175,25.7724385980086,18.2375188810716,0.850567033793777,10,11.1672762176094,0.8,0.863227821472958,15,8.95443014807945,0.6,0.632348437934802,0.203968619075398,0,1.92572172614516,0.645029835415611,2022-06-03,"OBSV_1916"
"Tree_A","Insect_A","Fungi_1","SITE_0006",2018,961,6.3069244277024,30,35.5641631382173,25.6275556147572,0.395348705211654,15,12.8168641695789,0.7,0.661431097773629,12,0.721137189059506,0.8,0.552045923073284,0.100096761266106,0,3.24660498855746,0.438807329190883,2018-08-19,"OBSV_1658"
"Tree_E","Insect_D","Fungi_3","SITE_0013",2023,962,22.3746154382944,30,37.0870917091745,29.8290627988152,0.390461262618192,10,13.0691899138527,0.8,0.835455499074906,10,-0.239776276185347,0.9,1,0.0455570712584981,0,2.3088840092602,0.0720590169709912,2023-05-20,"OBSV_1330"
"Tree_C","Insect_A","Fungi_4","SITE_0015",2022,963,13.2106041479578,40.1373536116544,31.5165246378051,22.0757808900294,0.443434356013313,15,14.2932941265996,0.7,0.853088136310748,18,10.7869961968792,0.5,0.269258105014442,0.0537189861188159,0,2.32114065467457,0.241054164008674,2022-07-15,"OBSV_1826"
"Tree_C","Insect_C","Fungi_2","SITE_0002",2020,964,8.53221977955364,80.7691620583154,73.1687466378567,51.7966129158074,0.636335966526531,18,16.7030859275605,0.5,0.661440973426191,15,24.9608609709768,0.6,0.463099567607429,0.124217204062538,0,5.19478093001506,0.463733094088749,2020-05-28,"OBSV_1091"
"Tree_E","Insect_C","Fungi_2","SITE_0001",2020,965,0.245087976012933,58.2044437179741,63.8253745523333,46.7533319849979,0.415860195062123,18,11.3473387992587,0.5,0.376289206537715,15,18.8271267860411,0.6,0.429410869542311,0.319929688688144,1,5.60430243079497,0.441331185826966,2020-07-08,"OBSV_1580"
"Tree_D","Insect_D","Fungi_4","SITE_0014",2022,966,19.745932240708,95,10.5203407038494,7.93447747275336,0.460760368034244,10,9.29102677427138,0.8,0.821979316459027,18,36.789348692494,0.5,0.379734298565367,0,0,1.46557072533902,0.208583127281152,2022-08-01,"OBSV_1378"
"Tree_E","Insect_D","Fungi_4","SITE_0015",2022,967,15.5382818143997,30,42.5782830948844,28.9698021597328,0.437402337719686,10,10.7066537866768,0.8,0.811448781209044,18,1.13679440335244,0.5,0.514372220268884,0.0566373167536517,0,2.32995566903702,0.52896865091006,2022-06-25,"OBSV_1068"
"Tree_D","Insect_B","Fungi_3","SITE_0012",2020,968,19.628020484203,48.6693964926096,28.621687085469,20.8834517274811,0.817814565077424,12,11.1853511290776,0.9,0.797800802587399,10,7.95473358454663,0.9,0.925146882509632,0.154037484957981,0,2.22447721932674,1.21761869978447,2020-08-13,"OBSV_1637"
"Tree_E","Insect_C","Fungi_2","SITE_0002",2018,969,5.40997229101267,55.7293391823349,30.7780406222106,23.0088934984472,0.540855489834212,18,14.8235803058999,0.5,0.530077141591742,15,13.8816824032627,0.6,0.529532020744283,0.270814545594938,0,5.53910649703426,0.888435060252484,2018-09-22,"OBSV_1002"
"Tree_B","Insect_C","Fungi_3","SITE_0014",2023,970,7.89839733463813,53.4191563534244,32.4867838897414,17.6423643502745,0.457614950719289,18,13.9830838202309,0.5,0.534349637543047,10,5.31177983778394,0.9,0.926362408072128,0.138482636705808,0,7.48247021586676,0.0388379581254062,2023-04-21,"OBSV_1102"
"Tree_B","Insect_B","Fungi_3","SITE_0010",2019,971,12.5004330642449,50.090864983649,37.8254494741115,27.8862332142723,0.381258785887621,12,10.3723568187392,0.9,0.916059515458009,10,6.42381314152088,0.9,0.823849464606956,0.0618834303855656,0,1.37589943587582,0.499400291528577,2019-06-04,"OBSV_1734"
"Tree_E","Insect_E","Fungi_2","SITE_0005",2023,972,5.45864025803092,30,25.74508958328,20.2980877539366,0.457684684125707,14,5.55479063537054,0.6,0.608034531794786,15,2.8041075090954,0.6,0.629853916677514,0.169455598660846,0,2.2563035021137,0.41753630572245,2023-08-16,"OBSV_1481"
"Tree_C","Insect_D","Fungi_4","SITE_0003",2019,973,4.80134697955994,38.9817115599342,39.4272927828286,23.9072032177148,0.490523470914923,10,9.62661407991346,0.8,0.868462989314896,18,5.52207146967332,0.5,0.237663560334996,0.0112994119736253,0,2.31033034769586,1.08862030024548,2019-05-01,"OBSV_1297"
"Tree_D","Insect_E","Fungi_4","SITE_0014",2021,974,21.0446025067835,50.3266190945134,20.4108592655554,14.7583671123052,0.982912500901148,14,13.956886603523,0.6,0.414557890545407,18,9.97661531841176,0.5,0.539023929367576,0.313587019912495,1,7.92973295599659,0.515404563452724,2021-06-07,"OBSV_1910"
"Tree_D","Insect_A","Fungi_1","SITE_0003",2021,975,1.71621509015393,62.7057663536404,49.5479713808928,37.1052711169359,0.706247110408731,15,10.7988913140273,0.7,0.839557802318812,12,16.043812114768,0.8,0.514098522826441,0.0400298520899975,0,1.53362748834965,0.451366231115884,2021-05-01,"OBSV_1024"
"Tree_C","Insect_D","Fungi_2","SITE_0004",2018,976,12.0151029717554,35.38550630555,8.7601536292451,8.23752407487494,0.396481818589382,10,11.4284073401368,0.8,0.81765843078263,15,5.02903662698231,0.6,0.536398060690916,0,0,1.81986713327925,0.327026538173817,2018-09-09,"OBSV_1391"
"Tree_A","Insect_A","Fungi_3","SITE_0003",2021,977,25.466116784197,78.5534706923575,58.091659986467,38.8634855106448,0.427966876397841,15,17.0039908868152,0.7,0.538394328506447,10,13.4652706144427,0.9,0.966444855999583,0.502952108558089,1,7.82222125986494,0.193371232742117,2021-04-09,"OBSV_1328"
"Tree_A","Insect_B","Fungi_2","SITE_0011",2018,978,13.5479196052958,88.6603727087799,28.9150179823517,18.2097567947965,0.458285562996753,12,9.32928504526992,0.9,0.928688014872135,15,29.3688627103033,0.6,0.514344794886137,0.0121751401997519,0,0.394919976100686,0.085115097887323,2018-07-01,"OBSV_1524"
"Tree_B","Insect_C","Fungi_2","SITE_0008",2021,979,5.41187819556456,79.0622381440794,17.5794986250352,13.1295420114937,0.335753145464696,18,15.4574449458046,0.5,0.573987555456734,15,25.2679717186249,0.6,0.433683758522375,0.274028525772832,0,7.58648103608397,0.247997709567418,2021-09-25,"OBSV_1240"
"Tree_C","Insect_D","Fungi_2","SITE_0009",2023,980,10.403986283323,49.5148302605445,27.1561923580669,15.7942576181124,0.631975191482343,10,9.50612529119723,0.8,0.711727276817694,15,12.8233001809699,0.6,0.447694293260014,0,0,3.20582910993536,0.156191496652092,2023-08-11,"OBSV_1172"
"Tree_A","Insect_B","Fungi_2","SITE_0010",2021,981,7.9701112900895,51.707460198207,15.4412997008265,11.4557469515586,0.513818460004404,12,8.4802335067787,0.9,0.933827038763362,15,11.0953641733864,0.6,0.460400809724687,0,0,0.182117950350452,2.7796644422509,2021-04-13,"OBSV_1942"
"Tree_C","Insect_D","Fungi_4","SITE_0010",2020,982,29.2799539234967,49.3392279585054,43.2679818955595,30.2883018766569,0.857099300832488,10,11.4389332410899,0.8,0.829150329174966,18,12.3748009854475,0.5,0.677189531459858,0.107750083411439,0,2.40162118937363,1.09398701984313,2020-08-13,"OBSV_1941"
"Tree_B","Insect_A","Fungi_1","SITE_0011",2023,983,16.8770396777078,40.7243586927507,28.8017503930821,18.7739166626817,0.427179203182459,15,16.8614648516044,0.7,0.671714764631671,12,-0.451131370915797,0.8,0.854029588344836,0.0413133676682717,0,5.22648590202177,1.15273840933088,2023-07-20,"OBSV_1640"
"Tree_D","Insect_E","Fungi_2","SITE_0005",2020,984,-5.26277160323343,80.1863531459714,8.65696065401342,9.67500310766177,0.551328245620243,14,7.29455861495386,0.6,0.54930429010197,15,23.0314122043814,0.6,0.344139015305683,0.165375593177649,0,3.30816616435056,0.664904761474437,2020-04-06,"OBSV_1884"
"Tree_D","Insect_A","Fungi_3","SITE_0013",2018,985,17.5202655754871,61.5199675764167,28.0129628289194,20.0372771418671,0.61154719882179,15,16.8034902210956,0.7,0.740661354808654,10,7.57177240975881,0.9,0.933267581871878,0.15243401712745,0,4.18638224857995,0.337867164520118,2018-05-03,"OBSV_1247"
"Tree_B","Insect_A","Fungi_4","SITE_0001",2021,986,19.619489639641,59.0482216948267,20.7856709602822,17.3871701427079,0.934911935543641,15,19.5270996771721,0.7,0.727651061273214,18,16.3859562220029,0.5,0.626888655461056,0.0159960544965427,0,5.52903721613058,0.246655803851297,2021-08-06,"OBSV_1607"
"Tree_B","Insect_C","Fungi_3","SITE_0009",2018,987,19.357948398191,58.9966826834752,18.9594311495977,14.6773449442126,0.57174079073593,18,18.2529187673694,0.5,0.292774447341321,10,11.1956662556011,0.9,0.833554979385505,0.237419759134152,0,13.6828880064296,0.534728947164536,2018-07-14,"OBSV_1751"
"Tree_C","Insect_A","Fungi_4","SITE_0011",2021,988,13.5893839563307,65.5691806174727,83.7552045255019,58.3910738560228,0.370034154132009,15,17.6213234755641,0.7,0.528204164884126,18,21.2198409726427,0.5,0.215958928388815,0.0904072893849468,0,8.38631493355914,0.0910011414389582,2021-04-28,"OBSV_1623"
"Tree_C","Insect_E","Fungi_3","SITE_0015",2019,989,13.9844927315861,30,18.3131815660648,11.1343904124533,0.376060001947917,14,13.4766222842132,0.6,0.532159685093982,10,3.05367664320005,0.9,0.851755471433667,0.0751932275554328,0,6.30065207115965,0.806591757522129,2019-05-26,"OBSV_1821"
"Tree_C","Insect_E","Fungi_4","SITE_0003",2020,990,-9.54167892000046,80.8827645220611,12.2255548086928,6.91152673913809,0.921781444340013,14,7.74706738802566,0.6,0.488990220183078,18,27.3039601077461,0.5,0.240949738780421,0,0,3.49273015344963,0.761634966453139,2020-06-07,"OBSV_1336"
"Tree_B","Insect_E","Fungi_3","SITE_0009",2018,991,8.25919672862226,79.0002459444662,28.0368415964912,17.6651917701953,0.785159255145118,14,11.5709033164927,0.6,0.765933840177976,10,11.4751856876593,0.9,0.87722198531627,0.227191366550417,0,2.2021745184022,1.26756222274547,2018-07-23,"OBSV_1374"
"Tree_B","Insect_B","Fungi_2","SITE_0010",2023,992,12.7067456494024,50.0995471865441,6.60113584198482,7.15761766383483,0.637055872543715,12,11.9588075376789,0.9,0.86385293456362,15,8.94707816860775,0.6,0.654198590241363,0.0868519256808042,0,0.79687653995204,0.218114977618865,2023-05-09,"OBSV_1398"
"Tree_D","Insect_A","Fungi_4","SITE_0004",2020,993,8.21218286305002,81.1272999665041,14.6257767578819,10.7738492648561,0.563425937877037,15,10.4055263901452,0.7,0.733780711440244,18,28.0561903131128,0.5,0.397512990556192,0.158615613299995,0,2.62122739996274,0.329322297307064,2020-07-10,"OBSV_1251"
"Tree_D","Insect_A","Fungi_3","SITE_0014",2018,994,9.95054012832506,51.5777664443429,44.6220153123969,31.8131999745024,0.6444101665169,15,13.8330813029085,0.7,0.650013446725036,10,10.1826865267248,0.9,0.83093498614551,0.305263999129054,1,5.383090452926,0.164186509462732,2018-07-01,"OBSV_1916"
"Tree_C","Insect_A","Fungi_1","SITE_0004",2022,995,-4.64845264336314,69.9847344109881,25.6330775655354,13.590989374955,0.68723453048151,15,9.99913398591066,0.7,0.625920631122061,12,17.9698735448201,0.8,0.469934713489959,0.250492275265203,0,4.01018537199878,0.913876859532204,2022-08-24,"OBSV_1902"
"Tree_C","Insect_C","Fungi_1","SITE_0011",2023,996,17.9867665861306,81.6546530882766,27.2885177658786,18.0539525259127,0.621041646716185,18,17.3972152134812,0.5,0.570759465544735,12,21.0403608170476,0.8,0.810736730145596,0.0707690991316289,0,7.89973424574969,0.594203592953992,2023-06-19,"OBSV_1615"
"Tree_E","Insect_A","Fungi_4","SITE_0013",2021,997,16.4780500636204,93.2469333240447,44.4509758279965,31.5572879520517,0.891518873721361,15,15.8966556161417,0.7,0.742923186774935,18,36.3794973976748,0.5,0.565159293685318,0.197358178560361,0,4.61524504864187,2.53574967026649,2021-06-26,"OBSV_1219"
"Tree_A","Insect_D","Fungi_4","SITE_0009",2019,998,6.94224014519472,70.1342601299987,27.0445800529271,20.506452484285,0.511981725227088,10,9.9746219823937,0.8,0.851270885148252,18,21.6964560324757,0.5,0.441235631764819,0.0525814217387102,0,2.32409102485155,0.353803276071346,2019-04-02,"OBSV_1035"
"Tree_D","Insect_C","Fungi_4","SITE_0013",2020,999,3.01800588502341,30,17.5013573084048,11.6913588533576,0.367695358907804,18,16.9123888243806,0.5,0.423806560778791,18,5.3763735243604,0.5,0.321418157994109,0,0,9.4285098662778,0.249722861783199,2020-05-15,"OBSV_1973"
"Tree_E","Insect_D","Fungi_1","SITE_0004",2018,1000,11.4368842162769,71.8954041360572,39.3945657940287,26.9845696681483,0.96289685734082,10,8.61939899725005,0.8,0.685484178912649,12,20.7913221075446,0.8,0.719891934134939,0,0,2.77759721079892,0.76217745872952,2018-04-25,"OBSV_1523"
